date,market,symbol,open,high,low,close,volume,tradingValue,source,updatedAt
2023-10-05,kr,454910,59100,67600,46450,51400,23416071,nan,FinanceDataReader,2026-07-22T22:31:09
2023-10-06,kr,454910,49550,53400,49100,51800,6183396,0.0077821011673151474,FinanceDataReader,2026-07-22T22:31:09
2023-10-10,kr,454910,51200,51300,46300,46650,4693925,-0.09942084942084939,FinanceDataReader,2026-07-22T22:31:09
2023-10-11,kr,454910,47600,49100,45400,46900,3303330,0.005359056806002238,FinanceDataReader,2026-07-22T22:31:09
2023-10-12,kr,454910,47250,50200,46700,47800,4428666,0.019189765458422103,FinanceDataReader,2026-07-22T22:31:09
2023-10-13,kr,454910,47550,47600,45700,45750,1714981,-0.042887029288702916,FinanceDataReader,2026-07-22T22:31:09
2023-10-16,kr,454910,44650,44700,41300,41650,2296251,-0.08961748633879785,FinanceDataReader,2026-07-22T22:31:09
2023-10-17,kr,454910,42450,44050,42000,42400,2108796,0.01800720288115243,FinanceDataReader,2026-07-22T22:31:09
2023-10-18,kr,454910,42450,43500,41100,41100,1281198,-0.030660377358490587,FinanceDataReader,2026-07-22T22:31:09
2023-10-19,kr,454910,40750,40750,38150,38250,1320711,-0.06934306569343063,FinanceDataReader,2026-07-22T22:31:09
2023-10-20,kr,454910,37050,37400,35150,35500,1404496,-0.07189542483660127,FinanceDataReader,2026-07-22T22:31:09
2023-10-23,kr,454910,34900,37250,34800,36000,1123104,0.014084507042253502,FinanceDataReader,2026-07-22T22:31:09
2023-10-24,kr,454910,36650,37050,34650,36150,787565,0.004166666666666652,FinanceDataReader,2026-07-22T22:31:09
2023-10-25,kr,454910,36550,36600,35000,35100,504879,-0.02904564315352698,FinanceDataReader,2026-07-22T22:31:09
2023-10-26,kr,454910,33800,34350,33200,33250,644789,-0.05270655270655267,FinanceDataReader,2026-07-22T22:31:09
2023-10-27,kr,454910,33500,33650,32150,32300,608641,-0.02857142857142858,FinanceDataReader,2026-07-22T22:31:09
2023-10-30,kr,454910,32300,41950,32150,41150,8438127,0.27399380804953566,FinanceDataReader,2026-07-22T22:31:09
2023-10-31,kr,454910,40450,41000,36850,37250,3557781,-0.09477521263669497,FinanceDataReader,2026-07-22T22:31:09
2023-11-01,kr,454910,37250,42250,37250,40200,5184793,0.07919463087248313,FinanceDataReader,2026-07-22T22:31:09
2023-11-02,kr,454910,41000,43400,41000,41650,2616980,0.03606965174129351,FinanceDataReader,2026-07-22T22:31:09
2023-11-03,kr,454910,43100,46250,41550,44800,4902547,0.07563025210084029,FinanceDataReader,2026-07-22T22:31:09
2023-11-06,kr,454910,43900,48250,43350,46950,5550072,0.0479910714285714,FinanceDataReader,2026-07-22T22:31:09
2023-11-07,kr,454910,46950,47000,43800,46000,1823105,-0.020234291799786974,FinanceDataReader,2026-07-22T22:31:09
2023-11-08,kr,454910,45950,48350,44650,47100,2999389,0.023913043478260843,FinanceDataReader,2026-07-22T22:31:09
2023-11-09,kr,454910,46600,48500,45800,47100,1803648,0.0,FinanceDataReader,2026-07-22T22:31:09
2023-11-10,kr,454910,46250,47850,45950,46850,940634,-0.005307855626326963,FinanceDataReader,2026-07-22T22:31:09
2023-11-13,kr,454910,47600,48100,42850,43550,1527166,-0.07043756670224122,FinanceDataReader,2026-07-22T22:31:09
2023-11-14,kr,454910,43000,45250,42550,43400,1072622,-0.003444316877152742,FinanceDataReader,2026-07-22T22:31:09
2023-11-15,kr,454910,45100,48000,44150,46900,2827539,0.08064516129032251,FinanceDataReader,2026-07-22T22:31:09
2023-11-16,kr,454910,48500,51300,48250,51100,4587796,0.08955223880597019,FinanceDataReader,2026-07-22T22:31:09
2023-11-17,kr,454910,50500,52400,48300,51400,2847700,0.005870841487279899,FinanceDataReader,2026-07-22T22:31:09
2023-11-20,kr,454910,50800,61100,50200,58500,9112133,0.1381322957198443,FinanceDataReader,2026-07-22T22:31:09
2023-11-21,kr,454910,58200,60700,57300,59600,3954875,0.018803418803418737,FinanceDataReader,2026-07-22T22:31:09
2023-11-22,kr,454910,59600,69100,59300,63600,11265423,0.06711409395973145,FinanceDataReader,2026-07-22T22:31:09
2023-11-23,kr,454910,64000,69600,63100,64300,6850460,0.011006289308176154,FinanceDataReader,2026-07-22T22:31:09
2023-11-24,kr,454910,66500,75300,64700,74400,10028277,0.15707620528771393,FinanceDataReader,2026-07-22T22:31:09
2023-11-27,kr,454910,76700,89100,75100,80100,13405683,0.0766129032258065,FinanceDataReader,2026-07-22T22:31:09
2023-11-28,kr,454910,80100,82900,74700,81800,7395597,0.02122347066167296,FinanceDataReader,2026-07-22T22:31:09
2023-11-29,kr,454910,84600,94700,80900,82900,12924160,0.01344743276283622,FinanceDataReader,2026-07-22T22:31:09
2023-11-30,kr,454910,84000,92900,84000,92900,6996550,0.12062726176115812,FinanceDataReader,2026-07-22T22:31:09
2023-12-01,kr,454910,95100,97900,88000,88800,5690146,-0.04413347685683533,FinanceDataReader,2026-07-22T22:31:09
2023-12-04,kr,454910,84700,86300,78900,79900,3964221,-0.10022522522522526,FinanceDataReader,2026-07-22T22:31:09
2023-12-05,kr,454910,80900,86000,79000,81700,4298999,0.02252816020025028,FinanceDataReader,2026-07-22T22:31:09
2023-12-06,kr,454910,80100,89700,76900,89100,5607749,0.09057527539779686,FinanceDataReader,2026-07-22T22:31:09
2023-12-07,kr,454910,87200,90900,82100,82200,3144097,-0.07744107744107742,FinanceDataReader,2026-07-22T22:31:09
2023-12-08,kr,454910,84200,88900,83200,85300,3354779,0.03771289537712885,FinanceDataReader,2026-07-22T22:31:09
2023-12-11,kr,454910,87500,91700,87100,89300,3639528,0.04689331770222749,FinanceDataReader,2026-07-22T22:31:09
2023-12-12,kr,454910,90000,91200,86600,90100,2307460,0.008958566629339249,FinanceDataReader,2026-07-22T22:31:09
2023-12-13,kr,454910,88900,90100,85500,86100,1771931,-0.04439511653718087,FinanceDataReader,2026-07-22T22:31:09
2023-12-14,kr,454910,88500,89000,84600,86100,1720285,0.0,FinanceDataReader,2026-07-22T22:31:09
2023-12-15,kr,454910,87500,94900,87400,94500,5141163,0.09756097560975618,FinanceDataReader,2026-07-22T22:31:09
2023-12-18,kr,454910,93700,109400,92000,107800,8284618,0.14074074074074083,FinanceDataReader,2026-07-22T22:31:09
2023-12-19,kr,454910,108700,118400,103500,107800,6280674,0.0,FinanceDataReader,2026-07-22T22:31:09
2023-12-20,kr,454910,109400,122500,107600,121800,9221571,0.1298701298701299,FinanceDataReader,2026-07-22T22:31:09
2023-12-21,kr,454910,117700,124500,117000,119100,3570643,-0.022167487684729092,FinanceDataReader,2026-07-22T22:31:09
2023-12-22,kr,454910,120500,122600,110000,112300,2447432,-0.057094878253568404,FinanceDataReader,2026-07-22T22:31:09
2023-12-26,kr,454910,111300,117200,108000,112200,2481625,-0.0008904719501335867,FinanceDataReader,2026-07-22T22:31:09
2023-12-27,kr,454910,112000,114900,102900,108600,2784354,-0.03208556149732622,FinanceDataReader,2026-07-22T22:31:09
2023-12-28,kr,454910,109000,118500,108500,116100,3134713,0.06906077348066297,FinanceDataReader,2026-07-22T22:31:09
2024-01-02,kr,454910,116100,116800,111100,112800,1613732,-0.028423772609819098,FinanceDataReader,2026-07-22T22:31:09
2024-01-03,kr,454910,111000,115600,108200,108500,1534903,-0.03812056737588654,FinanceDataReader,2026-07-22T22:31:09
2024-01-04,kr,454910,107400,111600,106300,109200,1115910,0.006451612903225712,FinanceDataReader,2026-07-22T22:31:09
2024-01-05,kr,454910,100500,105400,98600,101800,4850465,-0.06776556776556775,FinanceDataReader,2026-07-22T22:31:09
2024-01-08,kr,454910,102300,106400,100900,103300,2439092,0.014734774066797574,FinanceDataReader,2026-07-22T22:31:09
2024-01-09,kr,454910,103500,104300,100500,102300,1255666,-0.009680542110358181,FinanceDataReader,2026-07-22T22:31:09
2024-01-10,kr,454910,101900,103300,98800,102500,1728941,0.0019550342130987275,FinanceDataReader,2026-07-22T22:31:09
2024-01-11,kr,454910,102400,103300,97300,97300,1709724,-0.050731707317073216,FinanceDataReader,2026-07-22T22:31:09
2024-01-12,kr,454910,96300,101200,96200,97400,1590124,0.0010277492291881352,FinanceDataReader,2026-07-22T22:31:09
2024-01-15,kr,454910,97300,101200,97100,97400,1206700,0.0,FinanceDataReader,2026-07-22T22:31:09
2024-01-16,kr,454910,98800,99700,92900,93300,1482088,-0.0420944558521561,FinanceDataReader,2026-07-22T22:31:09
2024-01-17,kr,454910,92700,94000,87800,89400,1783069,-0.04180064308681675,FinanceDataReader,2026-07-22T22:31:09
2024-01-18,kr,454910,89400,90400,85600,87100,1248032,-0.02572706935123048,FinanceDataReader,2026-07-22T22:31:09
2024-01-19,kr,454910,88200,89500,83600,85100,1428580,-0.02296211251435132,FinanceDataReader,2026-07-22T22:31:09
2024-01-22,kr,454910,86300,86600,82500,83000,1079760,-0.024676850763807323,FinanceDataReader,2026-07-22T22:31:09
2024-01-23,kr,454910,82100,83900,80200,80700,1156317,-0.027710843373493943,FinanceDataReader,2026-07-22T22:31:09
2024-01-24,kr,454910,80300,84600,80000,81000,1463486,0.0037174721189590088,FinanceDataReader,2026-07-22T22:31:09
2024-01-25,kr,454910,81700,82400,77000,77900,1360325,-0.03827160493827164,FinanceDataReader,2026-07-22T22:31:09
2024-01-26,kr,454910,76700,78200,75900,76300,1027653,-0.020539152759948665,FinanceDataReader,2026-07-22T22:31:09
2024-01-29,kr,454910,76300,77200,71800,73600,1219919,-0.035386631716906924,FinanceDataReader,2026-07-22T22:31:09
2024-01-30,kr,454910,73700,76800,71000,72000,1268517,-0.021739130434782594,FinanceDataReader,2026-07-22T22:31:09
2024-01-31,kr,454910,70500,72000,68700,68700,1073342,-0.04583333333333328,FinanceDataReader,2026-07-22T22:31:09
2024-02-01,kr,454910,69700,72900,67300,72400,1439444,0.05385735080058218,FinanceDataReader,2026-07-22T22:31:09
2024-02-02,kr,454910,72700,73700,70500,70800,1199105,-0.02209944751381221,FinanceDataReader,2026-07-22T22:31:09
2024-02-05,kr,454910,71200,74700,70600,71400,1394619,0.008474576271186418,FinanceDataReader,2026-07-22T22:31:09
2024-02-06,kr,454910,71500,74000,69500,73100,1302094,0.023809523809523725,FinanceDataReader,2026-07-22T22:31:09
2024-02-07,kr,454910,73300,74900,72200,73500,1053738,0.00547195622435015,FinanceDataReader,2026-07-22T22:31:09
2024-02-08,kr,454910,76000,77100,73500,74600,1754935,0.014965986394557929,FinanceDataReader,2026-07-22T22:31:09
2024-02-13,kr,454910,74300,78100,72900,77000,1584952,0.03217158176943702,FinanceDataReader,2026-07-22T22:31:09
2024-02-14,kr,454910,75800,85000,74800,82800,5594159,0.07532467532467524,FinanceDataReader,2026-07-22T22:31:09
2024-02-15,kr,454910,84700,86300,82200,83700,2119903,0.010869565217391353,FinanceDataReader,2026-07-22T22:31:09
2024-02-16,kr,454910,84300,84700,80700,81100,1083118,-0.031063321385902065,FinanceDataReader,2026-07-22T22:31:09
2024-02-19,kr,454910,80200,81000,78600,79800,769905,-0.01602959309494456,FinanceDataReader,2026-07-22T22:31:09
2024-02-20,kr,454910,79200,81700,79000,79300,681567,-0.006265664160400974,FinanceDataReader,2026-07-22T22:31:09
2024-02-21,kr,454910,79300,79900,77500,77500,726328,-0.022698612862547263,FinanceDataReader,2026-07-22T22:31:09
2024-02-22,kr,454910,78300,81300,77800,81300,896428,0.049032258064516165,FinanceDataReader,2026-07-22T22:31:09
2024-02-23,kr,454910,81700,81900,78600,79100,675188,-0.027060270602705994,FinanceDataReader,2026-07-22T22:31:09
2024-02-26,kr,454910,79200,80100,77700,77800,446576,-0.01643489254108721,FinanceDataReader,2026-07-22T22:31:09
2024-02-27,kr,454910,77800,78400,74800,76300,710785,-0.019280205655527016,FinanceDataReader,2026-07-22T22:31:09
2024-02-28,kr,454910,76700,77000,74500,74800,529010,-0.019659239842726106,FinanceDataReader,2026-07-22T22:31:09
2024-02-29,kr,454910,74200,75200,73300,73900,413940,-0.012032085561497374,FinanceDataReader,2026-07-22T22:31:09
2024-03-04,kr,454910,74400,78900,74200,78600,983058,0.06359945872801087,FinanceDataReader,2026-07-22T22:31:09
2024-03-05,kr,454910,79200,81400,77300,78200,982034,-0.0050890585241730735,FinanceDataReader,2026-07-22T22:31:09
2024-03-06,kr,454910,77300,80700,77100,80700,884488,0.03196930946291565,FinanceDataReader,2026-07-22T22:31:09
2024-03-07,kr,454910,81200,81200,78500,79400,588315,-0.01610904584882278,FinanceDataReader,2026-07-22T22:31:09
2024-03-08,kr,454910,80000,82600,78800,82400,1350194,0.037783375314861534,FinanceDataReader,2026-07-22T22:31:09
2024-03-11,kr,454910,82700,89800,81100,89000,3076098,0.08009708737864085,FinanceDataReader,2026-07-22T22:31:09
2024-03-12,kr,454910,89000,89100,85200,85900,1285963,-0.03483146067415732,FinanceDataReader,2026-07-22T22:31:09
2024-03-13,kr,454910,87000,91000,85900,89900,2316217,0.046565774155995276,FinanceDataReader,2026-07-22T22:31:09
2024-03-14,kr,454910,90000,94500,89700,92000,2734007,0.023359288097886566,FinanceDataReader,2026-07-22T22:31:09
2024-03-15,kr,454910,91000,94000,87100,87100,1656276,-0.05326086956521736,FinanceDataReader,2026-07-22T22:31:09
2024-03-18,kr,454910,87800,93400,87800,93000,1489518,0.0677382319173363,FinanceDataReader,2026-07-22T22:31:09
2024-03-19,kr,454910,93800,95900,91600,93800,1880240,0.008602150537634357,FinanceDataReader,2026-07-22T22:31:09
2024-03-20,kr,454910,95000,95600,92200,93500,842807,-0.0031982942430703876,FinanceDataReader,2026-07-22T22:31:09
2024-03-21,kr,454910,94300,94300,90400,91800,996214,-0.018181818181818188,FinanceDataReader,2026-07-22T22:31:09
2024-03-22,kr,454910,93000,95800,91300,92100,1549792,0.0032679738562091387,FinanceDataReader,2026-07-22T22:31:09
2024-03-25,kr,454910,92400,92800,88900,90900,750748,-0.013029315960912058,FinanceDataReader,2026-07-22T22:31:09
2024-03-26,kr,454910,92000,93100,89800,90900,873997,0.0,FinanceDataReader,2026-07-22T22:31:09
2024-03-27,kr,454910,90800,91300,89100,89400,524637,-0.01650165016501648,FinanceDataReader,2026-07-22T22:31:09
2024-03-28,kr,454910,89700,90000,87500,88300,584177,-0.01230425055928408,FinanceDataReader,2026-07-22T22:31:09
2024-03-29,kr,454910,88300,91700,88100,88200,870668,-0.0011325028312570984,FinanceDataReader,2026-07-22T22:31:09
2024-04-01,kr,454910,88500,88800,84900,84900,938867,-0.0374149659863946,FinanceDataReader,2026-07-22T22:31:09
2024-04-02,kr,454910,84000,84200,81500,81700,700547,-0.03769140164899887,FinanceDataReader,2026-07-22T22:31:09
2024-04-03,kr,454910,81000,83300,79600,81200,550737,-0.006119951040391647,FinanceDataReader,2026-07-22T22:31:09
2024-04-04,kr,454910,82200,82500,80100,80400,372746,-0.009852216748768461,FinanceDataReader,2026-07-22T22:31:09
2024-04-05,kr,454910,75600,78000,74300,74700,2126072,-0.07089552238805974,FinanceDataReader,2026-07-22T22:31:09
2024-04-08,kr,454910,75000,77000,74500,74600,813921,-0.0013386880856760541,FinanceDataReader,2026-07-22T22:31:09
2024-04-09,kr,454910,74700,75600,72500,73000,588823,-0.02144772117962468,FinanceDataReader,2026-07-22T22:31:09
2024-04-11,kr,454910,72300,73700,70900,73300,332616,0.004109589041095818,FinanceDataReader,2026-07-22T22:31:09
2024-04-12,kr,454910,73800,77500,72800,76900,757684,0.049113233287858105,FinanceDataReader,2026-07-22T22:31:09
2024-04-15,kr,454910,75400,75500,73900,74600,376466,-0.02990897269180759,FinanceDataReader,2026-07-22T22:31:09
2024-04-16,kr,454910,73400,73800,70200,70500,651824,-0.05495978552278824,FinanceDataReader,2026-07-22T22:31:09
2024-04-17,kr,454910,70600,73500,70500,71100,464937,0.008510638297872353,FinanceDataReader,2026-07-22T22:31:09
2024-04-18,kr,454910,71100,72800,71100,72700,232010,0.02250351617440227,FinanceDataReader,2026-07-22T22:31:09
2024-04-19,kr,454910,72400,72400,69100,70600,484246,-0.028885832187070193,FinanceDataReader,2026-07-22T22:31:09
2024-04-22,kr,454910,71000,72500,71000,72200,268274,0.022662889518413554,FinanceDataReader,2026-07-22T22:31:09
2024-04-23,kr,454910,72900,73700,71800,71800,231306,-0.005540166204986097,FinanceDataReader,2026-07-22T22:31:09
2024-04-24,kr,454910,72900,73500,72200,73400,265690,0.022284122562674202,FinanceDataReader,2026-07-22T22:31:09
2024-04-25,kr,454910,72600,74300,71600,72200,254875,-0.016348773841961872,FinanceDataReader,2026-07-22T22:31:09
2024-04-26,kr,454910,73200,73200,71500,71800,208337,-0.005540166204986097,FinanceDataReader,2026-07-22T22:31:09
2024-04-29,kr,454910,72900,73200,71800,73000,226367,0.01671309192200554,FinanceDataReader,2026-07-22T22:31:09
2024-04-30,kr,454910,73100,74400,71800,72000,385576,-0.013698630136986356,FinanceDataReader,2026-07-22T22:31:09
2024-05-02,kr,454910,72400,73000,71800,72800,171081,0.011111111111111072,FinanceDataReader,2026-07-22T22:31:09
2024-05-03,kr,454910,73200,76000,72800,75300,609888,0.03434065934065944,FinanceDataReader,2026-07-22T22:31:09
2024-05-07,kr,454910,75800,76800,74700,76200,447128,0.01195219123505975,FinanceDataReader,2026-07-22T22:31:09
2024-05-08,kr,454910,76400,76600,74500,75000,278452,-0.015748031496062964,FinanceDataReader,2026-07-22T22:31:09
2024-05-09,kr,454910,73000,73400,71600,72300,443304,-0.03600000000000003,FinanceDataReader,2026-07-22T22:31:09
2024-05-10,kr,454910,73600,75600,73200,73800,529203,0.020746887966804906,FinanceDataReader,2026-07-22T22:31:09
2024-05-13,kr,454910,73700,75400,72600,73000,277581,-0.010840108401083959,FinanceDataReader,2026-07-22T22:31:09
2024-05-14,kr,454910,72700,73100,72000,72800,205446,-0.002739726027397249,FinanceDataReader,2026-07-22T22:31:09
2024-05-16,kr,454910,73600,73700,72800,73200,238232,0.005494505494505475,FinanceDataReader,2026-07-22T22:31:09
2024-05-17,kr,454910,73100,73100,72100,72400,170703,-0.010928961748633892,FinanceDataReader,2026-07-22T22:31:09
2024-05-20,kr,454910,72400,73800,71500,73700,271680,0.017955801104972302,FinanceDataReader,2026-07-22T22:31:09
2024-05-21,kr,454910,74200,74200,72300,72300,209262,-0.018995929443690662,FinanceDataReader,2026-07-22T22:31:09
2024-05-22,kr,454910,72500,74500,72300,73700,276751,0.019363762102351245,FinanceDataReader,2026-07-22T22:31:09
2024-05-23,kr,454910,73400,73500,72200,72700,160158,-0.013568521031207648,FinanceDataReader,2026-07-22T22:31:09
2024-05-24,kr,454910,72100,72300,71500,71600,190904,-0.015130674002751032,FinanceDataReader,2026-07-22T22:31:09
2024-05-27,kr,454910,72100,74400,71900,73800,317014,0.030726256983240274,FinanceDataReader,2026-07-22T22:31:09
2024-05-28,kr,454910,73800,75400,73000,74300,378199,0.006775067750677488,FinanceDataReader,2026-07-22T22:31:09
2024-05-29,kr,454910,74400,75000,73100,73800,262283,-0.006729475100942128,FinanceDataReader,2026-07-22T22:31:09
2024-05-30,kr,454910,73800,74300,72400,73700,205903,-0.0013550135501354532,FinanceDataReader,2026-07-22T22:31:09
2024-05-31,kr,454910,73900,74300,72200,72400,235270,-0.01763907734056991,FinanceDataReader,2026-07-22T22:31:09
2024-06-03,kr,454910,72500,74300,72200,74100,276275,0.023480662983425438,FinanceDataReader,2026-07-22T22:31:09
2024-06-04,kr,454910,74100,75200,73500,74200,277652,0.0013495276653170407,FinanceDataReader,2026-07-22T22:31:09
2024-06-05,kr,454910,74900,75800,73600,75400,354320,0.016172506738544534,FinanceDataReader,2026-07-22T22:31:09
2024-06-07,kr,454910,75900,76800,74300,76000,352992,0.007957559681697646,FinanceDataReader,2026-07-22T22:31:09
2024-06-10,kr,454910,76000,77300,74200,76200,415583,0.002631578947368318,FinanceDataReader,2026-07-22T22:31:09
2024-06-11,kr,454910,76200,81300,76000,80600,1990618,0.05774278215223094,FinanceDataReader,2026-07-22T22:31:09
2024-06-12,kr,454910,81900,90800,81600,86200,5572168,0.0694789081885856,FinanceDataReader,2026-07-22T22:31:09
2024-06-13,kr,454910,86900,88400,84300,85000,2209722,-0.0139211136890951,FinanceDataReader,2026-07-22T22:31:09
2024-06-14,kr,454910,85900,88400,84200,87600,1542727,0.030588235294117583,FinanceDataReader,2026-07-22T22:31:09
2024-06-17,kr,454910,87200,87600,82200,84200,910262,-0.038812785388127824,FinanceDataReader,2026-07-22T22:31:09
2024-06-18,kr,454910,84700,86200,84500,84900,501587,0.008313539192398967,FinanceDataReader,2026-07-22T22:31:09
2024-06-19,kr,454910,84900,84900,78200,78700,1331954,-0.07302709069493518,FinanceDataReader,2026-07-22T22:31:09
2024-06-20,kr,454910,78700,80400,77100,77300,614823,-0.017789072426937724,FinanceDataReader,2026-07-22T22:31:09
2024-06-21,kr,454910,77300,81700,76700,81700,1832642,0.056921086675291166,FinanceDataReader,2026-07-22T22:31:09
2024-06-24,kr,454910,81100,81300,79300,79300,307260,-0.02937576499388006,FinanceDataReader,2026-07-22T22:31:09
2024-06-25,kr,454910,79500,80800,78800,79900,249045,0.007566204287515754,FinanceDataReader,2026-07-22T22:31:09
2024-06-26,kr,454910,79900,81900,79400,81800,393832,0.02377972465581979,FinanceDataReader,2026-07-22T22:31:09
2024-06-27,kr,454910,82000,82000,80000,80000,248422,-0.022004889975550168,FinanceDataReader,2026-07-22T22:31:09
2024-06-28,kr,454910,80500,80600,79400,79900,189321,-0.0012499999999999734,FinanceDataReader,2026-07-22T22:31:09
2024-07-01,kr,454910,80000,80000,77700,77700,322525,-0.027534418022528206,FinanceDataReader,2026-07-22T22:31:09
2024-07-02,kr,454910,77200,78400,75600,75900,268303,-0.02316602316602312,FinanceDataReader,2026-07-22T22:31:09
2024-07-03,kr,454910,76200,77300,76000,76000,149034,0.0013175230566535578,FinanceDataReader,2026-07-22T22:31:09
2024-07-04,kr,454910,76000,76600,73700,74400,382530,-0.021052631578947323,FinanceDataReader,2026-07-22T22:31:09
2024-07-05,kr,454910,75300,78700,75100,76200,442370,0.024193548387096753,FinanceDataReader,2026-07-22T22:31:09
2024-07-08,kr,454910,76700,79600,76200,79100,354295,0.03805774278215224,FinanceDataReader,2026-07-22T22:31:09
2024-07-09,kr,454910,79600,79600,77900,79100,211347,0.0,FinanceDataReader,2026-07-22T22:31:09
2024-07-10,kr,454910,79600,80000,77500,80000,330258,0.011378002528444897,FinanceDataReader,2026-07-22T22:31:09
2024-07-11,kr,454910,81500,86200,81100,85300,2032864,0.06624999999999992,FinanceDataReader,2026-07-22T22:31:09
2024-07-12,kr,454910,95000,109300,92200,105700,15292160,0.23915592028136,FinanceDataReader,2026-07-22T22:31:09
2024-07-15,kr,454910,103600,106600,91300,93500,6775638,-0.11542100283822143,FinanceDataReader,2026-07-22T22:31:09
2024-07-16,kr,454910,93000,96400,87400,89700,4346120,-0.04064171122994653,FinanceDataReader,2026-07-22T22:31:09
2024-07-17,kr,454910,88800,90800,85000,85100,2025165,-0.05128205128205132,FinanceDataReader,2026-07-22T22:31:09
2024-07-18,kr,454910,86300,87200,80800,81700,1967603,-0.0399529964747356,FinanceDataReader,2026-07-22T22:31:09
2024-07-19,kr,454910,81400,86000,80900,83900,1721816,0.02692778457772338,FinanceDataReader,2026-07-22T22:31:09
2024-07-22,kr,454910,83400,83500,79700,79700,910491,-0.05005959475566146,FinanceDataReader,2026-07-22T22:31:09
2024-07-23,kr,454910,80500,85600,80500,83500,1677478,0.04767879548306153,FinanceDataReader,2026-07-22T22:31:09
2024-07-24,kr,454910,82500,84400,79500,79800,986067,-0.04431137724550893,FinanceDataReader,2026-07-22T22:31:09
2024-07-25,kr,454910,75100,76400,72700,73400,1575540,-0.08020050125313283,FinanceDataReader,2026-07-22T22:31:09
2024-07-26,kr,454910,73200,75100,72000,72700,628556,-0.009536784741144388,FinanceDataReader,2026-07-22T22:31:09
2024-07-29,kr,454910,72200,73300,71000,72100,439070,-0.008253094910591452,FinanceDataReader,2026-07-22T22:31:09
2024-07-30,kr,454910,72100,73400,71500,71800,349168,-0.004160887656033285,FinanceDataReader,2026-07-22T22:31:09
2024-07-31,kr,454910,71500,73200,71100,71200,353824,-0.00835654596100277,FinanceDataReader,2026-07-22T22:31:09
2024-08-01,kr,454910,71500,73400,71300,72900,296058,0.023876404494381998,FinanceDataReader,2026-07-22T22:31:09
2024-08-02,kr,454910,72100,72100,68800,69000,514519,-0.053497942386831254,FinanceDataReader,2026-07-22T22:31:09
2024-08-05,kr,454910,66600,66700,53900,59300,919934,-0.14057971014492754,FinanceDataReader,2026-07-22T22:31:09
2024-08-06,kr,454910,59700,64400,59500,63400,590770,0.06913996627318708,FinanceDataReader,2026-07-22T22:31:09
2024-08-07,kr,454910,63400,66000,63100,64800,358852,0.02208201892744488,FinanceDataReader,2026-07-22T22:31:09
2024-08-08,kr,454910,63000,65400,62400,65000,219247,0.0030864197530864335,FinanceDataReader,2026-07-22T22:31:09
2024-08-09,kr,454910,66000,66700,64800,64900,252919,-0.0015384615384614886,FinanceDataReader,2026-07-22T22:31:09
2024-08-12,kr,454910,64900,68200,64600,67300,320945,0.036979969183358996,FinanceDataReader,2026-07-22T22:31:09
2024-08-13,kr,454910,67500,69400,65500,66000,308209,-0.019316493313521588,FinanceDataReader,2026-07-22T22:31:09
2024-08-14,kr,454910,66900,67000,65500,66500,204164,0.007575757575757569,FinanceDataReader,2026-07-22T22:31:09
2024-08-16,kr,454910,67400,68800,67000,68500,292342,0.03007518796992481,FinanceDataReader,2026-07-22T22:31:09
2024-08-19,kr,454910,68700,69000,67300,67300,170866,-0.017518248175182438,FinanceDataReader,2026-07-22T22:31:09
2024-08-20,kr,454910,67900,68900,67500,68000,161346,0.010401188707280795,FinanceDataReader,2026-07-22T22:31:09
2024-08-21,kr,454910,67200,69400,66400,68700,226955,0.010294117647058787,FinanceDataReader,2026-07-22T22:31:09
2024-08-22,kr,454910,68700,68900,67100,67200,145541,-0.02183406113537123,FinanceDataReader,2026-07-22T22:31:09
2024-08-23,kr,454910,66100,67000,65500,66600,127443,-0.008928571428571397,FinanceDataReader,2026-07-22T22:31:09
2024-08-26,kr,454910,67000,67000,65300,65500,171957,-0.016516516516516533,FinanceDataReader,2026-07-22T22:31:09
2024-08-27,kr,454910,64800,69200,64400,68300,309553,0.04274809160305337,FinanceDataReader,2026-07-22T22:31:09
2024-08-28,kr,454910,68000,68200,65800,66100,232581,-0.03221083455344065,FinanceDataReader,2026-07-22T22:31:09
2024-08-29,kr,454910,65000,73600,64900,69300,1359963,0.04841149773071107,FinanceDataReader,2026-07-22T22:31:09
2024-08-30,kr,454910,70500,72600,68700,70400,641332,0.015873015873015817,FinanceDataReader,2026-07-22T22:31:09
2024-09-02,kr,454910,69700,70100,68200,68400,242105,-0.02840909090909094,FinanceDataReader,2026-07-22T22:31:09
2024-09-03,kr,454910,68400,69000,66800,66900,173598,-0.021929824561403466,FinanceDataReader,2026-07-22T22:31:09
2024-09-04,kr,454910,63800,66600,63600,65400,246155,-0.022421524663677084,FinanceDataReader,2026-07-22T22:31:09
2024-09-05,kr,454910,65400,66300,63500,64000,171386,-0.021406727828746197,FinanceDataReader,2026-07-22T22:31:09
2024-09-06,kr,454910,63900,65400,61900,63600,200565,-0.006249999999999978,FinanceDataReader,2026-07-22T22:31:09
2024-09-09,kr,454910,61200,64200,61200,63900,128814,0.004716981132075526,FinanceDataReader,2026-07-22T22:31:09
2024-09-10,kr,454910,64400,64600,63300,63900,104821,0.0,FinanceDataReader,2026-07-22T22:31:09
2024-09-11,kr,454910,63900,66200,63800,64200,126966,0.0046948356807512415,FinanceDataReader,2026-07-22T22:31:09
2024-09-12,kr,454910,64500,67100,64500,66800,221166,0.04049844236760114,FinanceDataReader,2026-07-22T22:31:09
2024-09-13,kr,454910,66500,67200,65800,66300,133428,-0.007485029940119792,FinanceDataReader,2026-07-22T22:31:09
2024-09-19,kr,454910,66800,67000,65500,65900,173068,-0.006033182503770718,FinanceDataReader,2026-07-22T22:31:09
2024-09-20,kr,454910,66500,66600,64700,65900,337332,0.0,FinanceDataReader,2026-07-22T22:31:09
2024-09-23,kr,454910,65900,66600,65000,65300,129630,-0.009104704097116834,FinanceDataReader,2026-07-22T22:31:09
2024-09-24,kr,454910,65400,65600,64500,65100,136467,-0.003062787136294043,FinanceDataReader,2026-07-22T22:31:09
2024-09-25,kr,454910,65500,66400,64400,64600,177912,-0.007680491551459334,FinanceDataReader,2026-07-22T22:31:09
2024-09-26,kr,454910,65200,67800,64900,67800,293353,0.049535603715170184,FinanceDataReader,2026-07-22T22:31:09
2024-09-27,kr,454910,67700,67700,66200,66300,164025,-0.02212389380530977,FinanceDataReader,2026-07-22T22:31:09
2024-09-30,kr,454910,66500,68200,63700,63700,351148,-0.039215686274509776,FinanceDataReader,2026-07-22T22:31:09
2024-10-02,kr,454910,62100,63300,61800,62000,163860,-0.026687598116169498,FinanceDataReader,2026-07-22T22:31:09
2024-10-04,kr,454910,62000,62800,61900,62000,111631,0.0,FinanceDataReader,2026-07-22T22:31:09
2024-10-07,kr,454910,58400,63000,58400,63000,439396,0.016129032258064502,FinanceDataReader,2026-07-22T22:31:09
2024-10-08,kr,454910,62400,62600,61500,62000,143760,-0.015873015873015928,FinanceDataReader,2026-07-22T22:31:09
2024-10-10,kr,454910,62600,62700,61200,61500,113470,-0.008064516129032251,FinanceDataReader,2026-07-22T22:31:09
2024-10-11,kr,454910,61500,62700,61300,61400,143449,-0.001626016260162566,FinanceDataReader,2026-07-22T22:31:09
2024-10-14,kr,454910,61800,62800,61400,61800,100144,0.006514657980456029,FinanceDataReader,2026-07-22T22:31:09
2024-10-15,kr,454910,62200,62800,61500,61500,118804,-0.004854368932038833,FinanceDataReader,2026-07-22T22:31:09
2024-10-16,kr,454910,61000,61300,60100,60300,163795,-0.019512195121951237,FinanceDataReader,2026-07-22T22:31:09
2024-10-17,kr,454910,60400,62800,60300,62000,204187,0.028192371475953548,FinanceDataReader,2026-07-22T22:31:09
2024-10-18,kr,454910,62500,66500,61700,65200,737987,0.05161290322580636,FinanceDataReader,2026-07-22T22:31:09
2024-10-21,kr,454910,66000,78200,66000,71600,3894355,0.09815950920245409,FinanceDataReader,2026-07-22T22:31:09
2024-10-22,kr,454910,70800,71900,66600,67900,917081,-0.0516759776536313,FinanceDataReader,2026-07-22T22:31:09
2024-10-23,kr,454910,67500,68800,66000,66700,380963,-0.0176730486008837,FinanceDataReader,2026-07-22T22:31:09
2024-10-24,kr,454910,66000,66200,64000,65800,326242,-0.013493253373313308,FinanceDataReader,2026-07-22T22:31:09
2024-10-25,kr,454910,65800,67000,65000,66200,238437,0.006079027355623046,FinanceDataReader,2026-07-22T22:31:09
2024-10-28,kr,454910,66500,69500,66500,68300,409128,0.031722054380664666,FinanceDataReader,2026-07-22T22:31:09
2024-10-29,kr,454910,68400,70200,67700,70200,320680,0.027818448023426035,FinanceDataReader,2026-07-22T22:31:09
2024-10-30,kr,454910,70600,71300,69300,69700,297757,-0.007122507122507171,FinanceDataReader,2026-07-22T22:31:09
2024-10-31,kr,454910,68600,70300,67300,70200,257163,0.007173601147776099,FinanceDataReader,2026-07-22T22:31:09
2024-11-01,kr,454910,69000,71600,67600,68700,261235,-0.021367521367521403,FinanceDataReader,2026-07-22T22:31:09
2024-11-04,kr,454910,68400,69200,67600,68900,136178,0.0029112081513829047,FinanceDataReader,2026-07-22T22:31:09
2024-11-05,kr,454910,68700,71000,67900,70000,187319,0.0159651669085632,FinanceDataReader,2026-07-22T22:31:09
2024-11-06,kr,454910,70000,70500,66200,67300,284239,-0.03857142857142859,FinanceDataReader,2026-07-22T22:31:09
2024-11-07,kr,454910,66800,68600,64100,68100,274309,0.011887072808320909,FinanceDataReader,2026-07-22T22:31:09
2024-11-08,kr,454910,67700,68300,66400,67400,167602,-0.01027900146842875,FinanceDataReader,2026-07-22T22:31:09
2024-11-11,kr,454910,68400,71000,66700,66700,401152,-0.010385756676557834,FinanceDataReader,2026-07-22T22:31:09
2024-11-12,kr,454910,66700,69400,65000,65000,342465,-0.025487256371814038,FinanceDataReader,2026-07-22T22:31:09
2024-11-13,kr,454910,64000,65000,60900,60900,304828,-0.06307692307692303,FinanceDataReader,2026-07-22T22:31:09
2024-11-14,kr,454910,60900,62900,60600,60800,244873,-0.0016420361247947435,FinanceDataReader,2026-07-22T22:31:09
2024-11-15,kr,454910,60800,64500,60800,64200,227228,0.05592105263157898,FinanceDataReader,2026-07-22T22:31:09
2024-11-18,kr,454910,64300,68300,63400,66500,267265,0.03582554517133962,FinanceDataReader,2026-07-22T22:31:09
2024-11-19,kr,454910,67500,70700,66800,69200,550840,0.04060150375939853,FinanceDataReader,2026-07-22T22:31:09
2024-11-20,kr,454910,69300,69400,67500,69100,181098,-0.0014450867052022698,FinanceDataReader,2026-07-22T22:31:09
2024-11-21,kr,454910,69000,69600,67900,68800,188618,-0.00434153400868309,FinanceDataReader,2026-07-22T22:31:09
2024-11-22,kr,454910,73700,75500,69000,69400,1124603,0.008720930232558155,FinanceDataReader,2026-07-22T22:31:09
2024-11-25,kr,454910,69400,69700,68500,69500,274371,0.0014409221902016434,FinanceDataReader,2026-07-22T22:31:09
2024-11-26,kr,454910,69000,69200,67100,68300,237497,-0.01726618705035976,FinanceDataReader,2026-07-22T22:31:09
2024-11-27,kr,454910,67800,70600,67700,70500,356679,0.03221083455344065,FinanceDataReader,2026-07-22T22:31:09
2024-11-28,kr,454910,70900,71200,69600,69800,235220,-0.009929078014184411,FinanceDataReader,2026-07-22T22:31:09
2024-11-29,kr,454910,70000,70000,64300,64800,337196,-0.07163323782234954,FinanceDataReader,2026-07-22T22:31:09
2024-12-02,kr,454910,66800,67100,63400,64500,233398,-0.00462962962962965,FinanceDataReader,2026-07-22T22:31:09
2024-12-03,kr,454910,64500,65700,64000,65200,177885,0.010852713178294504,FinanceDataReader,2026-07-22T22:31:09
2024-12-04,kr,454910,63800,64900,62500,63300,247373,-0.02914110429447858,FinanceDataReader,2026-07-22T22:31:09
2024-12-05,kr,454910,63500,63700,61600,62200,200842,-0.017377567140600347,FinanceDataReader,2026-07-22T22:31:09
2024-12-06,kr,454910,61700,62600,58800,61200,246151,-0.01607717041800638,FinanceDataReader,2026-07-22T22:31:09
2024-12-09,kr,454910,60200,66200,55800,57400,1367513,-0.06209150326797386,FinanceDataReader,2026-07-22T22:31:09
2024-12-10,kr,454910,55000,56000,50200,52200,2421085,-0.09059233449477355,FinanceDataReader,2026-07-22T22:31:09
2024-12-11,kr,454910,52000,52700,50700,51200,793424,-0.019157088122605415,FinanceDataReader,2026-07-22T22:31:09
2024-12-12,kr,454910,51700,52600,51400,52300,524608,0.021484375,FinanceDataReader,2026-07-22T22:31:09
2024-12-13,kr,454910,52200,52700,51600,52300,410799,0.0,FinanceDataReader,2026-07-22T22:31:09
2024-12-16,kr,454910,52900,54000,52300,53300,430195,0.019120458891013437,FinanceDataReader,2026-07-22T22:31:09
2024-12-17,kr,454910,53700,53700,52200,52200,233404,-0.0206378986866792,FinanceDataReader,2026-07-22T22:31:09
2024-12-18,kr,454910,52800,53800,52600,52800,220146,0.011494252873563315,FinanceDataReader,2026-07-22T22:31:09
2024-12-19,kr,454910,51500,52400,51300,51700,204072,-0.02083333333333337,FinanceDataReader,2026-07-22T22:31:09
2024-12-20,kr,454910,51700,51900,49850,50700,337096,-0.01934235976789167,FinanceDataReader,2026-07-22T22:31:09
2024-12-23,kr,454910,50900,51100,49950,50800,161940,0.0019723865877712132,FinanceDataReader,2026-07-22T22:31:09
2024-12-24,kr,454910,51000,52500,50500,51400,305986,0.011811023622047223,FinanceDataReader,2026-07-22T22:31:09
2024-12-26,kr,454910,52300,54400,52100,52200,531957,0.015564202334630295,FinanceDataReader,2026-07-22T22:31:09
2024-12-27,kr,454910,52500,52800,50100,50700,260758,-0.028735632183908066,FinanceDataReader,2026-07-22T22:31:09
2024-12-30,kr,454910,50400,52800,50000,52300,306663,0.03155818540433919,FinanceDataReader,2026-07-22T22:31:09
2025-01-02,kr,454910,56600,67800,56200,67000,4171511,0.2810707456978967,FinanceDataReader,2026-07-22T22:31:09
2025-01-03,kr,454910,64600,66100,61100,65500,2275594,-0.02238805970149249,FinanceDataReader,2026-07-22T22:31:09
2025-01-06,kr,454910,67300,68600,63800,65200,1296996,-0.004580152671755711,FinanceDataReader,2026-07-22T22:31:09
2025-01-07,kr,454910,66900,67600,65500,65700,890102,0.0076687116564417845,FinanceDataReader,2026-07-22T22:31:09
2025-01-08,kr,454910,64900,65500,62600,63000,639841,-0.04109589041095896,FinanceDataReader,2026-07-22T22:31:09
2025-01-09,kr,454910,62500,64500,60600,64500,749634,0.023809523809523725,FinanceDataReader,2026-07-22T22:31:09
2025-01-10,kr,454910,64800,66300,63700,63800,500156,-0.010852713178294615,FinanceDataReader,2026-07-22T22:31:09
2025-01-13,kr,454910,63300,65600,63000,64100,415899,0.004702194357366851,FinanceDataReader,2026-07-22T22:31:09
2025-01-14,kr,454910,64900,65000,63600,64300,335743,0.0031201248049921304,FinanceDataReader,2026-07-22T22:31:09
2025-01-15,kr,454910,65000,66200,64100,64300,406695,0.0,FinanceDataReader,2026-07-22T22:31:09
2025-01-16,kr,454910,64900,66200,64500,65100,423803,0.012441679626749691,FinanceDataReader,2026-07-22T22:31:09
2025-01-17,kr,454910,65500,65500,64000,64900,328632,-0.003072196620583667,FinanceDataReader,2026-07-22T22:31:09
2025-01-20,kr,454910,65400,65800,64000,64500,296463,-0.006163328197226536,FinanceDataReader,2026-07-22T22:31:09
2025-01-21,kr,454910,65000,66700,64300,66100,655013,0.024806201550387597,FinanceDataReader,2026-07-22T22:31:09
2025-01-22,kr,454910,67100,67200,64900,66100,453588,0.0,FinanceDataReader,2026-07-22T22:31:09
2025-01-23,kr,454910,66200,66600,64000,64000,315287,-0.0317700453857791,FinanceDataReader,2026-07-22T22:31:09
2025-01-24,kr,454910,64200,65800,63600,65300,252166,0.020312499999999956,FinanceDataReader,2026-07-22T22:31:09
2025-01-31,kr,454910,65400,68100,64300,67000,785222,0.026033690658499253,FinanceDataReader,2026-07-22T22:31:09
2025-02-03,kr,454910,66000,67400,64000,64300,546476,-0.040298507462686595,FinanceDataReader,2026-07-22T22:31:09
2025-02-04,kr,454910,64800,73400,64700,71500,3131665,0.11197511664074655,FinanceDataReader,2026-07-22T22:31:09
2025-02-05,kr,454910,70900,72700,69800,71200,1430133,-0.004195804195804231,FinanceDataReader,2026-07-22T22:31:09
2025-02-06,kr,454910,72200,73000,68700,69100,1070267,-0.0294943820224719,FinanceDataReader,2026-07-22T22:31:09
2025-02-07,kr,454910,69700,72500,69100,69800,1026094,0.01013024602026058,FinanceDataReader,2026-07-22T22:31:09
2025-02-10,kr,454910,70000,73000,69200,69800,1141887,0.0,FinanceDataReader,2026-07-22T22:31:09
2025-02-11,kr,454910,69600,70200,68000,69100,541421,-0.01002865329512892,FinanceDataReader,2026-07-22T22:31:09
2025-02-12,kr,454910,68900,69100,67200,67500,412025,-0.02315484804630974,FinanceDataReader,2026-07-22T22:31:09
2025-02-13,kr,454910,67500,71400,67500,70700,806930,0.04740740740740734,FinanceDataReader,2026-07-22T22:31:09
2025-02-14,kr,454910,69700,70400,68600,69200,577548,-0.021216407355021172,FinanceDataReader,2026-07-22T22:31:09
2025-02-17,kr,454910,70000,70100,68200,69200,290810,0.0,FinanceDataReader,2026-07-22T22:31:09
2025-02-18,kr,454910,69800,77000,69100,76300,3720345,0.10260115606936426,FinanceDataReader,2026-07-22T22:31:09
2025-02-19,kr,454910,76000,76300,72800,74100,1262379,-0.028833551769331556,FinanceDataReader,2026-07-22T22:31:09
2025-02-20,kr,454910,73700,74900,70900,71300,715802,-0.037786774628879916,FinanceDataReader,2026-07-22T22:31:09
2025-02-21,kr,454910,70700,73000,70700,72000,423690,0.009817671809256634,FinanceDataReader,2026-07-22T22:31:09
2025-02-24,kr,454910,70100,71000,69500,69900,390335,-0.029166666666666674,FinanceDataReader,2026-07-22T22:31:09
2025-02-25,kr,454910,69600,69900,68400,68600,275671,-0.01859799713876964,FinanceDataReader,2026-07-22T22:31:09
2025-02-26,kr,454910,68700,69000,67100,67700,349513,-0.013119533527696792,FinanceDataReader,2026-07-22T22:31:09
2025-02-27,kr,454910,68100,68600,66400,66700,293417,-0.01477104874446089,FinanceDataReader,2026-07-22T22:31:09
2025-02-28,kr,454910,65800,65900,63100,63100,468709,-0.05397301349325334,FinanceDataReader,2026-07-22T22:31:09
2025-03-04,kr,454910,62100,63800,61500,63000,211450,-0.0015847860538826808,FinanceDataReader,2026-07-22T22:31:09
2025-03-05,kr,454910,63100,65000,63100,64100,238776,0.0174603174603174,FinanceDataReader,2026-07-22T22:31:09
2025-03-06,kr,454910,64700,65000,63100,63300,206961,-0.012480499219968744,FinanceDataReader,2026-07-22T22:31:09
2025-03-07,kr,454910,62300,64100,61800,63500,164371,0.003159557661927437,FinanceDataReader,2026-07-22T22:31:09
2025-03-10,kr,454910,63600,65000,62500,62700,203968,-0.012598425196850394,FinanceDataReader,2026-07-22T22:31:09
2025-03-11,kr,454910,60500,63000,60100,62700,242847,0.0,FinanceDataReader,2026-07-22T22:31:09
2025-03-12,kr,454910,63100,63750,62400,62700,170443,0.0,FinanceDataReader,2026-07-22T22:31:09
2025-03-13,kr,454910,63600,64000,62600,62600,254478,-0.0015948963317384823,FinanceDataReader,2026-07-22T22:31:09
2025-03-14,kr,454910,62600,64200,62000,62000,271539,-0.009584664536741228,FinanceDataReader,2026-07-22T22:31:09
2025-03-17,kr,454910,62600,62700,61200,61500,237523,-0.008064516129032251,FinanceDataReader,2026-07-22T22:31:09
2025-03-18,kr,454910,62100,62100,61200,61400,142623,-0.001626016260162566,FinanceDataReader,2026-07-22T22:31:09
2025-03-19,kr,454910,61100,61400,60200,60400,244446,-0.016286644951140072,FinanceDataReader,2026-07-22T22:31:09
2025-03-20,kr,454910,60800,61100,60100,60200,172021,-0.0033112582781457123,FinanceDataReader,2026-07-22T22:31:09
2025-03-21,kr,454910,59900,60200,56300,56300,717652,-0.06478405315614622,FinanceDataReader,2026-07-22T22:31:09
2025-03-24,kr,454910,57100,57200,55000,55300,172471,-0.017761989342806372,FinanceDataReader,2026-07-22T22:31:09
2025-03-25,kr,454910,56000,56600,54000,54100,165142,-0.02169981916817365,FinanceDataReader,2026-07-22T22:31:09
2025-03-26,kr,454910,54700,54800,53800,53900,119923,-0.003696857670979714,FinanceDataReader,2026-07-22T22:31:09
2025-03-27,kr,454910,53500,54000,52400,52400,136156,-0.0278293135435993,FinanceDataReader,2026-07-22T22:31:09
2025-03-28,kr,454910,53800,54100,51900,52000,176185,-0.007633587786259555,FinanceDataReader,2026-07-22T22:31:09
2025-03-31,kr,454910,51100,51500,50000,50200,241975,-0.0346153846153846,FinanceDataReader,2026-07-22T22:31:09
2025-04-01,kr,454910,50600,51000,48550,48550,481449,-0.03286852589641431,FinanceDataReader,2026-07-22T22:31:09
2025-04-02,kr,454910,49300,49400,46300,46550,361106,-0.0411946446961895,FinanceDataReader,2026-07-22T22:31:09
2025-04-03,kr,454910,45050,47550,44650,47250,307077,0.015037593984962516,FinanceDataReader,2026-07-22T22:31:09
2025-04-04,kr,454910,46550,47600,45200,46400,232916,-0.017989417989418,FinanceDataReader,2026-07-22T22:31:09
2025-04-07,kr,454910,44700,44700,41600,41600,338449,-0.10344827586206895,FinanceDataReader,2026-07-22T22:31:09
2025-04-08,kr,454910,42500,42650,40100,40650,330851,-0.022836538461538436,FinanceDataReader,2026-07-22T22:31:09
2025-04-09,kr,454910,39550,41700,39550,40300,235411,-0.008610086100861003,FinanceDataReader,2026-07-22T22:31:09
2025-04-10,kr,454910,43000,43900,42150,43550,335663,0.08064516129032251,FinanceDataReader,2026-07-22T22:31:09
2025-04-11,kr,454910,42550,45400,42550,45300,234069,0.04018369690011481,FinanceDataReader,2026-07-22T22:31:09
2025-04-14,kr,454910,46350,48300,45700,47650,303978,0.05187637969094916,FinanceDataReader,2026-07-22T22:31:09
2025-04-15,kr,454910,49700,56900,49250,51800,1469648,0.08709338929695698,FinanceDataReader,2026-07-22T22:31:09
2025-04-16,kr,454910,53500,53600,50300,50400,346803,-0.027027027027026973,FinanceDataReader,2026-07-22T22:31:09
2025-04-17,kr,454910,50100,51400,50000,50500,219011,0.001984126984126977,FinanceDataReader,2026-07-22T22:31:09
2025-04-18,kr,454910,50700,50800,49150,49950,173286,-0.0108910891089109,FinanceDataReader,2026-07-22T22:31:09
2025-04-21,kr,454910,50100,50700,49450,49550,111721,-0.00800800800800805,FinanceDataReader,2026-07-22T22:31:09
2025-04-22,kr,454910,48750,49700,48700,49200,137810,-0.007063572149344055,FinanceDataReader,2026-07-22T22:31:09
2025-04-23,kr,454910,50500,50900,49750,50900,162641,0.03455284552845539,FinanceDataReader,2026-07-22T22:31:09
2025-04-24,kr,454910,51400,51400,50200,51100,101580,0.003929273084479323,FinanceDataReader,2026-07-22T22:31:09
2025-04-25,kr,454910,51600,52100,51300,51600,138267,0.009784735812133016,FinanceDataReader,2026-07-22T22:31:09
2025-04-28,kr,454910,51800,51900,50700,51000,103061,-0.011627906976744207,FinanceDataReader,2026-07-22T22:31:09
2025-04-29,kr,454910,51400,51500,50600,51200,117183,0.0039215686274509665,FinanceDataReader,2026-07-22T22:31:09
2025-04-30,kr,454910,51000,51000,49900,50400,103246,-0.015625,FinanceDataReader,2026-07-22T22:31:09
2025-05-02,kr,454910,49850,50500,49550,50100,78366,-0.005952380952380931,FinanceDataReader,2026-07-22T22:31:09
2025-05-07,kr,454910,50500,50600,49650,50600,115578,0.009980039920159722,FinanceDataReader,2026-07-22T22:31:09
2025-05-08,kr,454910,50700,51500,50200,51100,200315,0.009881422924901129,FinanceDataReader,2026-07-22T22:31:09
2025-05-09,kr,454910,50500,50900,47350,48250,349880,-0.05577299412915848,FinanceDataReader,2026-07-22T22:31:09
2025-05-12,kr,454910,48850,50100,48800,49350,152131,0.022797927461139844,FinanceDataReader,2026-07-22T22:31:09
2025-05-13,kr,454910,49950,51900,49800,50500,298988,0.023302938196555267,FinanceDataReader,2026-07-22T22:31:09
2025-05-14,kr,454910,51200,52300,50200,52300,391948,0.035643564356435675,FinanceDataReader,2026-07-22T22:31:09
2025-05-15,kr,454910,52900,52900,50600,50700,216871,-0.030592734225621365,FinanceDataReader,2026-07-22T22:31:09
2025-05-16,kr,454910,51200,51800,50300,50500,173475,-0.0039447731755424265,FinanceDataReader,2026-07-22T22:31:09
2025-05-19,kr,454910,49950,50000,48550,48650,184389,-0.036633663366336666,FinanceDataReader,2026-07-22T22:31:09
2025-05-20,kr,454910,49400,49550,48050,48050,188147,-0.012332990750256956,FinanceDataReader,2026-07-22T22:31:09
2025-05-21,kr,454910,48400,48700,47950,48050,124525,0.0,FinanceDataReader,2026-07-22T22:31:09
2025-05-22,kr,454910,47200,47300,46000,46600,172734,-0.030176899063475537,FinanceDataReader,2026-07-22T22:31:09
2025-05-23,kr,454910,46700,47200,46000,46400,135513,-0.0042918454935622075,FinanceDataReader,2026-07-22T22:31:09
2025-05-26,kr,454910,45750,47950,45750,47750,147047,0.02909482758620685,FinanceDataReader,2026-07-22T22:31:09
2025-05-27,kr,454910,48050,48050,46700,47050,110937,-0.014659685863874339,FinanceDataReader,2026-07-22T22:31:09
2025-05-28,kr,454910,47650,48325,47300,47700,153850,0.01381509032943673,FinanceDataReader,2026-07-22T22:31:09
2025-05-29,kr,454910,48150,48400,47450,47800,142274,0.002096436058700135,FinanceDataReader,2026-07-22T22:31:09
2025-05-30,kr,454910,47550,47600,46800,47200,107658,-0.012552301255230103,FinanceDataReader,2026-07-22T22:31:09
2025-06-02,kr,454910,47250,47450,46700,47450,116399,0.005296610169491567,FinanceDataReader,2026-07-22T22:31:09
2025-06-04,kr,454910,48000,49750,47900,49750,223827,0.04847207586933622,FinanceDataReader,2026-07-22T22:31:09
2025-06-05,kr,454910,50100,50500,49100,50300,173276,0.011055276381909618,FinanceDataReader,2026-07-22T22:31:09
2025-06-09,kr,454910,51200,51200,49700,50900,192030,0.011928429423459175,FinanceDataReader,2026-07-22T22:31:09
2025-06-10,kr,454910,51200,53000,50300,51700,322760,0.015717092337917515,FinanceDataReader,2026-07-22T22:31:09
2025-06-11,kr,454910,52000,52000,50900,51500,150936,-0.003868471953578312,FinanceDataReader,2026-07-22T22:31:09
2025-06-12,kr,454910,51800,52200,51200,52200,256845,0.013592233009708687,FinanceDataReader,2026-07-22T22:31:09
2025-06-13,kr,454910,52300,52300,50000,50700,241632,-0.028735632183908066,FinanceDataReader,2026-07-22T22:31:09
2025-06-16,kr,454910,50000,51000,49900,50900,142216,0.0039447731755424265,FinanceDataReader,2026-07-22T22:31:09
2025-06-17,kr,454910,51600,52200,50000,50900,224928,0.0,FinanceDataReader,2026-07-22T22:31:09
2025-06-18,kr,454910,50600,51500,50100,51400,129905,0.00982318271119853,FinanceDataReader,2026-07-22T22:31:09
2025-06-19,kr,454910,51500,52800,50800,51200,167890,-0.0038910505836575737,FinanceDataReader,2026-07-22T22:31:09
2025-06-20,kr,454910,51400,53200,51100,52500,513312,0.025390625,FinanceDataReader,2026-07-22T22:31:09
2025-06-23,kr,454910,52400,61200,50700,59100,2154290,0.12571428571428567,FinanceDataReader,2026-07-22T22:31:09
2025-06-24,kr,454910,63200,68900,62000,66000,2402407,0.11675126903553301,FinanceDataReader,2026-07-22T22:31:09
2025-06-25,kr,454910,67200,70300,63700,67600,1617684,0.024242424242424176,FinanceDataReader,2026-07-22T22:31:09
2025-06-26,kr,454910,65700,66400,61000,62100,732122,-0.08136094674556216,FinanceDataReader,2026-07-22T22:31:09
2025-06-27,kr,454910,65300,70900,64100,66100,2182297,0.06441223832528187,FinanceDataReader,2026-07-22T22:31:09
2025-06-30,kr,454910,70400,70700,65900,66100,744642,0.0,FinanceDataReader,2026-07-22T22:31:09
2025-07-01,kr,454910,67300,67300,63000,63200,557600,-0.04387291981845687,FinanceDataReader,2026-07-22T22:31:09
2025-07-02,kr,454910,62500,63100,60000,61700,377357,-0.02373417721518989,FinanceDataReader,2026-07-22T22:31:09
2025-07-03,kr,454910,62700,62900,61300,61600,230890,-0.0016207455429497752,FinanceDataReader,2026-07-22T22:31:09
2025-07-04,kr,454910,62700,64100,62000,62400,326286,0.01298701298701288,FinanceDataReader,2026-07-22T22:31:09
2025-07-07,kr,454910,61300,61900,60400,61600,164667,-0.012820512820512775,FinanceDataReader,2026-07-22T22:31:09
2025-07-08,kr,454910,61900,62200,60100,61100,220658,-0.008116883116883078,FinanceDataReader,2026-07-22T22:31:09
2025-07-09,kr,454910,61900,63700,61500,62600,349512,0.02454991816693952,FinanceDataReader,2026-07-22T22:31:09
2025-07-10,kr,454910,63500,63500,62000,63100,288328,0.007987220447284393,FinanceDataReader,2026-07-22T22:31:09
2025-07-11,kr,454910,63100,63200,61700,61700,183088,-0.022187004754358197,FinanceDataReader,2026-07-22T22:31:09
2025-07-14,kr,454910,61900,62500,60500,60900,149266,-0.012965964343598091,FinanceDataReader,2026-07-22T22:31:09
2025-07-15,kr,454910,61500,64100,60600,62700,295251,0.029556650246305383,FinanceDataReader,2026-07-22T22:31:09
2025-07-16,kr,454910,62100,62300,61300,61700,120196,-0.01594896331738438,FinanceDataReader,2026-07-22T22:31:09
2025-07-17,kr,454910,62600,62600,60800,61300,141139,-0.00648298217179899,FinanceDataReader,2026-07-22T22:31:09
2025-07-18,kr,454910,61600,61700,60900,61500,101120,0.0032626427406199365,FinanceDataReader,2026-07-22T22:31:09
2025-07-21,kr,454910,61500,62600,61100,62400,152828,0.014634146341463428,FinanceDataReader,2026-07-22T22:31:09
2025-07-22,kr,454910,62400,62500,60800,61300,134256,-0.017628205128205177,FinanceDataReader,2026-07-22T22:31:09
2025-07-23,kr,454910,61800,61800,60200,61100,107030,-0.0032626427406199365,FinanceDataReader,2026-07-22T22:31:09
2025-07-24,kr,454910,61400,62500,61000,61200,135500,0.0016366612111293755,FinanceDataReader,2026-07-22T22:31:09
2025-07-25,kr,454910,61200,62100,61000,61300,87542,0.0016339869281045694,FinanceDataReader,2026-07-22T22:31:09
2025-07-28,kr,454910,61000,61700,58700,60300,218297,-0.01631321370309946,FinanceDataReader,2026-07-22T22:31:09
2025-07-29,kr,454910,61100,61300,59800,60600,152413,0.004975124378109541,FinanceDataReader,2026-07-22T22:31:09
2025-07-30,kr,454910,60000,61900,60000,61200,171466,0.00990099009900991,FinanceDataReader,2026-07-22T22:31:09
2025-07-31,kr,454910,60900,60900,59800,60400,150704,-0.013071895424836555,FinanceDataReader,2026-07-22T22:31:09
2025-08-01,kr,454910,59500,59900,57400,58500,184262,-0.0314569536423841,FinanceDataReader,2026-07-22T22:31:09
2025-08-04,kr,454910,57900,60300,57900,59900,110332,0.023931623931623847,FinanceDataReader,2026-07-22T22:31:09
2025-08-05,kr,454910,60300,61500,60300,61200,147778,0.02170283806343898,FinanceDataReader,2026-07-22T22:31:09
2025-08-06,kr,454910,60700,61600,60300,61400,112074,0.0032679738562091387,FinanceDataReader,2026-07-22T22:31:09
2025-08-07,kr,454910,61500,61900,60600,61900,193352,0.008143322475570036,FinanceDataReader,2026-07-22T22:31:09
2025-08-08,kr,454910,62100,62100,60800,61200,137333,-0.011308562197092087,FinanceDataReader,2026-07-22T22:31:09
2025-08-11,kr,454910,61900,62100,61100,61500,102446,0.004901960784313708,FinanceDataReader,2026-07-22T22:31:09
2025-08-12,kr,454910,61600,64000,61400,61500,400252,0.0,FinanceDataReader,2026-07-22T22:31:09
2025-08-13,kr,454910,62400,62400,61200,62400,120694,0.014634146341463428,FinanceDataReader,2026-07-22T22:31:09
2025-08-14,kr,454910,62700,63400,62100,63400,208610,0.01602564102564097,FinanceDataReader,2026-07-22T22:31:09
2025-08-18,kr,454910,63500,63500,61500,61800,111015,-0.025236593059936863,FinanceDataReader,2026-07-22T22:31:09
2025-08-19,kr,454910,61500,61600,59800,60300,119246,-0.024271844660194164,FinanceDataReader,2026-07-22T22:31:09
2025-08-20,kr,454910,58600,59400,58000,59000,120769,-0.021558872305140975,FinanceDataReader,2026-07-22T22:31:09
2025-08-21,kr,454910,59200,59900,58600,59000,83511,0.0,FinanceDataReader,2026-07-22T22:31:09
2025-08-22,kr,454910,58900,60900,58900,60500,116249,0.025423728813559254,FinanceDataReader,2026-07-22T22:31:09
2025-08-25,kr,454910,61800,65500,61200,63400,805920,0.04793388429752077,FinanceDataReader,2026-07-22T22:31:09
2025-08-26,kr,454910,62800,64600,62500,64600,939773,0.018927444794952786,FinanceDataReader,2026-07-22T22:31:09
2025-08-27,kr,454910,65000,65000,63000,64000,271419,-0.009287925696594423,FinanceDataReader,2026-07-22T22:31:09
2025-08-28,kr,454910,65900,66000,63000,63700,293733,-0.004687499999999956,FinanceDataReader,2026-07-22T22:31:09
2025-08-29,kr,454910,63100,63200,62100,62500,112533,-0.01883830455259028,FinanceDataReader,2026-07-22T22:31:09
2025-09-01,kr,454910,63300,63900,61200,61400,136352,-0.01759999999999995,FinanceDataReader,2026-07-22T22:31:09
2025-09-02,kr,454910,62000,62800,60300,62000,263931,0.009771986970684043,FinanceDataReader,2026-07-22T22:31:09
2025-09-03,kr,454910,62300,62300,60800,61100,124209,-0.014516129032258074,FinanceDataReader,2026-07-22T22:31:09
2025-09-04,kr,454910,61200,63800,61100,61500,279607,0.00654664484451728,FinanceDataReader,2026-07-22T22:31:09
2025-09-05,kr,454910,61400,61500,60800,61500,108878,0.0,FinanceDataReader,2026-07-22T22:31:09
2025-09-08,kr,454910,62100,62500,61300,61700,111473,0.003252032520325132,FinanceDataReader,2026-07-22T22:31:09
2025-09-09,kr,454910,62000,62100,60800,61400,124237,-0.004862236628849326,FinanceDataReader,2026-07-22T22:31:09
2025-09-10,kr,454910,62100,63800,62000,62400,331405,0.016286644951140072,FinanceDataReader,2026-07-22T22:31:09
2025-09-11,kr,454910,62700,62800,61800,62800,217664,0.0064102564102563875,FinanceDataReader,2026-07-22T22:31:09
2025-09-12,kr,454910,63300,64500,62750,63300,329830,0.0079617834394905,FinanceDataReader,2026-07-22T22:31:09
2025-09-15,kr,454910,65300,66500,64000,64600,525549,0.020537124802527673,FinanceDataReader,2026-07-22T22:31:09
2025-09-16,kr,454910,66000,66400,63800,64700,285495,0.001547987616099089,FinanceDataReader,2026-07-22T22:31:09
2025-09-17,kr,454910,64100,64600,62900,62900,194273,-0.02782071097372485,FinanceDataReader,2026-07-22T22:31:09
2025-09-18,kr,454910,63900,66500,63800,65000,506972,0.03338632750397452,FinanceDataReader,2026-07-22T22:31:09
2025-09-19,kr,454910,64300,67800,63100,66400,790546,0.021538461538461506,FinanceDataReader,2026-07-22T22:31:09
2025-09-22,kr,454910,71100,75300,70200,71200,2704662,0.07228915662650603,FinanceDataReader,2026-07-22T22:31:09
2025-09-23,kr,454910,71800,71900,69000,69900,610774,-0.018258426966292096,FinanceDataReader,2026-07-22T22:31:09
2025-09-24,kr,454910,68900,69800,66800,67400,421212,-0.03576537911301858,FinanceDataReader,2026-07-22T22:31:09
2025-09-25,kr,454910,68300,71300,67100,68900,658753,0.022255192878338326,FinanceDataReader,2026-07-22T22:31:09
2025-09-26,kr,454910,69600,70100,65700,66600,422461,-0.03338171262699563,FinanceDataReader,2026-07-22T22:31:09
2025-09-29,kr,454910,67800,68100,66600,66700,168188,0.0015015015015014122,FinanceDataReader,2026-07-22T22:31:09
2025-09-30,kr,454910,67500,67800,65400,65900,179914,-0.01199400299850073,FinanceDataReader,2026-07-22T22:31:09
2025-10-01,kr,454910,65600,65800,64100,64900,267940,-0.015174506828528056,FinanceDataReader,2026-07-22T22:31:09
2025-10-02,kr,454910,65300,68000,63700,68000,263156,0.04776579352850541,FinanceDataReader,2026-07-22T22:31:09
2025-10-10,kr,454910,67000,70600,66000,70300,694462,0.03382352941176481,FinanceDataReader,2026-07-22T22:31:09
2025-10-13,kr,454910,68300,70500,67300,69700,466312,-0.008534850640113834,FinanceDataReader,2026-07-22T22:31:09
2025-10-14,kr,454910,70800,73800,67400,68400,953331,-0.0186513629842181,FinanceDataReader,2026-07-22T22:31:09
2025-10-15,kr,454910,70400,72500,69200,71900,658518,0.051169590643274754,FinanceDataReader,2026-07-22T22:31:09
2025-10-16,kr,454910,76700,77300,72500,73100,1012096,0.016689847009735637,FinanceDataReader,2026-07-22T22:31:09
2025-10-17,kr,454910,71300,73700,71100,71800,424327,-0.017783857729138153,FinanceDataReader,2026-07-22T22:31:09
2025-10-20,kr,454910,72500,74400,71100,73700,641050,0.026462395543175532,FinanceDataReader,2026-07-22T22:31:09
2025-10-21,kr,454910,75500,75500,72000,72400,507723,-0.01763907734056991,FinanceDataReader,2026-07-22T22:31:09
2025-10-22,kr,454910,72500,72600,70300,72000,291999,-0.0055248618784530246,FinanceDataReader,2026-07-22T22:31:09
2025-10-23,kr,454910,71100,71800,70400,70600,221326,-0.019444444444444486,FinanceDataReader,2026-07-22T22:31:09
2025-10-24,kr,454910,71300,74000,70800,73100,480674,0.03541076487252126,FinanceDataReader,2026-07-22T22:31:09
2025-10-27,kr,454910,73400,73600,72100,72500,262224,-0.008207934336525335,FinanceDataReader,2026-07-22T22:31:09
2025-10-28,kr,454910,72900,73400,71500,72200,241046,-0.004137931034482789,FinanceDataReader,2026-07-22T22:31:09
2025-10-29,kr,454910,73100,73200,72100,72900,274817,0.00969529085872578,FinanceDataReader,2026-07-22T22:31:09
2025-10-30,kr,454910,72800,72800,70200,71100,291722,-0.024691358024691357,FinanceDataReader,2026-07-22T22:31:09
2025-10-31,kr,454910,74200,81200,72700,78000,2627958,0.09704641350210963,FinanceDataReader,2026-07-22T22:31:09
2025-11-03,kr,454910,81200,95500,80000,92100,5024284,0.1807692307692308,FinanceDataReader,2026-07-22T22:31:09
2025-11-04,kr,454910,90000,90900,86800,88600,1080255,-0.03800217155266017,FinanceDataReader,2026-07-22T22:31:09
2025-11-05,kr,454910,84900,85400,78100,81400,1137406,-0.08126410835214448,FinanceDataReader,2026-07-22T22:31:09
2025-11-06,kr,454910,84500,84800,78500,79200,570330,-0.027027027027026973,FinanceDataReader,2026-07-22T22:31:09
2025-11-07,kr,454910,75000,79500,74900,77100,427488,-0.02651515151515149,FinanceDataReader,2026-07-22T22:31:09
2025-11-10,kr,454910,78400,79500,76000,79200,280218,0.027237354085603016,FinanceDataReader,2026-07-22T22:31:09
2025-11-11,kr,454910,82300,82500,77500,78500,371625,-0.008838383838383868,FinanceDataReader,2026-07-22T22:31:09
2025-11-12,kr,454910,79000,79500,76500,79000,178637,0.006369426751592355,FinanceDataReader,2026-07-22T22:31:09
2025-11-13,kr,454910,79000,81100,77500,81100,294288,0.026582278481012578,FinanceDataReader,2026-07-22T22:31:09
2025-11-14,kr,454910,78500,79900,77600,77700,196892,-0.04192355117139335,FinanceDataReader,2026-07-22T22:31:09
2025-11-17,kr,454910,78700,78900,75600,75700,237478,-0.025740025740025763,FinanceDataReader,2026-07-22T22:31:09
2025-11-18,kr,454910,74500,75200,71100,72000,261820,-0.04887714663143994,FinanceDataReader,2026-07-22T22:31:09
2025-11-19,kr,454910,75500,75800,71700,73500,338197,0.02083333333333326,FinanceDataReader,2026-07-22T22:31:09
2025-11-20,kr,454910,75100,75600,73500,73600,175087,0.0013605442176871652,FinanceDataReader,2026-07-22T22:31:09
2025-11-21,kr,454910,70400,72000,70300,71000,147992,-0.03532608695652173,FinanceDataReader,2026-07-22T22:31:09
2025-11-24,kr,454910,72100,72200,69500,70400,177313,-0.008450704225352101,FinanceDataReader,2026-07-22T22:31:09
2025-11-25,kr,454910,72000,72100,69100,69300,145241,-0.015625,FinanceDataReader,2026-07-22T22:31:09
2025-11-26,kr,454910,70000,72000,69600,72000,136537,0.03896103896103886,FinanceDataReader,2026-07-22T22:31:09
2025-11-27,kr,454910,72900,74500,72200,73500,247444,0.02083333333333326,FinanceDataReader,2026-07-22T22:31:09
2025-11-28,kr,454910,74200,78500,73800,77500,618609,0.054421768707483054,FinanceDataReader,2026-07-22T22:31:09
2025-12-01,kr,454910,78600,79200,74000,74500,405805,-0.03870967741935483,FinanceDataReader,2026-07-22T22:31:09
2025-12-02,kr,454910,75700,76100,74100,75800,161798,0.01744966442953011,FinanceDataReader,2026-07-22T22:31:09
2025-12-03,kr,454910,75900,76700,74800,76700,187336,0.01187335092348274,FinanceDataReader,2026-07-22T22:31:09
2025-12-04,kr,454910,80700,86300,79400,82700,2246989,0.07822685788787487,FinanceDataReader,2026-07-22T22:31:09
2025-12-05,kr,454910,86800,86900,79200,80800,1191637,-0.022974607013301118,FinanceDataReader,2026-07-22T22:31:09
2025-12-08,kr,454910,82600,82700,79900,81400,408207,0.007425742574257432,FinanceDataReader,2026-07-22T22:31:09
2025-12-09,kr,454910,80200,83300,79400,81900,398284,0.006142506142506221,FinanceDataReader,2026-07-22T22:31:09
2025-12-10,kr,454910,82400,83700,81100,83600,406223,0.020757020757020683,FinanceDataReader,2026-07-22T22:31:09
2025-12-11,kr,454910,84800,85300,81800,83500,499731,-0.0011961722488038617,FinanceDataReader,2026-07-22T22:31:09
2025-12-12,kr,454910,83000,84300,82100,84000,370750,0.0059880239520957446,FinanceDataReader,2026-07-22T22:31:09
2025-12-15,kr,454910,82200,87400,81200,84600,622236,0.0071428571428571175,FinanceDataReader,2026-07-22T22:31:09
2025-12-16,kr,454910,84000,84000,80500,81100,388064,-0.04137115839243499,FinanceDataReader,2026-07-22T22:31:09
2025-12-17,kr,454910,81900,82000,79000,79600,222407,-0.018495684340320562,FinanceDataReader,2026-07-22T22:31:09
2025-12-18,kr,454910,77300,80800,77100,77700,222513,-0.023869346733668362,FinanceDataReader,2026-07-22T22:31:09
2025-12-19,kr,454910,79300,79800,76500,79400,247265,0.02187902187902191,FinanceDataReader,2026-07-22T22:31:09
2025-12-22,kr,454910,80700,83700,79800,82300,441589,0.03652392947103267,FinanceDataReader,2026-07-22T22:31:09
2025-12-23,kr,454910,83200,86300,82000,82800,723276,0.0060753341433779084,FinanceDataReader,2026-07-22T22:31:09
2025-12-24,kr,454910,81500,81500,78400,78700,775341,-0.049516908212560384,FinanceDataReader,2026-07-22T22:31:09
2025-12-26,kr,454910,78800,79000,77000,77300,272517,-0.017789072426937724,FinanceDataReader,2026-07-22T22:31:09
2025-12-29,kr,454910,77700,79500,77700,78900,273758,0.02069857697283317,FinanceDataReader,2026-07-22T22:31:09
2025-12-30,kr,454910,79700,79700,77600,78000,196771,-0.011406844106463865,FinanceDataReader,2026-07-22T22:31:09
2026-01-02,kr,454910,78400,81000,78400,80300,385819,0.029487179487179382,FinanceDataReader,2026-07-22T22:31:09
2026-01-05,kr,454910,81700,83700,80100,83100,481885,0.03486924034869232,FinanceDataReader,2026-07-22T22:31:09
2026-01-06,kr,454910,83300,83800,80000,81200,425286,-0.022864019253910906,FinanceDataReader,2026-07-22T22:31:09
2026-01-07,kr,454910,81900,90000,81200,86800,2174307,0.06896551724137923,FinanceDataReader,2026-07-22T22:31:09
2026-01-08,kr,454910,85500,85600,83000,83100,609699,-0.04262672811059909,FinanceDataReader,2026-07-22T22:31:09
2026-01-09,kr,454910,84800,85300,82300,83600,365848,0.006016847172081841,FinanceDataReader,2026-07-22T22:31:09
2026-01-12,kr,454910,83500,83900,81300,82900,439340,-0.00837320574162681,FinanceDataReader,2026-07-22T22:31:09
2026-01-13,kr,454910,84000,86200,83400,85800,586370,0.03498190591073591,FinanceDataReader,2026-07-22T22:31:09
2026-01-14,kr,454910,86300,88300,84700,87900,720975,0.02447552447552437,FinanceDataReader,2026-07-22T22:31:09
2026-01-15,kr,454910,88400,94800,86600,91300,2183283,0.03868031854379983,FinanceDataReader,2026-07-22T22:31:09
2026-01-16,kr,454910,92000,96800,89200,90400,1627051,-0.009857612267250793,FinanceDataReader,2026-07-22T22:31:09
2026-01-19,kr,454910,94500,110900,93600,107700,5667656,0.1913716814159292,FinanceDataReader,2026-07-22T22:31:09
2026-01-20,kr,454910,123100,124000,109200,118100,4559960,0.09656453110492103,FinanceDataReader,2026-07-22T22:31:09
2026-01-21,kr,454910,113100,129300,112900,120800,3573994,0.022861981371718798,FinanceDataReader,2026-07-22T22:31:09
2026-01-22,kr,454910,123600,123600,114750,115400,1388241,-0.04470198675496684,FinanceDataReader,2026-07-22T22:31:09
2026-01-23,kr,454910,113500,119500,112400,114100,1028365,-0.011265164644714054,FinanceDataReader,2026-07-22T22:31:09
2026-01-26,kr,454910,109900,130600,109900,119900,3193336,0.05083260297984227,FinanceDataReader,2026-07-22T22:31:09
2026-01-27,kr,454910,119700,120700,117600,118600,593474,-0.010842368640533784,FinanceDataReader,2026-07-22T22:31:09
2026-01-28,kr,454910,120000,124700,118800,120400,882417,0.015177065767284947,FinanceDataReader,2026-07-22T22:31:09
2026-01-29,kr,454910,119400,121200,116900,119800,735018,-0.004983388704318914,FinanceDataReader,2026-07-22T22:31:09
2026-01-30,kr,454910,121300,121400,114000,114100,807229,-0.047579298831385675,FinanceDataReader,2026-07-22T22:31:09
2026-02-02,kr,454910,110400,114800,105000,107200,752005,-0.060473269062226165,FinanceDataReader,2026-07-22T22:31:09
2026-02-03,kr,454910,110000,111800,107100,111000,410172,0.035447761194029814,FinanceDataReader,2026-07-22T22:31:09
2026-02-04,kr,454910,114100,115600,111300,113600,325661,0.023423423423423406,FinanceDataReader,2026-07-22T22:31:09
2026-02-05,kr,454910,111400,112000,106800,107800,348276,-0.051056338028169,FinanceDataReader,2026-07-22T22:31:09
2026-02-06,kr,454910,101500,104400,98000,101700,414856,-0.0565862708719852,FinanceDataReader,2026-07-22T22:31:09
2026-02-09,kr,454910,105200,105500,102200,103800,235266,0.020648967551622377,FinanceDataReader,2026-07-22T22:31:09
2026-02-10,kr,454910,108800,110100,103800,104100,323260,0.0028901734104045396,FinanceDataReader,2026-07-22T22:31:09
2026-02-11,kr,454910,105000,105000,101600,103300,253968,-0.007684918347742542,FinanceDataReader,2026-07-22T22:31:09
2026-02-12,kr,454910,102200,102800,100000,102500,399650,-0.007744433688286589,FinanceDataReader,2026-07-22T22:31:09
2026-02-13,kr,454910,100400,101000,99300,100100,267118,-0.023414634146341484,FinanceDataReader,2026-07-22T22:31:09
2026-02-19,kr,454910,100700,102500,98400,101900,286525,0.01798201798201804,FinanceDataReader,2026-07-22T22:31:09
2026-02-20,kr,454910,102100,102200,100200,100500,201408,-0.013738959764474923,FinanceDataReader,2026-07-22T22:31:09
2026-02-23,kr,454910,101500,104400,100700,102400,347818,0.018905472636815857,FinanceDataReader,2026-07-22T22:31:09
2026-02-24,kr,454910,102900,106900,101000,105700,302029,0.0322265625,FinanceDataReader,2026-07-22T22:31:09
2026-02-25,kr,454910,106600,107300,104000,107300,12043958,0.015137180700094621,FinanceDataReader,2026-07-22T22:31:09
2026-02-26,kr,454910,111600,111600,107700,110400,545800,0.028890959925442772,FinanceDataReader,2026-07-22T22:31:09
2026-02-27,kr,454910,108300,109300,104500,106500,411497,-0.03532608695652173,FinanceDataReader,2026-07-22T22:31:09
2026-03-03,kr,454910,102800,105900,98200,98300,507189,-0.0769953051643193,FinanceDataReader,2026-07-22T22:31:09
2026-03-04,kr,454910,89200,93700,79100,80600,740726,-0.1800610376398779,FinanceDataReader,2026-07-22T22:31:09
2026-03-05,kr,454910,87800,93300,87800,90600,491497,0.12406947890818865,FinanceDataReader,2026-07-22T22:31:09
2026-03-06,kr,454910,88600,94500,87200,91100,369010,0.0055187637969094094,FinanceDataReader,2026-07-22T22:31:09
2026-03-09,kr,454910,85500,87200,81400,85500,335021,-0.06147091108671787,FinanceDataReader,2026-07-22T22:31:09
2026-03-10,kr,454910,90900,92000,88700,90000,291880,0.05263157894736836,FinanceDataReader,2026-07-22T22:31:09
2026-03-11,kr,454910,93700,94700,89400,90700,292299,0.007777777777777883,FinanceDataReader,2026-07-22T22:31:09
2026-03-12,kr,454910,90600,94300,89000,94300,219243,0.03969128996692395,FinanceDataReader,2026-07-22T22:31:09
2026-03-13,kr,454910,90200,90700,89100,89500,626968,-0.05090137857900323,FinanceDataReader,2026-07-22T22:31:09
2026-03-16,kr,454910,89000,90200,86300,88000,204615,-0.016759776536312887,FinanceDataReader,2026-07-22T22:31:09
2026-03-17,kr,454910,90000,90500,89100,89200,139373,0.013636363636363669,FinanceDataReader,2026-07-22T22:31:09
2026-03-18,kr,454910,90400,91200,90000,90400,168439,0.013452914798206317,FinanceDataReader,2026-07-22T22:31:09
2026-03-19,kr,454910,89400,90200,88300,89200,179378,-0.013274336283185861,FinanceDataReader,2026-07-22T22:31:09
2026-03-20,kr,454910,90000,90500,88600,89300,134637,0.0011210762331839152,FinanceDataReader,2026-07-22T22:31:09
2026-03-23,kr,454910,86600,86800,82700,83200,242380,-0.06830907054871216,FinanceDataReader,2026-07-22T22:31:09
2026-03-24,kr,454910,86600,87200,82200,86000,143728,0.033653846153846256,FinanceDataReader,2026-07-22T22:31:09
2026-03-25,kr,454910,86800,89700,86700,88800,174311,0.032558139534883734,FinanceDataReader,2026-07-22T22:31:09
2026-03-26,kr,454910,88300,88300,85000,85400,128743,-0.03828828828828834,FinanceDataReader,2026-07-22T22:31:09
2026-03-27,kr,454910,82400,85400,81100,84900,166771,-0.005854800936768156,FinanceDataReader,2026-07-22T22:31:09
2026-03-30,kr,454910,80500,81500,79300,80700,184216,-0.04946996466431097,FinanceDataReader,2026-07-22T22:31:09
2026-03-31,kr,454910,80000,83000,78200,79500,211405,-0.014869888475836479,FinanceDataReader,2026-07-22T22:31:09
2026-04-01,kr,454910,82700,85900,82300,84600,172535,0.0641509433962264,FinanceDataReader,2026-07-22T22:31:09
2026-04-02,kr,454910,89000,89100,81200,82600,273693,-0.023640661938534313,FinanceDataReader,2026-07-22T22:31:09
2026-04-03,kr,454910,84500,84600,82100,82500,103586,-0.001210653753026647,FinanceDataReader,2026-07-22T22:31:09
2026-04-06,kr,454910,82900,83800,81000,81500,115940,-0.012121212121212088,FinanceDataReader,2026-07-22T22:31:09
2026-04-07,kr,454910,82600,84500,80800,81400,124567,-0.0012269938650306678,FinanceDataReader,2026-07-22T22:31:09
2026-04-08,kr,454910,85000,88800,84300,88700,262786,0.08968058968058967,FinanceDataReader,2026-07-22T22:31:09
2026-04-09,kr,454910,88200,91500,85500,91500,514234,0.031567080045095786,FinanceDataReader,2026-07-22T22:31:09
2026-04-10,kr,454910,91100,91300,89200,89500,338127,-0.021857923497267784,FinanceDataReader,2026-07-22T22:31:09
2026-04-13,kr,454910,87700,88600,86900,88100,93157,-0.015642458100558643,FinanceDataReader,2026-07-22T22:31:09
2026-04-14,kr,454910,89500,91200,89000,90600,192585,0.028376844494892195,FinanceDataReader,2026-07-22T22:31:09
2026-04-15,kr,454910,92200,93600,91600,93300,286231,0.0298013245033113,FinanceDataReader,2026-07-22T22:31:09
2026-04-16,kr,454910,94600,95700,92700,94100,245014,0.008574490889603492,FinanceDataReader,2026-07-22T22:31:09
2026-04-17,kr,454910,95500,95500,93100,93500,143707,-0.006376195536663132,FinanceDataReader,2026-07-22T22:31:09
2026-04-20,kr,454910,93000,94100,91800,93300,150218,-0.002139037433155133,FinanceDataReader,2026-07-22T22:31:09
2026-04-21,kr,454910,93900,93900,92400,92600,121487,-0.007502679528403,FinanceDataReader,2026-07-22T22:31:09
2026-04-22,kr,454910,93000,93300,90900,92900,112039,0.003239740820734305,FinanceDataReader,2026-07-22T22:31:09
2026-04-23,kr,454910,94100,94900,90600,92100,203613,-0.008611410118406937,FinanceDataReader,2026-07-22T22:31:09
2026-04-24,kr,454910,92300,95400,91500,94100,258405,0.021715526601520097,FinanceDataReader,2026-07-22T22:31:09
2026-04-27,kr,454910,96700,102000,95300,101300,664732,0.07651434643995758,FinanceDataReader,2026-07-22T22:31:09
2026-04-28,kr,454910,104000,104000,98100,100100,324623,-0.011846001974333609,FinanceDataReader,2026-07-22T22:31:09
2026-04-29,kr,454910,101900,108500,99600,102200,656366,0.020979020979021046,FinanceDataReader,2026-07-22T22:31:09
2026-04-30,kr,454910,120000,120700,106400,110200,1839947,0.07827788649706457,FinanceDataReader,2026-07-22T22:31:09
2026-05-04,kr,454910,112400,112400,107100,107800,644925,-0.02177858439201452,FinanceDataReader,2026-07-22T22:31:09
2026-05-06,kr,454910,108600,108600,104200,104700,607040,-0.0287569573283859,FinanceDataReader,2026-07-22T22:31:09
2026-05-07,kr,454910,100100,101000,97500,99100,5661910,-0.05348615090735431,FinanceDataReader,2026-07-22T22:31:09
2026-05-08,kr,454910,101900,102400,99100,101000,1622176,0.019172552976791213,FinanceDataReader,2026-07-22T22:31:09
2026-05-11,kr,454910,101000,105600,98800,104400,1118658,0.03366336633663369,FinanceDataReader,2026-07-22T22:31:09
2026-05-12,kr,454910,107700,114900,97100,101200,2759492,-0.03065134099616862,FinanceDataReader,2026-07-22T22:31:09
2026-05-13,kr,454910,102400,103900,99600,102600,665101,0.01383399209486158,FinanceDataReader,2026-07-22T22:31:09
2026-05-14,kr,454910,107400,111100,102500,106800,1143447,0.040935672514619936,FinanceDataReader,2026-07-22T22:31:09
2026-05-15,kr,454910,110600,138800,109500,127400,8437915,0.19288389513108606,FinanceDataReader,2026-07-22T22:31:09
2026-05-18,kr,454910,132100,132100,112500,117900,3025824,-0.07456828885400313,FinanceDataReader,2026-07-22T22:31:09
2026-05-19,kr,454910,108200,108800,98800,100100,7609259,-0.15097540288379985,FinanceDataReader,2026-07-22T22:31:09
2026-05-20,kr,454910,102200,102700,93000,95500,1559219,-0.04595404595404595,FinanceDataReader,2026-07-22T22:31:09
2026-05-21,kr,454910,99700,108900,98200,107600,2057605,0.12670157068062826,FinanceDataReader,2026-07-22T22:31:09
2026-05-22,kr,454910,106200,108900,104200,106600,936437,-0.009293680297397744,FinanceDataReader,2026-07-22T22:31:09
2026-05-26,kr,454910,109900,110000,106100,106900,888691,0.0028142589118198558,FinanceDataReader,2026-07-22T22:31:09
2026-05-27,kr,454910,105700,106900,101100,103000,855856,-0.03648269410664173,FinanceDataReader,2026-07-22T22:31:09
2026-05-28,kr,454910,105000,110500,96000,100400,1278622,-0.025242718446601975,FinanceDataReader,2026-07-22T22:31:09
2026-05-29,kr,454910,103200,107300,100000,106500,1294831,0.06075697211155373,FinanceDataReader,2026-07-22T22:31:09
2026-06-01,kr,454910,123900,138400,123200,138400,3538477,0.29953051643192485,FinanceDataReader,2026-07-22T22:31:09
2026-06-02,kr,454910,165600,170000,138400,166700,9339442,0.20447976878612706,FinanceDataReader,2026-07-22T22:31:09
2026-06-04,kr,454910,155700,165500,145100,157900,4040585,-0.052789442111577656,FinanceDataReader,2026-07-22T22:31:09
2026-06-05,kr,454910,138500,145400,128100,140300,6183662,-0.11146295123495886,FinanceDataReader,2026-07-22T22:31:09
2026-06-08,kr,454910,140500,154000,126100,127200,3883639,-0.09337134711332862,FinanceDataReader,2026-07-22T22:31:09
2026-06-09,kr,454910,130200,132200,112400,116600,2198078,-0.08333333333333337,FinanceDataReader,2026-07-22T22:31:09
2026-06-10,kr,454910,115600,118700,104100,106600,1428826,-0.08576329331046317,FinanceDataReader,2026-07-22T22:31:09
2026-06-11,kr,454910,101100,109300,98500,109300,1576492,0.025328330206378924,FinanceDataReader,2026-07-22T22:31:09
2026-06-12,kr,454910,113000,119300,107800,110400,1712187,0.010064043915827936,FinanceDataReader,2026-07-22T22:31:09
2026-06-15,kr,454910,113800,115100,110400,111400,746344,0.009057971014492683,FinanceDataReader,2026-07-22T22:31:09
2026-06-16,kr,454910,114400,114600,108500,109000,585096,-0.021543985637342944,FinanceDataReader,2026-07-22T22:31:09
2026-06-17,kr,454910,107500,109300,104800,106200,483479,-0.025688073394495414,FinanceDataReader,2026-07-22T22:31:09
2026-06-18,kr,454910,108600,108900,102100,102700,544190,-0.03295668549905839,FinanceDataReader,2026-07-22T22:31:09
2026-06-19,kr,454910,102400,103900,98000,101800,1103887,-0.008763388510223957,FinanceDataReader,2026-07-22T22:31:09
2026-06-22,kr,454910,100500,101800,99100,100400,416677,-0.013752455795677854,FinanceDataReader,2026-07-22T22:31:09
2026-06-23,kr,454910,99400,100600,88200,88800,812751,-0.1155378486055777,FinanceDataReader,2026-07-22T22:31:09
2026-06-24,kr,454910,95000,100600,90600,95000,1100505,0.06981981981981988,FinanceDataReader,2026-07-22T22:31:09
2026-06-25,kr,454910,97100,98000,91300,92300,401282,-0.028421052631578902,FinanceDataReader,2026-07-22T22:31:09
2026-06-26,kr,454910,90100,90700,82300,85000,557438,-0.07908992416034666,FinanceDataReader,2026-07-22T22:31:09
2026-06-29,kr,454910,85000,92900,83200,91600,480456,0.0776470588235294,FinanceDataReader,2026-07-22T22:31:09
2026-06-30,kr,454910,94400,94500,89500,90300,368555,-0.014192139737991272,FinanceDataReader,2026-07-22T22:31:09
2026-07-01,kr,454910,91500,93800,88600,89300,548127,-0.011074197120708784,FinanceDataReader,2026-07-22T22:31:09
2026-07-02,kr,454910,87000,87100,81600,83300,682348,-0.06718924972004481,FinanceDataReader,2026-07-22T22:31:09
2026-07-03,kr,454910,83300,84800,79000,84600,524579,0.015606242496998712,FinanceDataReader,2026-07-22T22:31:09
2026-07-06,kr,454910,84500,85300,80100,82500,425788,-0.024822695035460973,FinanceDataReader,2026-07-22T22:31:09
2026-07-07,kr,454910,81800,82300,76100,78800,601941,-0.044848484848484804,FinanceDataReader,2026-07-22T22:31:09
2026-07-08,kr,454910,76000,76900,71500,72500,672929,-0.07994923857868019,FinanceDataReader,2026-07-22T22:31:09
2026-07-09,kr,454910,72500,75800,70100,70400,762031,-0.0289655172413793,FinanceDataReader,2026-07-22T22:31:09
2026-07-10,kr,454910,71800,76000,71800,74500,378204,0.058238636363636465,FinanceDataReader,2026-07-22T22:31:09
2026-07-13,kr,454910,74500,76600,69500,70100,532908,-0.059060402684563806,FinanceDataReader,2026-07-22T22:31:09
2026-07-14,kr,454910,70000,70000,64000,66700,631667,-0.04850213980028528,FinanceDataReader,2026-07-22T22:31:09
2026-07-15,kr,454910,68100,72500,68100,70600,500155,0.058470764617691184,FinanceDataReader,2026-07-22T22:31:09
2026-07-16,kr,454910,69400,69400,65200,67000,367701,-0.05099150141643061,FinanceDataReader,2026-07-22T22:31:09
2026-07-20,kr,454910,65100,65400,61200,61800,468154,-0.07761194029850749,FinanceDataReader,2026-07-22T22:31:09
2026-07-21,kr,454910,61000,65700,59700,63900,593620,0.03398058252427183,FinanceDataReader,2026-07-22T22:31:09
2026-07-22,kr,454910,71100,75600,67300,67600,1887161,0.05790297339593109,FinanceDataReader,2026-07-22T22:31:09
