date,market,symbol,open,high,low,close,volume,source,updatedAt
2024-06-05,kr,KOSPI,2681.11,2697.43,2667.63,2689.5,881500,yfinance/fdr,2026-06-08T08:55:24
2024-06-07,kr,KOSPI,2718.25,2729.63,2705.23,2722.67,783900,yfinance/fdr,2026-06-08T08:55:24
2024-06-10,kr,KOSPI,2698.71,2718.89,2689.19,2701.17,506900,yfinance/fdr,2026-06-08T08:55:24
2024-06-11,kr,KOSPI,2716.72,2718.88,2702.17,2705.32,558900,yfinance/fdr,2026-06-08T08:55:24
2024-06-12,kr,KOSPI,2709.65,2730.3,2707.44,2728.17,511000,yfinance/fdr,2026-06-08T08:55:24
2024-06-13,kr,KOSPI,2764.18,2776.72,2752.61,2754.89,700000,yfinance/fdr,2026-06-08T08:55:24
2024-06-14,kr,KOSPI,2759.22,2769.16,2750.86,2758.42,645000,yfinance/fdr,2026-06-08T08:55:24
2024-06-17,kr,KOSPI,2754.83,2759.86,2741.03,2744.1,594000,yfinance/fdr,2026-06-08T08:55:24
2024-06-18,kr,KOSPI,2765.7,2772.35,2759.03,2763.92,561500,yfinance/fdr,2026-06-08T08:55:24
2024-06-19,kr,KOSPI,2786.16,2799.32,2786.16,2797.33,645700,yfinance/fdr,2026-06-08T08:55:24
2024-06-20,kr,KOSPI,2802.1,2812.62,2796.37,2807.63,758200,yfinance/fdr,2026-06-08T08:55:24
2024-06-21,kr,KOSPI,2794.87,2797.0,2777.33,2784.26,631100,yfinance/fdr,2026-06-08T08:55:24
2024-06-24,kr,KOSPI,2772.85,2782.9,2758.09,2764.73,592800,yfinance/fdr,2026-06-08T08:55:24
2024-06-25,kr,KOSPI,2765.76,2780.42,2765.76,2774.39,714200,yfinance/fdr,2026-06-08T08:55:24
2024-06-26,kr,KOSPI,2767.43,2792.07,2762.98,2792.05,534300,yfinance/fdr,2026-06-08T08:55:24
2024-06-27,kr,KOSPI,2767.62,2784.33,2761.55,2784.06,396700,yfinance/fdr,2026-06-08T08:55:24
2024-06-28,kr,KOSPI,2792.79,2797.82,2782.4,2797.82,610600,yfinance/fdr,2026-06-08T08:55:24
2024-07-01,kr,KOSPI,2792.96,2805.95,2783.98,2804.31,458800,yfinance/fdr,2026-06-08T08:55:24
2024-07-02,kr,KOSPI,2798.65,2805.42,2776.62,2780.86,538400,yfinance/fdr,2026-06-08T08:55:24
2024-07-03,kr,KOSPI,2797.14,2799.7,2774.71,2794.01,339800,yfinance/fdr,2026-06-08T08:55:24
2024-07-04,kr,KOSPI,2817.06,2824.94,2808.88,2824.94,393200,yfinance/fdr,2026-06-08T08:55:24
2024-07-05,kr,KOSPI,2836.21,2871.96,2836.21,2862.23,377600,yfinance/fdr,2026-06-08T08:55:24
2024-07-08,kr,KOSPI,2862.58,2868.99,2855.53,2857.76,424600,yfinance/fdr,2026-06-08T08:55:24
2024-07-09,kr,KOSPI,2872.63,2875.37,2854.13,2867.38,455800,yfinance/fdr,2026-06-08T08:55:24
2024-07-10,kr,KOSPI,2863.05,2871.56,2858.87,2867.99,471800,yfinance/fdr,2026-06-08T08:55:24
2024-07-11,kr,KOSPI,2888.76,2896.43,2879.28,2891.35,461700,yfinance/fdr,2026-06-08T08:55:24
2024-07-12,kr,KOSPI,2867.75,2872.25,2844.88,2857.0,407400,yfinance/fdr,2026-06-08T08:55:24
2024-07-15,kr,KOSPI,2869.15,2872.9,2848.93,2860.92,424500,yfinance/fdr,2026-06-08T08:55:24
2024-07-16,kr,KOSPI,2861.71,2872.21,2857.07,2866.09,677300,yfinance/fdr,2026-06-08T08:55:24
2024-07-17,kr,KOSPI,2865.9,2868.58,2841.33,2843.29,548100,yfinance/fdr,2026-06-08T08:55:24
2024-07-18,kr,KOSPI,2805.64,2824.35,2799.02,2824.35,657700,yfinance/fdr,2026-06-08T08:55:24
2024-07-19,kr,KOSPI,2800.21,2802.68,2776.99,2795.46,425600,yfinance/fdr,2026-06-08T08:55:24
2024-07-22,kr,KOSPI,2790.99,2795.12,2752.63,2763.51,463400,yfinance/fdr,2026-06-08T08:55:24
2024-07-23,kr,KOSPI,2788.83,2796.92,2765.81,2774.29,422700,yfinance/fdr,2026-06-08T08:55:24
2024-07-24,kr,KOSPI,2755.5,2778.31,2748.65,2758.71,468500,yfinance/fdr,2026-06-08T08:55:24
2024-07-25,kr,KOSPI,2721.29,2725.15,2703.86,2710.65,439600,yfinance/fdr,2026-06-08T08:55:24
2024-07-26,kr,KOSPI,2724.99,2738.4,2715.75,2731.9,513000,yfinance/fdr,2026-06-08T08:55:24
2024-07-29,kr,KOSPI,2748.32,2776.86,2742.69,2765.53,456500,yfinance/fdr,2026-06-08T08:55:24
2024-07-30,kr,KOSPI,2744.4,2754.53,2732.82,2738.19,392900,yfinance/fdr,2026-06-08T08:55:24
2024-07-31,kr,KOSPI,2745.58,2770.7,2733.63,2770.69,556400,yfinance/fdr,2026-06-08T08:55:24
2024-08-01,kr,KOSPI,2787.27,2794.11,2772.97,2777.68,480800,yfinance/fdr,2026-06-08T08:55:24
2024-08-02,kr,KOSPI,2719.39,2725.05,2666.4,2676.19,531800,yfinance/fdr,2026-06-08T08:55:24
2024-08-05,kr,KOSPI,2611.3,2611.3,2386.96,2441.55,761900,yfinance/fdr,2026-06-08T08:55:24
2024-08-06,kr,KOSPI,2533.34,2578.77,2491.47,2522.15,566300,yfinance/fdr,2026-06-08T08:55:24
2024-08-07,kr,KOSPI,2515.27,2594.83,2510.82,2568.41,476300,yfinance/fdr,2026-06-08T08:55:24
2024-08-08,kr,KOSPI,2530.21,2570.34,2518.52,2556.73,494700,yfinance/fdr,2026-06-08T08:55:24
2024-08-09,kr,KOSPI,2603.08,2603.08,2575.9,2588.43,474200,yfinance/fdr,2026-06-08T08:55:24
2024-08-12,kr,KOSPI,2602.16,2622.86,2602.01,2618.3,293100,yfinance/fdr,2026-06-08T08:55:24
2024-08-13,kr,KOSPI,2624.5,2636.12,2607.52,2621.5,378500,yfinance/fdr,2026-06-08T08:55:24
2024-08-14,kr,KOSPI,2649.11,2653.71,2632.44,2644.5,328700,yfinance/fdr,2026-06-08T08:55:24
2024-08-16,kr,KOSPI,2695.49,2699.61,2680.74,2697.23,385900,yfinance/fdr,2026-06-08T08:55:24
2024-08-19,kr,KOSPI,2697.97,2699.84,2664.28,2674.36,395600,yfinance/fdr,2026-06-08T08:55:24
2024-08-20,kr,KOSPI,2699.74,2706.05,2686.06,2696.63,484200,yfinance/fdr,2026-06-08T08:55:24
2024-08-21,kr,KOSPI,2687.2,2704.98,2684.61,2701.13,417300,yfinance/fdr,2026-06-08T08:55:24
2024-08-22,kr,KOSPI,2710.95,2711.38,2690.35,2707.67,441800,yfinance/fdr,2026-06-08T08:55:24
2024-08-23,kr,KOSPI,2690.8,2712.84,2689.54,2701.69,330600,yfinance/fdr,2026-06-08T08:55:24
2024-08-26,kr,KOSPI,2716.88,2718.47,2688.79,2698.01,333700,yfinance/fdr,2026-06-08T08:55:24
2024-08-27,kr,KOSPI,2696.24,2700.18,2681.92,2689.25,264100,yfinance/fdr,2026-06-08T08:55:24
2024-08-28,kr,KOSPI,2690.59,2695.51,2671.59,2689.83,280800,yfinance/fdr,2026-06-08T08:55:24
2024-08-29,kr,KOSPI,2657.18,2672.9,2649.56,2662.28,288800,yfinance/fdr,2026-06-08T08:55:24
2024-08-30,kr,KOSPI,2676.72,2686.51,2668.66,2674.31,278800,yfinance/fdr,2026-06-08T08:55:24
2024-09-02,kr,KOSPI,2683.8,2686.98,2658.31,2681.0,267000,yfinance/fdr,2026-06-08T08:55:24
2024-09-03,kr,KOSPI,2683.12,2695.59,2664.63,2664.63,303500,yfinance/fdr,2026-06-08T08:55:24
2024-09-04,kr,KOSPI,2589.94,2608.13,2578.07,2580.8,455500,yfinance/fdr,2026-06-08T08:55:24
2024-09-05,kr,KOSPI,2598.36,2615.8,2560.65,2575.5,379000,yfinance/fdr,2026-06-08T08:55:24
2024-09-06,kr,KOSPI,2576.66,2576.94,2529.31,2544.28,374800,yfinance/fdr,2026-06-08T08:55:24
2024-09-09,kr,KOSPI,2498.67,2543.22,2491.3,2535.93,270200,yfinance/fdr,2026-06-08T08:55:24
2024-09-10,kr,KOSPI,2542.69,2544.83,2522.48,2523.43,347700,yfinance/fdr,2026-06-08T08:55:24
2024-09-11,kr,KOSPI,2524.86,2526.13,2493.37,2513.37,302600,yfinance/fdr,2026-06-08T08:55:24
2024-09-12,kr,KOSPI,2572.09,2572.09,2572.09,2572.09,0,yfinance/fdr,2026-06-08T08:55:24
2024-09-13,kr,KOSPI,2571.81,2584.11,2562.91,2575.41,358300,yfinance/fdr,2026-06-08T08:55:24
2024-09-19,kr,KOSPI,2594.67,2598.68,2550.09,2580.8,385100,yfinance/fdr,2026-06-08T08:55:24
2024-09-20,kr,KOSPI,2603.83,2619.55,2591.4,2593.37,496000,yfinance/fdr,2026-06-08T08:55:24
2024-09-23,kr,KOSPI,2596.47,2603.57,2588.49,2602.01,339100,yfinance/fdr,2026-06-08T08:55:24
2024-09-24,kr,KOSPI,2612.45,2631.68,2597.81,2631.68,355100,yfinance/fdr,2026-06-08T08:55:24
2024-09-25,kr,KOSPI,2652.71,2663.36,2596.32,2596.32,454500,yfinance/fdr,2026-06-08T08:55:24
2024-09-26,kr,KOSPI,2630.91,2671.57,2630.3,2671.57,324900,yfinance/fdr,2026-06-08T08:55:24
2024-09-27,kr,KOSPI,2674.58,2681.45,2649.78,2649.78,413000,yfinance/fdr,2026-06-08T08:55:24
2024-09-30,kr,KOSPI,2665.24,2668.66,2593.27,2593.27,358900,yfinance/fdr,2026-06-08T08:55:24
2024-10-02,kr,KOSPI,2566.55,2591.61,2555.46,2561.69,351000,yfinance/fdr,2026-06-08T08:55:24
2024-10-04,kr,KOSPI,2563.7,2585.59,2555.57,2569.71,414300,yfinance/fdr,2026-06-08T08:55:24
2024-10-07,kr,KOSPI,2579.2,2611.93,2561.46,2610.38,343700,yfinance/fdr,2026-06-08T08:55:24
2024-10-08,kr,KOSPI,2592.65,2601.96,2581.79,2594.36,318200,yfinance/fdr,2026-06-08T08:55:24
2024-10-10,kr,KOSPI,2611.65,2613.61,2596.86,2599.16,618600,yfinance/fdr,2026-06-08T08:55:24
2024-10-11,kr,KOSPI,2612.02,2621.93,2594.43,2596.91,491300,yfinance/fdr,2026-06-08T08:55:24
2024-10-14,kr,KOSPI,2602.63,2628.54,2602.63,2623.29,401700,yfinance/fdr,2026-06-08T08:55:24
2024-10-15,kr,KOSPI,2632.37,2635.32,2615.47,2633.45,438300,yfinance/fdr,2026-06-08T08:55:24
2024-10-16,kr,KOSPI,2606.7,2622.33,2601.35,2610.36,437600,yfinance/fdr,2026-06-08T08:55:24
2024-10-17,kr,KOSPI,2620.74,2622.71,2603.52,2609.3,331300,yfinance/fdr,2026-06-08T08:55:24
2024-10-18,kr,KOSPI,2616.04,2618.32,2587.96,2593.82,265200,yfinance/fdr,2026-06-08T08:55:24
2024-10-21,kr,KOSPI,2600.77,2618.71,2594.05,2604.92,240700,yfinance/fdr,2026-06-08T08:55:24
2024-10-22,kr,KOSPI,2600.87,2604.16,2564.46,2570.7,343300,yfinance/fdr,2026-06-08T08:55:24
2024-10-23,kr,KOSPI,2575.25,2607.79,2567.42,2599.62,352400,yfinance/fdr,2026-06-08T08:55:24
2024-10-24,kr,KOSPI,2591.69,2600.26,2578.8,2581.03,343100,yfinance/fdr,2026-06-08T08:55:24
2024-10-25,kr,KOSPI,2597.44,2611.27,2577.0,2583.27,462900,yfinance/fdr,2026-06-08T08:55:24
2024-10-28,kr,KOSPI,2588.45,2612.96,2587.2,2612.43,333700,yfinance/fdr,2026-06-08T08:55:24
2024-10-29,kr,KOSPI,2606.94,2617.8,2595.86,2617.8,363300,yfinance/fdr,2026-06-08T08:55:24
2024-10-30,kr,KOSPI,2606.99,2613.47,2586.88,2593.79,487400,yfinance/fdr,2026-06-08T08:55:24
2024-10-31,kr,KOSPI,2575.24,2579.65,2552.36,2556.15,406600,yfinance/fdr,2026-06-08T08:55:24
2024-11-01,kr,KOSPI,2542.96,2559.3,2536.84,2542.36,319800,yfinance/fdr,2026-06-08T08:55:24
2024-11-04,kr,KOSPI,2549.04,2588.97,2542.68,2588.97,373900,yfinance/fdr,2026-06-08T08:55:24
2024-11-05,kr,KOSPI,2570.24,2586.73,2564.66,2576.88,310900,yfinance/fdr,2026-06-08T08:55:24
2024-11-06,kr,KOSPI,2591.9,2592.75,2544.04,2563.51,548500,yfinance/fdr,2026-06-08T08:55:24
2024-11-07,kr,KOSPI,2557.23,2579.81,2540.48,2564.63,465100,yfinance/fdr,2026-06-08T08:55:24
2024-11-08,kr,KOSPI,2586.7,2593.15,2553.42,2561.15,448700,yfinance/fdr,2026-06-08T08:55:24
2024-11-11,kr,KOSPI,2562.05,2562.05,2525.56,2531.66,572200,yfinance/fdr,2026-06-08T08:55:24
2024-11-12,kr,KOSPI,2527.94,2532.44,2481.53,2482.57,735800,yfinance/fdr,2026-06-08T08:55:24
2024-11-13,kr,KOSPI,2468.27,2478.87,2415.77,2417.08,619200,yfinance/fdr,2026-06-08T08:55:24
2024-11-14,kr,KOSPI,2430.26,2441.43,2410.93,2418.86,640000,yfinance/fdr,2026-06-08T08:55:24
2024-11-15,kr,KOSPI,2413.05,2433.18,2390.56,2416.86,623300,yfinance/fdr,2026-06-08T08:55:24
2024-11-18,kr,KOSPI,2440.31,2480.01,2437.53,2469.07,443900,yfinance/fdr,2026-06-08T08:55:24
2024-11-19,kr,KOSPI,2469.13,2479.39,2465.15,2471.95,410900,yfinance/fdr,2026-06-08T08:55:24
2024-11-20,kr,KOSPI,2475.76,2489.15,2471.79,2482.29,408800,yfinance/fdr,2026-06-08T08:55:24
2024-11-21,kr,KOSPI,2474.62,2496.97,2474.62,2480.63,451100,yfinance/fdr,2026-06-08T08:55:24
2024-11-22,kr,KOSPI,2493.42,2511.23,2492.21,2501.24,543500,yfinance/fdr,2026-06-08T08:55:24
2024-11-25,kr,KOSPI,2524.11,2541.76,2517.98,2534.34,564700,yfinance/fdr,2026-06-08T08:55:24
2024-11-26,kr,KOSPI,2521.39,2526.62,2512.21,2520.36,441700,yfinance/fdr,2026-06-08T08:55:24
2024-11-27,kr,KOSPI,2518.82,2526.32,2498.32,2503.06,414300,yfinance/fdr,2026-06-08T08:55:24
2024-11-28,kr,KOSPI,2499.69,2513.63,2495.64,2504.67,342600,yfinance/fdr,2026-06-08T08:55:24
2024-11-29,kr,KOSPI,2496.93,2496.93,2446.96,2455.91,384300,yfinance/fdr,2026-06-08T08:55:24
2024-12-02,kr,KOSPI,2479.02,2483.29,2448.45,2454.48,328100,yfinance/fdr,2026-06-08T08:55:24
2024-12-03,kr,KOSPI,2472.06,2500.67,2471.55,2500.1,324100,yfinance/fdr,2026-06-08T08:55:24
2024-12-04,kr,KOSPI,2450.76,2483.04,2442.46,2464.0,670300,yfinance/fdr,2026-06-08T08:55:24
2024-12-05,kr,KOSPI,2471.45,2471.45,2434.78,2441.85,519400,yfinance/fdr,2026-06-08T08:55:24
2024-12-06,kr,KOSPI,2451.6,2459.24,2397.73,2428.16,630400,yfinance/fdr,2026-06-08T08:55:24
2024-12-09,kr,KOSPI,2392.37,2399.52,2360.18,2360.58,591600,yfinance/fdr,2026-06-08T08:55:24
2024-12-10,kr,KOSPI,2384.51,2419.06,2384.51,2417.84,598800,yfinance/fdr,2026-06-08T08:55:24
2024-12-11,kr,KOSPI,2412.15,2443.34,2411.38,2442.51,617700,yfinance/fdr,2026-06-08T08:55:24
2024-12-12,kr,KOSPI,2456.63,2487.95,2448.76,2482.12,664200,yfinance/fdr,2026-06-08T08:55:24
2024-12-13,kr,KOSPI,2473.75,2500.32,2470.24,2494.46,577700,yfinance/fdr,2026-06-08T08:55:24
2024-12-16,kr,KOSPI,2511.08,2515.62,2483.43,2488.97,526700,yfinance/fdr,2026-06-08T08:55:24
2024-12-17,kr,KOSPI,2487.31,2487.31,2455.05,2456.81,559000,yfinance/fdr,2026-06-08T08:55:24
2024-12-18,kr,KOSPI,2463.06,2492.0,2462.82,2484.43,441700,yfinance/fdr,2026-06-08T08:55:24
2024-12-19,kr,KOSPI,2426.55,2450.05,2423.59,2435.93,504500,yfinance/fdr,2026-06-08T08:55:24
2024-12-20,kr,KOSPI,2429.63,2430.69,2389.86,2404.15,617800,yfinance/fdr,2026-06-08T08:55:24
2024-12-23,kr,KOSPI,2423.36,2446.97,2413.62,2442.01,428200,yfinance/fdr,2026-06-08T08:55:24
2024-12-24,kr,KOSPI,2450.55,2452.85,2432.42,2440.52,386800,yfinance/fdr,2026-06-08T08:55:24
2024-12-26,kr,KOSPI,2449.52,2449.52,2428.82,2429.67,322800,yfinance/fdr,2026-06-08T08:55:24
2024-12-27,kr,KOSPI,2419.46,2423.86,2388.33,2404.77,311300,yfinance/fdr,2026-06-08T08:55:24
2024-12-30,kr,KOSPI,2397.49,2429.75,2390.44,2399.49,304000,yfinance/fdr,2026-06-08T08:55:24
2025-01-02,kr,KOSPI,2400.87,2410.99,2386.84,2398.94,350700,yfinance/fdr,2026-06-08T08:55:24
2025-01-03,kr,KOSPI,2402.58,2454.67,2402.58,2441.92,407500,yfinance/fdr,2026-06-08T08:55:24
2025-01-06,kr,KOSPI,2453.3,2489.1,2446.82,2488.64,302800,yfinance/fdr,2026-06-08T08:55:24
2025-01-07,kr,KOSPI,2513.49,2521.86,2492.09,2492.1,407700,yfinance/fdr,2026-06-08T08:55:24
2025-01-08,kr,KOSPI,2481.25,2526.77,2481.25,2521.05,362900,yfinance/fdr,2026-06-08T08:55:24
2025-01-09,kr,KOSPI,2526.1,2535.87,2515.82,2521.9,404300,yfinance/fdr,2026-06-08T08:55:24
2025-01-10,kr,KOSPI,2528.42,2535.24,2506.29,2515.78,377600,yfinance/fdr,2026-06-08T08:55:24
2025-01-13,kr,KOSPI,2508.15,2513.93,2483.73,2489.56,578600,yfinance/fdr,2026-06-08T08:55:24
2025-01-14,kr,KOSPI,2501.49,2504.89,2482.74,2497.4,414500,yfinance/fdr,2026-06-08T08:55:24
2025-01-15,kr,KOSPI,2511.07,2524.36,2493.1,2496.81,538500,yfinance/fdr,2026-06-08T08:55:24
2025-01-16,kr,KOSPI,2528.27,2534.01,2519.86,2527.49,451100,yfinance/fdr,2026-06-08T08:55:24
2025-01-17,kr,KOSPI,2520.85,2528.48,2513.84,2523.55,445900,yfinance/fdr,2026-06-08T08:55:24
2025-01-20,kr,KOSPI,2533.68,2536.72,2516.28,2520.05,437500,yfinance/fdr,2026-06-08T08:55:24
2025-01-21,kr,KOSPI,2533.23,2548.44,2507.95,2518.03,572000,yfinance/fdr,2026-06-08T08:55:24
2025-01-22,kr,KOSPI,2535.8,2552.57,2526.89,2547.06,583700,yfinance/fdr,2026-06-08T08:55:24
2025-01-23,kr,KOSPI,2541.24,2541.6,2515.49,2515.49,609700,yfinance/fdr,2026-06-08T08:55:24
2025-01-24,kr,KOSPI,2529.29,2542.83,2522.64,2536.8,602000,yfinance/fdr,2026-06-08T08:55:24
2025-01-31,kr,KOSPI,2534.33,2537.98,2496.95,2517.37,454400,yfinance/fdr,2026-06-08T08:55:24
2025-02-03,kr,KOSPI,2468.74,2468.74,2437.61,2453.95,522800,yfinance/fdr,2026-06-08T08:55:24
2025-02-04,kr,KOSPI,2481.44,2508.35,2471.63,2481.69,479400,yfinance/fdr,2026-06-08T08:55:24
2025-02-05,kr,KOSPI,2503.94,2514.71,2498.74,2509.27,437300,yfinance/fdr,2026-06-08T08:55:24
2025-02-06,kr,KOSPI,2521.82,2536.75,2515.34,2536.75,479700,yfinance/fdr,2026-06-08T08:55:24
2025-02-07,kr,KOSPI,2532.09,2537.63,2519.01,2521.92,419900,yfinance/fdr,2026-06-08T08:55:24
2025-02-10,kr,KOSPI,2510.64,2527.33,2499.18,2521.27,393600,yfinance/fdr,2026-06-08T08:55:24
2025-02-11,kr,KOSPI,2532.87,2549.44,2527.74,2539.05,451100,yfinance/fdr,2026-06-08T08:55:24
2025-02-12,kr,KOSPI,2534.71,2549.58,2528.74,2548.39,464900,yfinance/fdr,2026-06-08T08:55:24
2025-02-13,kr,KOSPI,2558.95,2583.74,2555.98,2583.17,680300,yfinance/fdr,2026-06-08T08:55:24
2025-02-14,kr,KOSPI,2588.2,2600.57,2582.84,2591.05,499400,yfinance/fdr,2026-06-08T08:55:24
2025-02-17,kr,KOSPI,2595.99,2612.8,2592.57,2610.42,366300,yfinance/fdr,2026-06-08T08:55:24
2025-02-18,kr,KOSPI,2613.25,2628.47,2605.15,2626.81,422000,yfinance/fdr,2026-06-08T08:55:24
2025-02-19,kr,KOSPI,2633.91,2680.7,2633.91,2671.52,525800,yfinance/fdr,2026-06-08T08:55:24
2025-02-20,kr,KOSPI,2661.72,2667.59,2645.53,2654.06,529300,yfinance/fdr,2026-06-08T08:55:24
2025-02-21,kr,KOSPI,2653.76,2656.04,2638.44,2654.58,444700,yfinance/fdr,2026-06-08T08:55:24
2025-02-24,kr,KOSPI,2636.12,2645.27,2626.88,2645.27,536400,yfinance/fdr,2026-06-08T08:55:24
2025-02-25,kr,KOSPI,2617.64,2641.49,2617.12,2630.29,410300,yfinance/fdr,2026-06-08T08:55:24
2025-02-26,kr,KOSPI,2629.86,2648.06,2620.16,2641.09,386800,yfinance/fdr,2026-06-08T08:55:24
2025-02-27,kr,KOSPI,2637.63,2638.47,2610.47,2621.75,513900,yfinance/fdr,2026-06-08T08:55:24
2025-02-28,kr,KOSPI,2585.61,2586.78,2531.24,2532.78,588600,yfinance/fdr,2026-06-08T08:55:24
2025-03-04,kr,KOSPI,2522.2,2548.78,2513.31,2528.92,484100,yfinance/fdr,2026-06-08T08:55:24
2025-03-05,kr,KOSPI,2548.45,2561.47,2535.18,2558.13,569400,yfinance/fdr,2026-06-08T08:55:24
2025-03-06,kr,KOSPI,2573.55,2583.65,2565.57,2576.16,609600,yfinance/fdr,2026-06-08T08:55:24
2025-03-07,kr,KOSPI,2553.44,2575.48,2541.49,2563.48,567200,yfinance/fdr,2026-06-08T08:55:24
2025-03-10,kr,KOSPI,2555.4,2579.76,2549.99,2570.39,435700,yfinance/fdr,2026-06-08T08:55:24
2025-03-11,kr,KOSPI,2516.69,2547.88,2505.91,2537.6,399000,yfinance/fdr,2026-06-08T08:55:24
2025-03-12,kr,KOSPI,2552.6,2579.69,2541.66,2574.82,401600,yfinance/fdr,2026-06-08T08:55:24
2025-03-13,kr,KOSPI,2598.06,2600.07,2561.02,2573.64,427300,yfinance/fdr,2026-06-08T08:55:24
2025-03-14,kr,KOSPI,2565.18,2576.74,2559.24,2566.36,362300,yfinance/fdr,2026-06-08T08:55:24
2025-03-17,kr,KOSPI,2588.32,2610.69,2587.52,2610.69,396600,yfinance/fdr,2026-06-08T08:55:24
2025-03-18,kr,KOSPI,2627.27,2638.56,2606.91,2612.34,555500,yfinance/fdr,2026-06-08T08:55:24
2025-03-19,kr,KOSPI,2613.48,2642.83,2613.48,2628.62,653300,yfinance/fdr,2026-06-08T08:55:24
2025-03-20,kr,KOSPI,2648.16,2650.72,2629.2,2637.1,455000,yfinance/fdr,2026-06-08T08:55:24
2025-03-21,kr,KOSPI,2633.9,2645.82,2617.78,2643.13,497500,yfinance/fdr,2026-06-08T08:55:24
2025-03-24,kr,KOSPI,2636.43,2648.82,2629.38,2632.07,372400,yfinance/fdr,2026-06-08T08:55:24
2025-03-25,kr,KOSPI,2653.04,2654.63,2612.74,2615.81,439300,yfinance/fdr,2026-06-08T08:55:24
2025-03-26,kr,KOSPI,2628.09,2649.15,2618.05,2643.94,507900,yfinance/fdr,2026-06-08T08:55:24
2025-03-27,kr,KOSPI,2620.28,2633.03,2603.41,2607.15,403300,yfinance/fdr,2026-06-08T08:55:24
2025-03-28,kr,KOSPI,2592.63,2592.63,2549.26,2557.98,513600,yfinance/fdr,2026-06-08T08:55:24
2025-03-31,kr,KOSPI,2513.44,2514.22,2479.46,2481.12,391600,yfinance/fdr,2026-06-08T08:55:24
2025-04-01,kr,KOSPI,2511.24,2530.61,2494.43,2521.39,453400,yfinance/fdr,2026-06-08T08:55:24
2025-04-02,kr,KOSPI,2525.62,2532.15,2499.83,2505.86,515600,yfinance/fdr,2026-06-08T08:55:24
2025-04-03,kr,KOSPI,2437.43,2488.92,2437.43,2486.7,480100,yfinance/fdr,2026-06-08T08:55:24
2025-04-04,kr,KOSPI,2450.49,2506.71,2438.02,2465.42,695100,yfinance/fdr,2026-06-08T08:55:24
2025-04-07,kr,KOSPI,2359.25,2369.4,2327.01,2328.2,619500,yfinance/fdr,2026-06-08T08:55:24
2025-04-08,kr,KOSPI,2381.2,2381.31,2328.94,2334.23,557000,yfinance/fdr,2026-06-08T08:55:24
2025-04-09,kr,KOSPI,2329.99,2337.58,2284.72,2293.7,699600,yfinance/fdr,2026-06-08T08:55:24
2025-04-10,kr,KOSPI,2395.13,2445.06,2391.39,2445.06,670400,yfinance/fdr,2026-06-08T08:55:24
2025-04-11,kr,KOSPI,2400.74,2433.18,2394.25,2432.72,369700,yfinance/fdr,2026-06-08T08:55:24
2025-04-14,kr,KOSPI,2454.28,2465.56,2449.48,2455.89,488600,yfinance/fdr,2026-06-08T08:55:24
2025-04-15,kr,KOSPI,2464.51,2482.56,2461.23,2477.41,560300,yfinance/fdr,2026-06-08T08:55:24
2025-04-16,kr,KOSPI,2472.78,2475.83,2442.72,2447.43,613200,yfinance/fdr,2026-06-08T08:55:24
2025-04-17,kr,KOSPI,2451.7,2473.24,2447.4,2470.41,601700,yfinance/fdr,2026-06-08T08:55:24
2025-04-18,kr,KOSPI,2473.3,2486.37,2466.9,2483.42,451000,yfinance/fdr,2026-06-08T08:55:24
2025-04-21,kr,KOSPI,2486.38,2498.84,2479.23,2488.42,429000,yfinance/fdr,2026-06-08T08:55:24
2025-04-22,kr,KOSPI,2481.18,2494.59,2476.14,2486.64,416700,yfinance/fdr,2026-06-08T08:55:24
2025-04-23,kr,KOSPI,2520.56,2526.72,2507.1,2525.56,538100,yfinance/fdr,2026-06-08T08:55:24
2025-04-24,kr,KOSPI,2525.34,2530.61,2507.21,2522.33,327900,yfinance/fdr,2026-06-08T08:55:24
2025-04-25,kr,KOSPI,2544.59,2553.33,2534.94,2546.3,403500,yfinance/fdr,2026-06-08T08:55:24
2025-04-28,kr,KOSPI,2551.23,2558.69,2541.97,2548.86,454100,yfinance/fdr,2026-06-08T08:55:24
2025-04-29,kr,KOSPI,2550.25,2571.41,2542.25,2565.42,547100,yfinance/fdr,2026-06-08T08:55:24
2025-04-30,kr,KOSPI,2561.04,2570.83,2544.46,2556.61,487500,yfinance/fdr,2026-06-08T08:55:24
2025-05-02,kr,KOSPI,2556.52,2567.04,2540.57,2559.79,585500,yfinance/fdr,2026-06-08T08:55:24
2025-05-07,kr,KOSPI,2577.04,2581.85,2559.17,2573.8,546800,yfinance/fdr,2026-06-08T08:55:24
2025-05-08,kr,KOSPI,2581.27,2590.9,2575.78,2579.48,471600,yfinance/fdr,2026-06-08T08:55:24
2025-05-09,kr,KOSPI,2587.93,2589.58,2571.2,2577.27,485600,yfinance/fdr,2026-06-08T08:55:24
2025-05-12,kr,KOSPI,2593.94,2607.33,2585.6,2607.33,409700,yfinance/fdr,2026-06-08T08:55:24
2025-05-13,kr,KOSPI,2601.76,2620.64,2601.58,2608.42,422500,yfinance/fdr,2026-06-08T08:55:24
2025-05-14,kr,KOSPI,2625.36,2646.01,2619.15,2640.57,390500,yfinance/fdr,2026-06-08T08:55:24
2025-05-15,kr,KOSPI,2634.5,2643.83,2618.08,2621.36,339600,yfinance/fdr,2026-06-08T08:55:24
2025-05-16,kr,KOSPI,2630.64,2633.98,2619.1,2626.87,359700,yfinance/fdr,2026-06-08T08:55:24
2025-05-19,kr,KOSPI,2613.7,2619.43,2593.44,2603.42,313300,yfinance/fdr,2026-06-08T08:55:24
2025-05-20,kr,KOSPI,2622.68,2622.91,2598.1,2601.8,457000,yfinance/fdr,2026-06-08T08:55:24
2025-05-21,kr,KOSPI,2615.9,2633.41,2614.73,2625.58,371500,yfinance/fdr,2026-06-08T08:55:24
2025-05-22,kr,KOSPI,2614.66,2616.53,2588.09,2593.67,358100,yfinance/fdr,2026-06-08T08:55:24
2025-05-23,kr,KOSPI,2603.57,2604.14,2589.51,2592.09,434000,yfinance/fdr,2026-06-08T08:55:24
2025-05-26,kr,KOSPI,2598.45,2644.4,2595.96,2644.4,380200,yfinance/fdr,2026-06-08T08:55:24
2025-05-27,kr,KOSPI,2630.29,2642.63,2625.66,2637.22,318300,yfinance/fdr,2026-06-08T08:55:24
2025-05-28,kr,KOSPI,2648.86,2692.47,2643.5,2670.15,405500,yfinance/fdr,2026-06-08T08:55:24
2025-05-29,kr,KOSPI,2691.06,2720.64,2686.64,2720.64,448300,yfinance/fdr,2026-06-08T08:55:24
2025-05-30,kr,KOSPI,2713.24,2717.54,2689.87,2697.67,525700,yfinance/fdr,2026-06-08T08:55:24
2025-06-02,kr,KOSPI,2692.91,2719.87,2685.14,2698.97,323600,yfinance/fdr,2026-06-08T08:55:24
2025-06-04,kr,KOSPI,2737.92,2771.03,2734.02,2770.84,489900,yfinance/fdr,2026-06-08T08:55:24
2025-06-05,kr,KOSPI,2790.33,2831.11,2787.76,2812.05,556000,yfinance/fdr,2026-06-08T08:55:24
2025-06-09,kr,KOSPI,2841.56,2867.27,2841.39,2855.77,537600,yfinance/fdr,2026-06-08T08:55:24
2025-06-10,kr,KOSPI,2872.62,2885.67,2849.67,2871.85,508200,yfinance/fdr,2026-06-08T08:55:24
2025-06-11,kr,KOSPI,2887.32,2908.16,2879.92,2907.04,393900,yfinance/fdr,2026-06-08T08:55:24
2025-06-12,kr,KOSPI,2909.99,2934.31,2909.99,2920.03,713700,yfinance/fdr,2026-06-08T08:55:24
2025-06-13,kr,KOSPI,2930.57,2932.38,2877.07,2894.62,931700,yfinance/fdr,2026-06-08T08:55:24
2025-06-16,kr,KOSPI,2903.5,2947.07,2886.13,2946.66,726400,yfinance/fdr,2026-06-08T08:55:24
2025-06-17,kr,KOSPI,2959.93,2998.62,2925.79,2950.3,939600,yfinance/fdr,2026-06-08T08:55:24
2025-06-18,kr,KOSPI,2933.63,2979.32,2933.63,2972.19,576500,yfinance/fdr,2026-06-08T08:55:24
2025-06-19,kr,KOSPI,2989.56,2996.04,2954.47,2977.74,433300,yfinance/fdr,2026-06-08T08:55:24
2025-06-20,kr,KOSPI,2986.52,3022.06,2972.37,3021.84,484900,yfinance/fdr,2026-06-08T08:55:24
2025-06-23,kr,KOSPI,2992.2,3019.81,2971.36,3014.47,625700,yfinance/fdr,2026-06-08T08:55:24
2025-06-24,kr,KOSPI,3061.14,3105.04,3061.14,3103.64,579200,yfinance/fdr,2026-06-08T08:55:24
2025-06-25,kr,KOSPI,3127.79,3129.09,3084.86,3108.25,644800,yfinance/fdr,2026-06-08T08:55:24
2025-06-26,kr,KOSPI,3108.34,3113.03,3036.55,3079.56,460600,yfinance/fdr,2026-06-08T08:55:24
2025-06-27,kr,KOSPI,3077.87,3093.56,3041.85,3055.94,381600,yfinance/fdr,2026-06-08T08:55:24
2025-06-30,kr,KOSPI,3072.75,3086.0,3063.42,3071.7,464200,yfinance/fdr,2026-06-08T08:55:24
2025-07-01,kr,KOSPI,3089.64,3133.52,3088.45,3089.65,576000,yfinance/fdr,2026-06-08T08:55:24
2025-07-02,kr,KOSPI,3083.82,3090.61,3032.47,3075.06,696800,yfinance/fdr,2026-06-08T08:55:24
2025-07-03,kr,KOSPI,3100.33,3116.27,3085.98,3116.27,539100,yfinance/fdr,2026-06-08T08:55:24
2025-07-04,kr,KOSPI,3122.28,3123.84,3052.91,3054.28,520800,yfinance/fdr,2026-06-08T08:55:24
2025-07-07,kr,KOSPI,3044.78,3068.43,3032.99,3059.47,359400,yfinance/fdr,2026-06-08T08:55:24
2025-07-08,kr,KOSPI,3071.74,3115.86,3066.03,3114.95,745800,yfinance/fdr,2026-06-08T08:55:24
2025-07-09,kr,KOSPI,3123.22,3137.17,3111.02,3133.74,643000,yfinance/fdr,2026-06-08T08:55:24
2025-07-10,kr,KOSPI,3144.14,3183.23,3133.81,3183.23,596600,yfinance/fdr,2026-06-08T08:55:24
2025-07-11,kr,KOSPI,3186.35,3216.69,3170.46,3175.77,465300,yfinance/fdr,2026-06-08T08:55:24
2025-07-14,kr,KOSPI,3175.59,3202.06,3170.72,3202.03,444000,yfinance/fdr,2026-06-08T08:55:24
2025-07-15,kr,KOSPI,3194.82,3216.01,3183.83,3215.28,419700,yfinance/fdr,2026-06-08T08:55:24
2025-07-16,kr,KOSPI,3207.48,3209.2,3178.42,3186.38,531500,yfinance/fdr,2026-06-08T08:55:24
2025-07-17,kr,KOSPI,3201.42,3201.42,3152.42,3192.29,424800,yfinance/fdr,2026-06-08T08:55:24
2025-07-18,kr,KOSPI,3200.44,3204.75,3169.69,3188.07,393400,yfinance/fdr,2026-06-08T08:55:24
2025-07-21,kr,KOSPI,3191.11,3211.14,3188.87,3210.81,343900,yfinance/fdr,2026-06-08T08:55:24
2025-07-22,kr,KOSPI,3210.12,3220.27,3155.25,3169.94,378500,yfinance/fdr,2026-06-08T08:55:24
2025-07-23,kr,KOSPI,3189.65,3199.86,3141.93,3183.77,664800,yfinance/fdr,2026-06-08T08:55:24
2025-07-24,kr,KOSPI,3209.43,3237.97,3183.05,3190.45,425500,yfinance/fdr,2026-06-08T08:55:24
2025-07-25,kr,KOSPI,3184.37,3205.82,3184.37,3196.05,389300,yfinance/fdr,2026-06-08T08:55:24
2025-07-28,kr,KOSPI,3228.61,3228.61,3180.18,3209.52,502700,yfinance/fdr,2026-06-08T08:55:24
2025-07-29,kr,KOSPI,3192.17,3232.31,3169.03,3230.57,373200,yfinance/fdr,2026-06-08T08:55:24
2025-07-30,kr,KOSPI,3233.31,3269.4,3227.28,3254.47,338100,yfinance/fdr,2026-06-08T08:55:24
2025-07-31,kr,KOSPI,3275.78,3288.26,3227.46,3245.44,540300,yfinance/fdr,2026-06-08T08:55:24
2025-08-01,kr,KOSPI,3210.32,3210.32,3117.92,3119.41,507800,yfinance/fdr,2026-06-08T08:55:24
2025-08-04,kr,KOSPI,3114.27,3157.45,3105.63,3147.75,293500,yfinance/fdr,2026-06-08T08:55:24
2025-08-05,kr,KOSPI,3187.15,3212.31,3174.23,3198.0,273400,yfinance/fdr,2026-06-08T08:55:24
2025-08-06,kr,KOSPI,3182.06,3200.15,3176.61,3198.14,327400,yfinance/fdr,2026-06-08T08:55:24
2025-08-07,kr,KOSPI,3214.81,3227.68,3200.28,3227.68,327000,yfinance/fdr,2026-06-08T08:55:24
2025-08-08,kr,KOSPI,3220.58,3227.28,3198.31,3210.01,341400,yfinance/fdr,2026-06-08T08:55:24
2025-08-11,kr,KOSPI,3220.72,3223.23,3199.9,3206.77,305000,yfinance/fdr,2026-06-08T08:55:24
2025-08-12,kr,KOSPI,3209.75,3242.17,3189.58,3189.91,373200,yfinance/fdr,2026-06-08T08:55:24
2025-08-13,kr,KOSPI,3225.4,3226.37,3192.17,3224.37,320100,yfinance/fdr,2026-06-08T08:55:24
2025-08-14,kr,KOSPI,3226.52,3239.55,3210.83,3225.66,441500,yfinance/fdr,2026-06-08T08:55:24
2025-08-18,kr,KOSPI,3202.63,3206.77,3177.28,3177.28,326100,yfinance/fdr,2026-06-08T08:55:24
2025-08-19,kr,KOSPI,3185.04,3185.48,3142.48,3151.56,285300,yfinance/fdr,2026-06-08T08:55:24
2025-08-20,kr,KOSPI,3121.52,3132.83,3079.27,3130.09,335300,yfinance/fdr,2026-06-08T08:55:24
2025-08-21,kr,KOSPI,3140.71,3166.54,3134.86,3141.74,276900,yfinance/fdr,2026-06-08T08:55:24
2025-08-22,kr,KOSPI,3165.41,3181.95,3159.45,3168.73,236800,yfinance/fdr,2026-06-08T08:55:24
2025-08-25,kr,KOSPI,3195.14,3209.86,3180.12,3209.86,220200,yfinance/fdr,2026-06-08T08:55:24
2025-08-26,kr,KOSPI,3199.92,3199.92,3175.31,3179.36,325400,yfinance/fdr,2026-06-08T08:55:24
2025-08-27,kr,KOSPI,3185.87,3189.31,3165.77,3187.16,281700,yfinance/fdr,2026-06-08T08:55:24
2025-08-28,kr,KOSPI,3175.33,3211.34,3164.08,3196.32,312200,yfinance/fdr,2026-06-08T08:55:24
2025-08-29,kr,KOSPI,3208.8,3212.69,3184.48,3186.01,245100,yfinance/fdr,2026-06-08T08:55:24
2025-09-01,kr,KOSPI,3164.58,3177.4,3135.02,3142.93,260100,yfinance/fdr,2026-06-08T08:55:24
2025-09-02,kr,KOSPI,3155.73,3174.16,3151.93,3172.35,310700,yfinance/fdr,2026-06-08T08:55:24
2025-09-03,kr,KOSPI,3177.75,3187.48,3167.23,3184.42,335800,yfinance/fdr,2026-06-08T08:55:24
2025-09-04,kr,KOSPI,3188.84,3205.61,3185.49,3200.83,286300,yfinance/fdr,2026-06-08T08:55:24
2025-09-05,kr,KOSPI,3208.83,3214.64,3196.19,3205.12,323800,yfinance/fdr,2026-06-08T08:55:24
2025-09-08,kr,KOSPI,3209.81,3221.14,3206.34,3219.59,372300,yfinance/fdr,2026-06-08T08:55:24
2025-09-09,kr,KOSPI,3231.31,3260.05,3221.98,3260.05,439900,yfinance/fdr,2026-06-08T08:55:24
2025-09-10,kr,KOSPI,3272.2,3317.77,3272.07,3314.53,564700,yfinance/fdr,2026-06-08T08:55:24
2025-09-11,kr,KOSPI,3336.6,3344.7,3311.86,3344.2,435600,yfinance/fdr,2026-06-08T08:55:24
2025-09-12,kr,KOSPI,3374.65,3395.54,3362.86,3395.54,448900,yfinance/fdr,2026-06-08T08:55:24
2025-09-15,kr,KOSPI,3407.78,3420.23,3391.33,3407.31,378900,yfinance/fdr,2026-06-08T08:55:24
2025-09-16,kr,KOSPI,3421.13,3452.5,3418.1,3449.62,406200,yfinance/fdr,2026-06-08T08:55:24
2025-09-17,kr,KOSPI,3433.83,3433.83,3406.75,3413.4,326600,yfinance/fdr,2026-06-08T08:55:24
2025-09-18,kr,KOSPI,3432.77,3461.3,3422.77,3461.3,391200,yfinance/fdr,2026-06-08T08:55:24
2025-09-19,kr,KOSPI,3461.23,3467.89,3434.61,3445.24,348800,yfinance/fdr,2026-06-08T08:55:24
2025-09-22,kr,KOSPI,3463.84,3482.25,3458.87,3468.65,287900,yfinance/fdr,2026-06-08T08:55:24
2025-09-23,kr,KOSPI,3489.46,3494.49,3467.83,3486.19,358300,yfinance/fdr,2026-06-08T08:55:24
2025-09-24,kr,KOSPI,3492.03,3497.95,3442.41,3472.14,287100,yfinance/fdr,2026-06-08T08:55:24
2025-09-25,kr,KOSPI,3458.98,3479.42,3454.08,3471.11,293100,yfinance/fdr,2026-06-08T08:55:24
2025-09-26,kr,KOSPI,3440.39,3441.91,3365.73,3386.05,399200,yfinance/fdr,2026-06-08T08:55:24
2025-09-29,kr,KOSPI,3414.43,3439.12,3413.33,3431.21,416500,yfinance/fdr,2026-06-08T08:55:24
2025-09-30,kr,KOSPI,3436.0,3443.38,3421.89,3424.6,526400,yfinance/fdr,2026-06-08T08:55:24
2025-10-01,kr,KOSPI,3444.06,3459.74,3440.42,3455.83,493600,yfinance/fdr,2026-06-08T08:55:24
2025-10-02,kr,KOSPI,3525.48,3565.96,3512.16,3549.21,402100,yfinance/fdr,2026-06-08T08:55:24
2025-10-10,kr,KOSPI,3598.11,3617.86,3569.44,3610.6,407400,yfinance/fdr,2026-06-08T08:55:24
2025-10-13,kr,KOSPI,3550.08,3584.55,3522.54,3584.55,408000,yfinance/fdr,2026-06-08T08:55:24
2025-10-14,kr,KOSPI,3604.12,3646.77,3535.52,3561.81,734100,yfinance/fdr,2026-06-08T08:55:24
2025-10-15,kr,KOSPI,3580.64,3659.91,3577.06,3657.28,543600,yfinance/fdr,2026-06-08T08:55:24
2025-10-16,kr,KOSPI,3675.82,3748.37,3675.82,3748.37,495800,yfinance/fdr,2026-06-08T08:55:24
2025-10-17,kr,KOSPI,3732.76,3794.87,3722.07,3748.89,420800,yfinance/fdr,2026-06-08T08:55:24
2025-10-20,kr,KOSPI,3775.4,3814.69,3728.38,3814.69,410100,yfinance/fdr,2026-06-08T08:55:24
2025-10-21,kr,KOSPI,3851.01,3893.06,3816.19,3823.84,526900,yfinance/fdr,2026-06-08T08:55:24
2025-10-22,kr,KOSPI,3827.23,3883.68,3794.52,3883.68,597200,yfinance/fdr,2026-06-08T08:55:24
2025-10-23,kr,KOSPI,3835.79,3902.21,3822.33,3845.56,423600,yfinance/fdr,2026-06-08T08:55:24
2025-10-24,kr,KOSPI,3893.23,3951.07,3886.64,3941.59,426900,yfinance/fdr,2026-06-08T08:55:24
2025-10-27,kr,KOSPI,3999.79,4042.83,3999.79,4042.83,517000,yfinance/fdr,2026-06-08T08:55:24
2025-10-28,kr,KOSPI,4010.47,4018.22,3972.56,4010.41,408200,yfinance/fdr,2026-06-08T08:55:24
2025-10-29,kr,KOSPI,4061.54,4084.09,4014.84,4081.15,466900,yfinance/fdr,2026-06-08T08:55:24
2025-10-30,kr,KOSPI,4105.95,4146.72,4070.79,4086.89,566500,yfinance/fdr,2026-06-08T08:55:24
2025-10-31,kr,KOSPI,4083.25,4122.09,4059.74,4107.5,408300,yfinance/fdr,2026-06-08T08:55:24
2025-11-03,kr,KOSPI,4123.36,4221.92,4123.36,4221.87,472700,yfinance/fdr,2026-06-08T08:55:24
2025-11-04,kr,KOSPI,4219.24,4226.75,4117.91,4121.74,423500,yfinance/fdr,2026-06-08T08:55:24
2025-11-05,kr,KOSPI,4055.47,4055.47,3867.81,4004.42,594200,yfinance/fdr,2026-06-08T08:55:24
2025-11-06,kr,KOSPI,4092.46,4111.96,3985.29,4026.45,423400,yfinance/fdr,2026-06-08T08:55:24
2025-11-07,kr,KOSPI,3963.72,4037.61,3887.32,3953.76,377100,yfinance/fdr,2026-06-08T08:55:24
2025-11-10,kr,KOSPI,3991.87,4092.91,3984.24,4073.24,339500,yfinance/fdr,2026-06-08T08:55:24
2025-11-11,kr,KOSPI,4124.3,4187.46,4066.58,4106.39,377600,yfinance/fdr,2026-06-08T08:55:24
2025-11-12,kr,KOSPI,4097.44,4154.62,4088.86,4150.39,334600,yfinance/fdr,2026-06-08T08:55:24
2025-11-13,kr,KOSPI,4127.57,4188.54,4123.84,4170.63,424200,yfinance/fdr,2026-06-08T08:55:24
2025-11-14,kr,KOSPI,4061.91,4092.76,4011.4,4011.57,400000,yfinance/fdr,2026-06-08T08:55:24
2025-11-17,kr,KOSPI,4078.57,4089.88,4045.4,4089.25,344100,yfinance/fdr,2026-06-08T08:55:24
2025-11-18,kr,KOSPI,4044.47,4072.41,3953.26,3953.62,319700,yfinance/fdr,2026-06-08T08:55:24
2025-11-19,kr,KOSPI,3966.64,3966.64,3854.95,3929.51,338200,yfinance/fdr,2026-06-08T08:55:24
2025-11-20,kr,KOSPI,4030.97,4059.37,4001.31,4004.85,360300,yfinance/fdr,2026-06-08T08:55:24
2025-11-21,kr,KOSPI,3908.7,3911.55,3838.46,3853.26,319300,yfinance/fdr,2026-06-08T08:55:24
2025-11-24,kr,KOSPI,3915.16,3917.16,3838.2,3846.06,373100,yfinance/fdr,2026-06-08T08:55:24
2025-11-25,kr,KOSPI,3942.36,3946.61,3833.35,3857.78,279300,yfinance/fdr,2026-06-08T08:55:24
2025-11-26,kr,KOSPI,3891.88,3960.87,3866.66,3960.87,295300,yfinance/fdr,2026-06-08T08:55:24
2025-11-27,kr,KOSPI,3989.45,4023.42,3968.43,3986.91,257900,yfinance/fdr,2026-06-08T08:55:24
2025-11-28,kr,KOSPI,3995.3,3995.3,3921.89,3926.59,241900,yfinance/fdr,2026-06-08T08:55:24
2025-12-01,kr,KOSPI,3967.92,3977.31,3892.08,3920.37,296900,yfinance/fdr,2026-06-08T08:55:24
2025-12-02,kr,KOSPI,3939.09,3994.93,3935.14,3994.93,319000,yfinance/fdr,2026-06-08T08:55:24
2025-12-03,kr,KOSPI,4010.26,4052.83,3987.76,4036.3,290900,yfinance/fdr,2026-06-08T08:55:24
2025-12-04,kr,KOSPI,4018.91,4028.53,3982.54,4028.51,352000,yfinance/fdr,2026-06-08T08:55:24
2025-12-05,kr,KOSPI,4023.5,4100.05,4003.29,4100.05,478500,yfinance/fdr,2026-06-08T08:55:24
2025-12-08,kr,KOSPI,4109.25,4154.85,4081.26,4154.85,395600,yfinance/fdr,2026-06-08T08:55:24
2025-12-09,kr,KOSPI,4129.77,4152.18,4121.21,4143.55,400600,yfinance/fdr,2026-06-08T08:55:24
2025-12-10,kr,KOSPI,4159.05,4172.64,4123.6,4135.0,317900,yfinance/fdr,2026-06-08T08:55:24
2025-12-11,kr,KOSPI,4163.32,4170.77,4103.2,4110.62,539800,yfinance/fdr,2026-06-08T08:55:24
2025-12-12,kr,KOSPI,4123.83,4168.17,4120.73,4167.16,426600,yfinance/fdr,2026-06-08T08:55:24
2025-12-15,kr,KOSPI,4053.74,4123.19,4052.65,4090.59,346800,yfinance/fdr,2026-06-08T08:55:24
2025-12-16,kr,KOSPI,4093.32,4099.01,3996.23,3999.13,374000,yfinance/fdr,2026-06-08T08:55:24
2025-12-17,kr,KOSPI,4019.43,4060.24,3994.65,4056.41,361000,yfinance/fdr,2026-06-08T08:55:24
2025-12-18,kr,KOSPI,3989.6,4030.65,3975.5,3994.51,581400,yfinance/fdr,2026-06-08T08:55:24
2025-12-19,kr,KOSPI,4055.78,4055.78,3997.05,4020.55,442700,yfinance/fdr,2026-06-08T08:55:24
2025-12-22,kr,KOSPI,4096.26,4105.93,4083.13,4105.93,315600,yfinance/fdr,2026-06-08T08:55:24
2025-12-23,kr,KOSPI,4127.4,4140.84,4110.25,4117.32,385800,yfinance/fdr,2026-06-08T08:55:24
2025-12-24,kr,KOSPI,4136.24,4137.2,4106.62,4108.62,363600,yfinance/fdr,2026-06-08T08:55:24
2025-12-26,kr,KOSPI,4130.37,4143.14,4116.53,4129.68,510200,yfinance/fdr,2026-06-08T08:55:24
2025-12-29,kr,KOSPI,4146.48,4220.56,4146.48,4220.56,502400,yfinance/fdr,2026-06-08T08:55:24
2025-12-30,kr,KOSPI,4193.75,4226.36,4186.95,4214.17,408200,yfinance/fdr,2026-06-08T08:55:24
2026-01-02,kr,KOSPI,4224.53,4313.55,4216.68,4309.63,406300,yfinance/fdr,2026-06-08T08:55:24
2026-01-05,kr,KOSPI,4385.92,4457.52,4381.93,4457.52,513900,yfinance/fdr,2026-06-08T08:55:24
2026-01-06,kr,KOSPI,4446.08,4525.48,4395.0,4525.48,498400,yfinance/fdr,2026-06-08T08:55:24
2026-01-07,kr,KOSPI,4566.34,4611.72,4488.2,4551.06,553700,yfinance/fdr,2026-06-08T08:55:24
2026-01-08,kr,KOSPI,4531.46,4622.32,4527.5,4552.37,440100,yfinance/fdr,2026-06-08T08:55:24
2026-01-09,kr,KOSPI,4530.03,4590.03,4500.48,4586.32,399200,yfinance/fdr,2026-06-08T08:55:24
2026-01-12,kr,KOSPI,4639.89,4652.54,4567.55,4624.79,394800,yfinance/fdr,2026-06-08T08:55:24
2026-01-13,kr,KOSPI,4662.44,4693.07,4641.58,4692.64,429200,yfinance/fdr,2026-06-08T08:55:24
2026-01-14,kr,KOSPI,4685.11,4723.1,4669.32,4723.1,550400,yfinance/fdr,2026-06-08T08:55:24
2026-01-15,kr,KOSPI,4710.28,4797.55,4705.44,4797.55,545200,yfinance/fdr,2026-06-08T08:55:24
2026-01-16,kr,KOSPI,4820.66,4855.61,4797.75,4840.74,720900,yfinance/fdr,2026-06-08T08:55:24
2026-01-19,kr,KOSPI,4829.4,4917.37,4827.95,4904.66,570800,yfinance/fdr,2026-06-08T08:55:24
2026-01-20,kr,KOSPI,4900.28,4935.48,4823.88,4885.75,667700,yfinance/fdr,2026-06-08T08:55:24
2026-01-21,kr,KOSPI,4808.94,4910.54,4807.13,4909.93,600100,yfinance/fdr,2026-06-08T08:55:24
2026-01-22,kr,KOSPI,4987.06,5019.54,4934.17,4952.53,568600,yfinance/fdr,2026-06-08T08:55:24
2026-01-23,kr,KOSPI,4984.08,5021.13,4926.22,4990.07,612600,yfinance/fdr,2026-06-08T08:55:24
2026-01-26,kr,KOSPI,4997.54,5023.76,4940.78,4949.59,446900,yfinance/fdr,2026-06-08T08:55:24
2026-01-27,kr,KOSPI,4932.89,5084.85,4890.72,5084.85,476200,yfinance/fdr,2026-06-08T08:55:24
2026-01-28,kr,KOSPI,5145.39,5183.44,5124.8,5170.81,593100,yfinance/fdr,2026-06-08T08:55:24
2026-01-29,kr,KOSPI,5243.42,5252.61,5073.12,5221.25,699700,yfinance/fdr,2026-06-08T08:55:24
2026-01-30,kr,KOSPI,5210.35,5321.68,5199.78,5224.36,862500,yfinance/fdr,2026-06-08T08:55:24
2026-02-02,kr,KOSPI,5122.62,5196.71,4933.58,4949.67,572500,yfinance/fdr,2026-06-08T08:55:24
2026-02-03,kr,KOSPI,5114.81,5288.08,5101.31,5288.08,672600,yfinance/fdr,2026-06-08T08:55:24
2026-02-04,kr,KOSPI,5260.71,5376.92,5243.11,5371.1,789900,yfinance/fdr,2026-06-08T08:55:24
2026-02-05,kr,KOSPI,5251.03,5304.4,5142.2,5163.57,911900,yfinance/fdr,2026-06-08T08:55:24
2026-02-06,kr,KOSPI,5013.15,5120.77,4899.3,5089.14,745800,yfinance/fdr,2026-06-08T08:55:24
2026-02-09,kr,KOSPI,5299.1,5322.35,5265.08,5298.04,617700,yfinance/fdr,2026-06-08T08:55:24
2026-02-10,kr,KOSPI,5350.21,5363.62,5286.67,5301.69,712300,yfinance/fdr,2026-06-08T08:55:24
2026-02-11,kr,KOSPI,5293.75,5374.23,5257.53,5354.49,753800,yfinance/fdr,2026-06-08T08:55:24
2026-02-12,kr,KOSPI,5425.39,5522.27,5399.52,5522.27,750600,yfinance/fdr,2026-06-08T08:55:24
2026-02-13,kr,KOSPI,5513.71,5583.74,5480.92,5507.01,1290700,yfinance/fdr,2026-06-08T08:55:24
2026-02-19,kr,KOSPI,5642.09,5681.65,5614.97,5677.25,1185800,yfinance/fdr,2026-06-08T08:55:24
2026-02-20,kr,KOSPI,5696.89,5809.91,5684.58,5808.53,1749300,yfinance/fdr,2026-06-08T08:55:24
2026-02-23,kr,KOSPI,5903.11,5931.86,5792.57,5846.09,1477800,yfinance/fdr,2026-06-08T08:55:24
2026-02-24,kr,KOSPI,5853.48,5969.64,5775.61,5969.64,1602000,yfinance/fdr,2026-06-08T08:55:24
2026-02-25,kr,KOSPI,6022.7,6144.71,5984.28,6083.86,1415300,yfinance/fdr,2026-06-08T08:55:24
2026-02-26,kr,KOSPI,6121.03,6313.27,6107.41,6307.27,1409600,yfinance/fdr,2026-06-08T08:55:24
2026-02-27,kr,KOSPI,6197.49,6347.41,6153.87,6244.13,1166100,yfinance/fdr,2026-06-08T08:55:24
2026-03-03,kr,KOSPI,6165.15,6180.45,5791.65,5791.91,1227200,yfinance/fdr,2026-06-08T08:55:24
2026-03-04,kr,KOSPI,5592.59,5672.12,5059.45,5093.54,1637600,yfinance/fdr,2026-06-08T08:55:24
2026-03-05,kr,KOSPI,5250.92,5715.3,5248.13,5583.9,1660700,yfinance/fdr,2026-06-08T08:55:24
2026-03-06,kr,KOSPI,5491.02,5609.98,5381.27,5584.87,1223000,yfinance/fdr,2026-06-08T08:55:24
2026-03-09,kr,KOSPI,5265.37,5327.42,5096.16,5251.87,1026200,yfinance/fdr,2026-06-08T08:55:24
2026-03-10,kr,KOSPI,5523.21,5595.88,5427.88,5532.59,923200,yfinance/fdr,2026-06-08T08:55:24
2026-03-11,kr,KOSPI,5658.72,5746.36,5559.69,5609.95,1050900,yfinance/fdr,2026-06-08T08:55:24
2026-03-12,kr,KOSPI,5567.65,5629.07,5527.47,5583.25,801300,yfinance/fdr,2026-06-08T08:55:24
2026-03-13,kr,KOSPI,5412.39,5537.59,5392.52,5487.24,907700,yfinance/fdr,2026-06-08T08:55:24
2026-03-16,kr,KOSPI,5510.82,5561.42,5448.75,5549.85,1073900,yfinance/fdr,2026-06-08T08:55:24
2026-03-17,kr,KOSPI,5711.8,5717.13,5632.86,5640.48,1135100,yfinance/fdr,2026-06-08T08:55:24
2026-03-18,kr,KOSPI,5767.1,5934.35,5766.14,5925.03,1143800,yfinance/fdr,2026-06-08T08:55:24
2026-03-19,kr,KOSPI,5761.4,5863.39,5738.95,5763.22,1184200,yfinance/fdr,2026-06-08T08:55:24
2026-03-20,kr,KOSPI,5813.35,5833.68,5764.64,5781.2,1490800,yfinance/fdr,2026-06-08T08:55:24
2026-03-23,kr,KOSPI,5580.15,5580.15,5397.94,5405.75,1125600,yfinance/fdr,2026-06-08T08:55:24
2026-03-24,kr,KOSPI,5638.2,5643.0,5395.17,5553.92,1170500,yfinance/fdr,2026-06-08T08:55:24
2026-03-25,kr,KOSPI,5680.33,5740.97,5630.07,5642.21,763200,yfinance/fdr,2026-06-08T08:55:24
2026-03-26,kr,KOSPI,5594.06,5598.37,5448.12,5460.46,925100,yfinance/fdr,2026-06-08T08:55:24
2026-03-27,kr,KOSPI,5300.61,5462.51,5220.1,5438.87,900100,yfinance/fdr,2026-06-08T08:55:24
2026-03-30,kr,KOSPI,5181.8,5297.35,5151.22,5277.3,727400,yfinance/fdr,2026-06-08T08:55:24
2026-03-31,kr,KOSPI,5143.75,5233.99,5042.99,5052.46,1163300,yfinance/fdr,2026-06-08T08:55:24
2026-04-01,kr,KOSPI,5330.04,5512.33,5272.45,5478.7,959000,yfinance/fdr,2026-06-08T08:55:24
2026-04-02,kr,KOSPI,5551.69,5574.62,5170.27,5234.05,1428200,yfinance/fdr,2026-06-08T08:55:24
2026-04-03,kr,KOSPI,5375.5,5419.45,5316.42,5377.3,1185200,yfinance/fdr,2026-06-08T08:55:24
2026-04-06,kr,KOSPI,5423.35,5505.61,5404.91,5450.33,1110500,yfinance/fdr,2026-06-08T08:55:24
2026-04-07,kr,KOSPI,5552.19,5594.9,5424.46,5494.78,990400,yfinance/fdr,2026-06-08T08:55:24
2026-04-08,kr,KOSPI,5804.7,5919.6,5774.0,5872.34,932600,yfinance/fdr,2026-06-08T08:55:24
2026-04-09,kr,KOSPI,5826.45,5862.41,5757.49,5778.01,1026700,yfinance/fdr,2026-06-08T08:55:24
2026-04-10,kr,KOSPI,5876.12,5918.59,5850.83,5858.87,1002400,yfinance/fdr,2026-06-08T08:55:24
2026-04-13,kr,KOSPI,5737.28,5827.73,5730.23,5808.62,1083200,yfinance/fdr,2026-06-08T08:55:24
2026-04-14,kr,KOSPI,5960.0,6026.52,5938.33,5967.75,889500,yfinance/fdr,2026-06-08T08:55:24
2026-04-15,kr,KOSPI,6141.6,6183.21,6064.23,6091.39,923800,yfinance/fdr,2026-06-08T08:55:24
2026-04-16,kr,KOSPI,6149.49,6231.03,6126.06,6226.05,925700,yfinance/fdr,2026-06-08T08:55:24
2026-04-17,kr,KOSPI,6227.33,6230.32,6159.88,6191.92,689700,yfinance/fdr,2026-06-08T08:55:24
2026-04-20,kr,KOSPI,6213.92,6278.36,6176.75,6219.09,692900,yfinance/fdr,2026-06-08T08:55:24
2026-04-21,kr,KOSPI,6302.54,6388.47,6302.54,6388.47,792000,yfinance/fdr,2026-06-08T08:55:24
2026-04-22,kr,KOSPI,6387.57,6423.29,6318.51,6417.93,900100,yfinance/fdr,2026-06-08T08:55:24
2026-04-23,kr,KOSPI,6488.83,6557.76,6309.1,6475.81,1042400,yfinance/fdr,2026-06-08T08:55:24
2026-04-24,kr,KOSPI,6496.1,6516.54,6403.74,6475.63,878200,yfinance/fdr,2026-06-08T08:55:24
2026-04-27,kr,KOSPI,6533.6,6657.22,6529.19,6615.03,842700,yfinance/fdr,2026-06-08T08:55:24
2026-04-28,kr,KOSPI,6646.8,6712.73,6621.73,6641.02,1139500,yfinance/fdr,2026-06-08T08:55:24
2026-04-29,kr,KOSPI,6619.0,6702.38,6596.03,6690.9,717900,yfinance/fdr,2026-06-08T08:55:24
2026-04-30,kr,KOSPI,6739.39,6750.27,6597.83,6598.87,685500,yfinance/fdr,2026-06-08T08:55:24
2026-05-04,kr,KOSPI,6782.93,6937.0,6741.63,6936.99,873000,yfinance/fdr,2026-06-08T08:55:24
2026-05-06,kr,KOSPI,7093.01,7426.6,7093.01,7384.56,995700,yfinance/fdr,2026-06-08T08:55:24
2026-05-07,kr,KOSPI,7499.07,7531.88,7257.89,7490.05,767500,yfinance/fdr,2026-06-08T08:55:24
2026-05-08,kr,KOSPI,7353.94,7511.01,7318.96,7498.0,523100,yfinance/fdr,2026-06-08T08:55:24
2026-05-11,kr,KOSPI,7775.31,7899.32,7713.49,7822.24,731300,yfinance/fdr,2026-06-08T08:55:24
2026-05-12,kr,KOSPI,7953.41,7999.67,7421.71,7643.15,1021100,yfinance/fdr,2026-06-08T08:55:24
2026-05-13,kr,KOSPI,7513.65,7855.47,7402.36,7844.01,738700,yfinance/fdr,2026-06-08T08:55:24
2026-05-14,kr,KOSPI,7873.91,7991.04,7842.72,7981.41,849900,yfinance/fdr,2026-06-08T08:55:24
2026-05-15,kr,KOSPI,7951.75,8046.78,7371.68,7493.18,885600,yfinance/fdr,2026-06-08T08:55:24
2026-05-18,kr,KOSPI,7443.29,7636.2,7142.71,7516.04,566600,yfinance/fdr,2026-06-08T08:55:24
2026-05-19,kr,KOSPI,7425.66,7446.57,7141.91,7271.66,533500,yfinance/fdr,2026-06-08T08:55:24
2026-05-20,kr,KOSPI,7324.52,7324.52,7053.84,7208.95,492500,yfinance/fdr,2026-06-08T08:55:24
2026-05-21,kr,KOSPI,7486.37,7819.23,7486.37,7815.59,621100,yfinance/fdr,2026-06-08T08:55:24
2026-05-22,kr,KOSPI,7873.12,7886.64,7780.13,7847.71,435500,yfinance/fdr,2026-06-08T08:55:24
2026-05-26,kr,KOSPI,8070.91,8131.15,8008.19,8047.51,519600,yfinance/fdr,2026-06-08T08:55:24
2026-05-27,kr,KOSPI,8242.12,8457.09,8220.04,8228.7,619500,yfinance/fdr,2026-06-08T08:55:24
2026-05-28,kr,KOSPI,8165.73,8253.6,7841.01,8185.29,669000,yfinance/fdr,2026-06-08T08:55:24
2026-05-29,kr,KOSPI,8384.31,8476.15,8273.74,8476.15,735100,yfinance/fdr,2026-06-08T08:55:24
2026-06-01,kr,KOSPI,8485.67,8874.16,8485.67,8788.38,636200,yfinance/fdr,2026-06-08T08:55:24
2026-06-02,kr,KOSPI,8883.19,8933.62,8503.12,8801.49,632600,yfinance/fdr,2026-06-08T08:55:24
2026-06-04,kr,KOSPI,8623.82,8759.05,8577.3,8639.41,437900,yfinance/fdr,2026-06-08T08:55:24
2026-06-05,kr,KOSPI,8323.2,8382.16,8038.1,8160.59,463200,yfinance/fdr,2026-06-08T08:55:24
