date,market,symbol,name,open,high,low,close,volume,source
2024-06-10,,,,191.00921185125108,192.5431055563028,190.24225768450825,191.36392211914065,6070800,
2024-06-11,,,,189.73415971337363,189.7629192155564,185.60221211085312,186.330810546875,9235300,
2024-06-12,,,,187.9030786059077,188.5933359833063,183.406824027288,183.61773681640625,12751300,
2024-06-13,,,,184.3751043127768,186.54173652510667,182.99458959650315,185.6597442626953,8587800,
2024-06-14,,,,183.54103282309364,186.81016629946183,183.5122733191848,185.7747802734375,6874000,
2024-06-17,,,,185.4871828705368,187.50043604788635,184.68188745097152,186.9252166748047,8725400,
2024-06-18,,,,186.56092242282216,189.7821186897688,186.1103373327704,188.8617706298828,9023000,
2024-06-20,,,,188.2769434150986,191.21052959046503,188.00851164927644,190.46275329589844,8731100,
2024-06-21,,,,188.5837245804855,189.0247133401474,186.19658364154083,188.190658569336,20972100,
2024-06-24,,,,189.6383038349325,190.99964071138496,188.9576427109241,190.6641082763672,9785900,
2024-06-25,,,,189.9067364933477,191.8049516055998,189.5712040568121,189.8875732421875,6862500,
2024-06-26,,,,189.29316469485687,189.7629276320688,188.1715001746751,189.27398681640625,7758600,
2024-06-27,,,,189.28358009107907,191.6036059802996,188.76587978010525,190.94210815429688,7913500,
2024-06-28,,,,191.74741410626976,194.23043015450835,191.06675299288665,193.9044647216797,15307600,
2024-07-01,,,,194.4604827458305,198.53491119480896,194.2879257390516,196.9626617431641,10205800,
2024-07-02,,,,196.8092810628776,200.2318082090956,196.31077325787848,200.2030487060547,7802900,
2024-07-03,,,,200.893305615925,201.68901933140828,199.07178753267723,200.0688323974609,5560900,
2024-07-05,,,,199.5386307511077,199.90494123598648,197.1575464066805,197.4178161621093,8093100,
2024-07-08,,,,197.65880904209365,199.45185194834565,196.62733535762965,197.7841339111328,8707000,
2024-07-09,,,,198.22757616752443,202.20889121555817,198.05404829847083,200.15557861328125,9058900,
2024-07-10,,,,198.71924271374257,200.4833669938856,198.1794042976429,200.31948852539065,8328500,
2024-07-11,,,,198.7867338675259,200.60869591324348,197.98661094561373,199.98208618164065,10658100,
2024-07-12,,,,196.65627534258937,199.9820770572198,194.82467866192133,197.5624389648437,15443400,
2024-07-15,,,,199.73142020773267,203.9923039434172,199.27833844604416,202.48846435546875,10719700,
2024-07-16,,,,202.4402970042429,206.045667589165,200.58941605391487,205.9299774169922,11557000,
2024-07-17,,,,206.1034814139679,209.72812101590785,205.5925619004084,209.06295776367188,11572500,
2024-07-18,,,,207.86762186082976,208.84125795726533,201.70765364332567,202.42100524902344,12415100,
2024-07-19,,,,203.59707529601897,204.7056856367412,201.3991534690736,202.2281951904297,8095900,
2024-07-22,,,,202.8837329720962,204.53216706260875,202.16073195111863,202.710205078125,7663200,
2024-07-23,,,,203.4235708839668,203.86700327176683,201.8136903796621,202.75840759277344,5557300,
2024-07-24,,,,202.00648720315863,204.3972064486996,200.5797693141496,201.0810394287109,7119000,
2024-07-25,,,,201.1388579458968,202.6234281304816,200.56046601291564,201.1581420898437,6403800,
2024-07-26,,,,201.7076510542703,205.48653464267105,201.1099602050813,204.5996551513672,8027800,
2024-07-29,,,,204.9948953722644,205.92034320445043,202.97050122294223,203.2597045898437,6533600,
2024-07-30,,,,205.5540018271571,208.02184290665085,205.2937320559166,207.4434509277344,8850700,
2024-07-31,,,,207.04821445631424,208.60025726077208,205.01417096363343,205.1394958496093,9071600,
2024-08-01,,,,205.5250819532728,206.13240750216767,198.9506004887708,200.4737243652344,10918600,
2024-08-02,,,,196.540593467653,197.3021480368774,189.8022189578119,191.97122192382807,18041700,
2024-08-05,,,,187.06444261471967,189.1081205261127,184.02782989843283,187.8838348388672,13927000,
2024-08-06,,,,188.36583747544628,195.30665821021745,187.01624161562503,193.1280059814453,10605800,
2024-08-07,,,,196.1838966420379,198.3432648205562,192.99305473526,193.18585205078125,9204400,
2024-08-08,,,,195.1813375860281,197.533503029578,194.52580907593605,196.714096069336,7761200,
2024-08-09,,,,196.1453545960368,199.0373586273821,195.5958667695245,198.3914794921875,5540200,
2024-08-12,,,,198.9795069946796,199.68322380780327,196.328503484544,198.7674255371093,6936000,
2024-08-13,,,,200.25197526267817,200.59901630057053,198.00585058819289,200.4544219970703,6387800,
2024-08-14,,,,200.2616427788525,203.1729162219059,199.663951948248,202.6716461181641,6999800,
2024-08-15,,,,205.3322777083701,206.1902382803681,203.5006811149563,203.9344787597656,7001000,
2024-08-16,,,,204.0694577558805,206.38305522115783,203.97305173253807,206.2673797607422,7931200,
2024-08-19,,,,206.29627759905625,207.7711984070004,206.12276442611807,207.694076538086,6090800,
2024-08-20,,,,207.2602781478312,208.224279441542,205.98778937957647,206.7975616455078,5640000,
2024-08-21,,,,206.71078640427385,207.26027419175705,205.17802790680824,206.8746795654297,5202300,
2024-08-22,,,,206.8553984189824,208.9954824579449,206.62403281413785,208.83160400390625,5247100,
2024-08-23,,,,209.76670860699275,211.2994672887081,208.7063011928849,210.45114135742188,7214000,
2024-08-26,,,,211.125922885165,211.771802001634,210.20048985928128,211.28016662597656,5105200,
2024-08-27,,,,211.6079355441664,212.48518032160453,211.29946275454145,212.2538146972656,5185200,
2024-08-28,,,,211.3572962547529,214.210746726538,211.29945852719868,213.3238525390625,6506400,
2024-08-29,,,,214.1528714460767,214.9529942473796,211.05843567605964,214.21072387695312,6416100,
2024-08-30,,,,214.49029824755388,217.3630181234024,213.9408104229473,216.7075042724609,8574100,
2024-09-03,,,,214.2974788002156,216.0326839757845,211.34763735649423,212.3694763183593,8956100,
2024-09-04,,,,213.08283641697943,214.0757712679163,209.39072445966104,211.4344024658203,7389500,
2024-09-05,,,,212.22491208697883,212.85152185149465,208.2532308433489,209.795639038086,8067900,
2024-09-06,,,,209.76668787436864,210.8656487633293,203.4910300239028,204.8117218017578,7777000,
2024-09-09,,,,207.4434494984693,210.29688521091413,206.4697987366713,209.005126953125,8935100,
2024-09-10,,,,210.73067979138588,210.7692333693298,193.3882919543516,198.1600952148437,28406900,
2024-09-11,,,,197.86127052265937,200.22307080989853,194.56438778018585,199.76998901367188,13658700,
2024-09-12,,,,200.1748635449911,201.2641897182195,197.5142252592697,199.1626739501953,9054400,
2024-09-13,,,,199.4133244696085,200.367691123638,195.7115627301204,196.9647674560547,10226700,
2024-09-16,,,,198.42039779039567,200.71472568909704,198.18903217312973,200.3773193359375,8634900,
2024-09-17,,,,200.25199896620595,202.3727990223658,200.18452651974977,201.71728515625,7573300,
2024-09-18,,,,201.4859066497596,203.73203144648693,199.2590659977124,200.05918884277344,8259900,
2024-09-19,,,,202.2282170833745,204.28154481879525,199.8760512607224,202.90301513671875,11635200,
2024-09-20,,,,202.3727828105395,203.80915002139488,201.9582693183184,203.49102783203125,20885000,
2024-09-23,,,,203.4042672649328,204.175471220158,202.4306312810249,203.82843017578125,7223500,
2024-09-24,,,,203.5488747813501,205.2840801158477,202.7969549213168,203.97303771972656,7323200,
2024-09-25,,,,204.0597961831719,204.5996492884681,201.10031972421783,202.6234436035156,8976500,
2024-09-26,,,,203.5296028527362,204.07907595472616,201.48591005736264,202.2281951904297,7807500,
2024-09-27,,,,203.0668813080113,204.79245198574228,201.7944071573125,202.9222869873047,7032500,
2024-09-30,,,,198.8831236365637,203.36573890816123,197.87091923913889,203.2693328857422,8663800,
2024-10-01,,,,201.3798655146176,201.56302811498028,198.76743023115927,199.5868225097656,8540100,
2024-10-02,,,,199.62538779175665,201.4280654870263,198.2854265944641,199.82781982421875,5810900,
2024-10-03,,,,198.7481435436215,199.0566310159681,196.9840194235567,197.84197998046875,7251300,
2024-10-04,,,,203.00189752185364,205.30057644632367,200.68381627913752,204.86412048339844,10211700,
2024-10-07,,,,204.67983675803367,206.9106297822478,203.3801626203171,204.5828399658203,6718900,
2024-10-08,,,,204.2433662060858,204.970797696838,202.1095701264724,204.4082489013672,6021800,
2024-10-09,,,,203.3898630505735,207.7932570879516,203.07949994465,206.9979248046875,7024000,
2024-10-10,,,,208.34610048894507,208.34610048894507,205.106608749474,206.4353790283203,7927100,
2024-10-11,,,,209.18022188553985,217.8706109448213,208.6855737425154,215.6010131835937,18320700,
2024-10-14,,,,216.4836435076752,216.96859791284456,212.2936451428216,214.81539916992188,9048900,
2024-10-15,,,,216.929786256024,218.6659163400917,215.14515777638977,215.697998046875,9235800,
2024-10-16,,,,215.63980707901965,216.94917496872304,214.38861654483063,216.910385131836,6382500,
2024-10-17,,,,217.521435503585,219.0538930763408,216.59031660888084,217.6669158935547,6470200,
2024-10-18,,,,218.2294716235401,219.12178590933368,216.3866508941279,218.5883331298828,7000500,
2024-10-21,,,,218.4428716755802,218.9084237781792,216.1926760470219,216.2896728515625,5870000,
2024-10-22,,,,216.30905529120685,218.50104375579213,214.4468322523353,217.37594604492188,9586800,
2024-10-23,,,,216.9298093573414,218.03550481569224,215.8338076592832,216.6873321533203,6180500,
2024-10-24,,,,215.15486108792416,218.2876622254481,214.98997837538428,218.21006774902344,6002200,
2024-10-25,,,,218.2294639525776,218.8308026284756,214.2334447263061,215.6204071044922,6369700,
2024-10-28,,,,216.6291186743872,218.85020313281024,216.2411463063524,218.71441650390625,6843000,
2024-10-29,,,,218.43314372922367,219.9267966077979,216.1053539812692,216.1926422119141,6580000,
2024-10-30,,,,215.843487132724,219.5000472712289,214.9123830187085,217.6572265625,7110900,
2024-10-31,,,,217.9384713358004,218.89868622999063,215.14514447933752,215.2421264648437,7829900,
2024-11-01,,,,216.83281456574147,219.3448748707725,215.9986923841919,216.23147583007807,6923500,
2024-11-04,,,,215.95016767681813,217.0267669334893,212.57488952061908,213.16653442382807,8229600,
2024-11-05,,,,213.4090304110016,215.2809620761712,213.37993433119985,214.8251037597656,5600700,
2024-11-06,,,,227.9285443241084,240.53735741437825,227.7054694671776,239.62564086914065,23987800,
2024-11-07,,,,237.14269869088656,237.2105994098778,228.14194632127268,229.2670440673828,16451100,
2024-11-08,,,,232.1379537187132,232.1379537187132,228.6850809805985,229.8489685058593,9502100,
2024-11-11,,,,232.7781040164942,234.81491834649185,231.8081952497588,232.08946228027344,9017100,
2024-11-12,,,,233.31156391317177,234.1941844697293,231.57541887997547,232.35134887695312,6861000,
2024-11-13,,,,233.34064938993217,236.7450237824277,233.07876988293,233.9031982421875,11472600,
2024-11-14,,,,235.1252801712944,236.9390048192966,233.7965099040101,234.59182739257807,10172200,
2024-11-15,,,,234.1941593644623,239.00489819067897,234.1941593644623,237.9282989501953,11518800,
2024-11-18,,,,240.30460043640824,240.4694831574652,235.37746192618303,237.65675354003903,9051400,
2024-11-19,,,,234.9603657514657,237.77309486021696,234.28143267000485,235.77508544921875,6792700,
2024-11-20,,,,237.04570253777945,237.24938989567428,231.4590332309668,233.53463745117188,9015300,
2024-11-21,,,,235.9109076984406,238.10291100634333,234.8246146040252,237.3948669433593,8783500,
2024-11-22,,,,236.2794645809059,241.6527523940075,235.71691574566023,241.07081604003903,7997300,
2024-11-25,,,,242.07952020730173,246.65749066946253,241.5654697562213,242.75845336914065,10295400,
2024-11-26,,,,242.95244628971668,243.44709442063177,240.8671336131068,242.4480895996093,6212100,
2024-11-27,,,,241.8467511196936,243.6313796558816,241.2842022724888,242.27349853515625,5472300,
2024-11-29,,,,242.3414140818253,244.19394344725544,241.94374792072875,242.20562744140625,5494800,
2024-12-02,,,,242.0407286524432,242.7196618094662,237.65673701052887,238.84002685546875,8899700,
2024-12-03,,,,240.76044150846369,241.546065217058,237.2687789369744,237.4530639648437,6657700,
2024-12-04,,,,237.33667477531787,237.96712436015684,234.94099891212343,236.07579040527344,7346300,
2024-12-05,,,,238.0058971930225,239.74202726798555,237.2590633441886,238.0931854248047,6572500,
2024-12-06,,,,238.30658907627583,240.2852113150429,237.47246691672385,239.9166412353516,5519700,
2024-12-09,,,,239.69355385728025,240.4112768597183,236.4249513096585,236.47344970703125,7076500,
2024-12-10,,,,236.55105259242768,240.49858844470623,234.93130670009893,235.5520477294922,9108300,
2024-12-11,,,,236.6577320701239,236.919611573279,234.89249106315413,236.20187377929688,7884400,
2024-12-12,,,,235.68780610920143,236.75471156288185,233.78677860981605,234.2620391845703,6113800,
2024-12-13,,,,234.7858200575525,235.4162548301433,231.9439797019572,232.71990966796875,10392700,
2024-12-16,,,,233.3697629623648,233.4279551239201,230.37274824519227,232.37075805664065,9032000,
2024-12-17,,,,231.46870597678523,231.82758226053,229.50950105308948,231.1874389648437,8083600,
2024-12-18,,,,231.8081831674696,231.87608388142587,222.62314644125647,223.4378662109375,11322400,
2024-12-19,,,,225.2806965461456,229.2476195535192,225.2806965461456,225.949935913086,11790800,
2024-12-20,,,,224.9412430611981,232.01188637341025,224.62117138701748,230.4503326416016,32348400,
2024-12-23,,,,228.96635695747324,231.43961233565523,227.8121632211844,231.216537475586,8611500,
2024-12-24,,,,232.22522821125293,235.1931612045448,231.8760752940053,235.01856994628903,3729100,
2024-12-26,,,,234.16505795563904,235.93999271034167,233.5443169594288,235.8236083984375,4451800,
2024-12-27,,,,235.41626442753616,236.06610154566872,232.8169011553721,233.91290283203125,5730200,
2024-12-30,,,,231.5851080378084,233.59281138216528,229.97505601890364,232.1185607910156,5723800,
2024-12-31,,,,232.8265915853147,234.17476411638413,231.83728054536303,232.496826171875,4871000,
2025-01-02,,,,233.67040567185904,235.9593908295792,232.24463867787563,232.7780914306641,9220900,
2025-01-03,,,,236.5510412838824,237.51125626141643,233.0302678325568,235.9593963623047,9491100,
2025-01-06,,,,237.58749766624487,239.5275897113152,234.5457584708976,234.8089904785156,9917800,
2025-01-07,,,,236.0666364630763,239.1083757665875,234.85773282590424,237.07080078125,8753400,
2025-01-08,,,,236.6613409803632,238.1237179586147,234.467775512986,237.0318145751953,8675300,
2025-01-10,,,,236.9927983568284,237.69474046339533,232.75191424539267,233.8535614013672,10256800,
2025-01-13,,,,233.65858101637204,238.4064266263034,233.00538778135987,238.084716796875,10005300,
2025-01-14,,,,236.57358662642125,241.5066689337318,236.1153740127952,241.262939453125,12407400,
2025-01-15,,,,244.11946680354967,247.3074529013788,237.5680165044118,246.02056884765625,18448500,
2025-01-16,,,,247.6291630037952,250.592921946722,246.0010517880716,247.89239501953125,15292300,
2025-01-17,,,,247.76565189599165,254.0831161659721,245.81581595917703,252.6597442626953,17678100,
2025-01-21,,,,253.5469292971933,257.6220793628749,252.9912189012906,256.43267822265625,13712100,
2025-01-22,,,,256.3058986971185,256.7738699793231,253.72237232606903,256.2474060058594,9021900,
2025-01-23,,,,258.05104328370686,260.1665986454837,257.1931106983808,259.2794494628906,10749700,
2025-01-24,,,,257.0761463209556,260.4006204848565,256.4132091788652,258.1972961425781,7666300,
2025-01-27,,,,257.5441514167839,259.2989922584282,255.6820541030952,259.1820068359375,7522300,
2025-01-28,,,,259.18192280699503,260.62478221944906,258.1874875339444,260.4395751953125,7375400,
2025-01-29,,,,260.5078493852214,263.8908162812083,258.94797452140983,259.8936462402344,7684900,
2025-01-30,,,,261.8922195390952,262.93538890949,259.93262489498824,261.50225830078125,8753500,
2025-01-31,,,,262.47722622767554,264.0273425276852,260.26414296900646,260.5956115722656,7193800,
2025-02-03,,,,255.26278667641125,261.4437934583963,255.13607231836323,260.1178894042969,8381400,
2025-02-04,,,,263.07185105882786,263.07185105882786,260.13733856440666,261.2195129394531,5626000,
2025-02-05,,,,262.1651692327603,263.8517878666105,261.59970020428995,263.64703369140625,5704400,
2025-02-06,,,,265.61640594638817,270.0327830459936,264.38799981532753,269.95477294921875,7264400,
2025-02-07,,,,270.3154546115032,271.5633482373465,267.8196673598165,268.88232421875,6857900,
2025-02-10,,,,269.2236076160228,269.2528539667919,262.8281477293246,264.2417907714844,8627400,
2025-02-11,,,,263.4813389480683,269.29184169342403,262.89638221818285,268.0926818847656,7196400,
2025-02-12,,,,267.205505594858,269.51608618824747,266.3963367662514,268.5411682128906,6683900,
2025-02-13,,,,268.5899033779397,270.02303399802724,266.9422896122563,269.38934326171875,8398700,
2025-02-14,,,,270.41299219849265,272.22635509125433,269.516084328549,269.6525573730469,5688600,
2025-02-18,,,,269.81832331528267,272.9478018588014,269.09686374213265,272.9283142089844,7919800,
2025-02-19,,,,271.39767571560697,273.2207676026046,270.26676727320427,272.245849609375,7007200,
2025-02-20,,,,271.6901230945166,271.7486157904694,259.074682630374,260.10809326171875,13846700,
2025-02-21,,,,261.5899865090395,262.44791904906305,256.2474255338871,257.6123046875,12835600,
2025-02-24,,,,258.8309684174216,260.3031041074017,252.123527865848,254.7850646972656,10372800,
2025-02-25,,,,255.6527330596067,256.4034091360431,246.99545729877843,250.94386291503903,9608400,
2025-02-26,,,,250.70993578394783,254.3658785658787,250.4856939158862,252.299057006836,5943600,
2025-02-27,,,,253.65415230957024,257.0273899341107,251.3923354606858,252.552490234375,8204400,
2025-02-28,,,,254.19036230579465,258.168014364657,251.42159895805173,258.01202392578125,10467100,
2025-03-03,,,,257.3783266409024,259.64014331856174,251.35334113504783,254.0830993652344,9058300,
2025-03-04,,,,248.8770570007472,250.7781589340054,239.7810705990394,243.9732208251953,13465600,
2025-03-05,,,,244.9481545133633,246.70300993882205,241.61393664302608,245.2211303710937,7861400,
2025-03-06,,,,241.886905868188,243.10555336966488,237.7337605385393,240.3562774658203,9983200,
2025-03-07,,,,239.079130041382,240.53176317464,233.41485900581728,236.203125,20498700,
2025-03-10,,,,230.28537474013976,231.5527561700216,222.9637314395914,226.3954467773437,18887200,
2025-03-11,,,,225.9372366595305,227.4678649933782,221.00415417455685,223.3927001953125,18143000,
2025-03-12,,,,228.13079748633703,228.44277836700155,221.559845228996,222.1837921142578,16054000,
2025-03-13,,,,223.54869198918365,223.74367260665568,218.6058507740928,219.54177856445312,16467900,
2025-03-14,,,,222.39830170052485,227.2923944965165,221.87185249687687,226.6099548339844,11962100,
2025-03-17,,,,225.38152145062264,229.7589083414952,224.67959422222768,228.0625457763672,9586000,
2025-03-18,,,,228.4427863194641,230.24637564186483,227.6628489667191,229.07647705078125,10344900,
2025-03-19,,,,229.8271715262197,236.25187748793,228.99848528714736,233.1126403808593,10120600,
2025-03-20,,,,230.62659068730423,235.69616111397977,230.27561962597693,233.01513671875,8328500,
2025-03-21,,,,231.8452338048883,236.2226207273677,230.5680936788464,235.5694274902344,19326900,
2025-03-24,,,,239.322859868715,242.4523531078021,238.2797053730644,241.8381500244141,9422700,
2025-03-25,,,,243.0567884546642,245.50384199682816,241.40917476122533,244.8311462402344,9287700,
2025-03-26,,,,246.26427084247123,248.2823431873857,243.5149951865373,244.733642578125,12779300,
2025-03-27,,,,243.271274842472,244.353434361877,240.9802117098364,241.89663696289065,8022500,
2025-03-28,,,,240.7462457637879,243.25177720979863,235.0624722165861,236.7588348388672,11978400,
2025-03-31,,,,233.4051034157958,239.6933210412413,231.4065186992877,239.1473693847656,13603000,
2025-04-01,,,,236.53458470709884,239.5275899090448,234.8382370203243,237.5485076904297,8054700,
2025-04-02,,,,235.5401876257281,241.0484682086845,235.4036997048993,239.6543426513672,7758800,
2025-04-03,,,,228.3940388529052,229.24221273335493,221.5988593567088,222.95399475097656,17188500,
2025-04-04,,,,211.20251967446583,213.54692494518173,204.9442264132869,206.2684783935547,27170700,
2025-04-07,,,,201.84453550263905,217.81396118841425,198.303402775656,210.34913635253903,22914400,
2025-04-08,,,,219.25590423367711,223.4934836381296,209.1818212424413,212.7327575683593,19485700,
2025-04-09,,,,208.4461369100307,232.9495891897229,206.9747524141952,229.86949157714844,24022400,
2025-04-10,,,,225.6122868759835,225.9556159083084,215.9011552975308,222.7774200439453,18896400,
2025-04-11,,,,221.99267276486097,234.02860167946685,220.7076660816172,231.69400024414065,20284500,
2025-04-14,,,,232.57685007270544,235.2057165370909,229.1730460537919,230.24224853515625,13017800,
2025-04-15,,,,231.5959137609775,234.0972553015322,228.37848769241103,228.6825714111328,10912900,
2025-04-16,,,,227.574126341125,229.1239864114683,223.5817627160773,225.229721069336,9322300,
2025-04-17,,,,226.39703780490407,229.8694987374544,226.15180704795927,227.534912109375,9557900,
2025-04-21,,,,226.230264551566,227.3877464470659,222.02209671781296,224.62155151367188,8716200,
2025-04-22,,,,227.5545095207112,231.4880202638608,226.9561459020701,231.0956420898437,10701400,
2025-04-23,,,,235.6373162536493,242.08197236154456,235.4215120035636,236.28472900390625,14126800,
2025-04-24,,,,235.16649038746075,240.78717510551016,233.0476930703529,239.97300720214844,9055200,
2025-04-25,,,,239.9828149535552,240.9343114966176,237.13814413406232,238.90380859375,8588600,
2025-04-28,,,,239.89454195509384,242.131045341902,236.24550696236508,238.58010864257807,7394300,
2025-04-29,,,,237.5697335377324,240.5713553936845,237.07927205884616,239.953369140625,7216800,
2025-04-30,,,,236.6084332300704,240.54192890236703,233.88145363718232,239.953369140625,12991700,
2025-05-01,,,,238.20734299709588,243.7103217475342,237.55012636868136,242.1800842285156,8689600,
2025-05-02,,,,246.4667172954741,248.78169626532693,244.70106780011497,247.69287109375,7165000,
2025-05-05,,,,246.388234299257,250.29231865313628,245.80949331599908,247.74191284179688,5450700,
2025-05-06,,,,245.2307483975364,247.83018834347143,244.2498254039462,244.4950561523437,6369900,
2025-05-07,,,,245.083616417632,247.63400722536448,244.08307077124687,244.63238525390625,8724100,
2025-05-08,,,,246.77078915965456,250.99856460126213,246.7511665100619,248.6345367431641,8320100,
2025-05-09,,,,249.6448924447712,250.635619242527,247.52609526635223,248.25198364257807,5087600,
2025-05-12,,,,257.88462552180334,258.5712835288858,253.7647672854828,255.0889892578125,9603900,
2025-05-13,,,,256.0503155003321,258.639966447806,255.4225403810428,257.9925537109375,8589000,
2025-05-14,,,,257.9827367294956,261.5533106486566,257.28628981453124,260.5723876953125,8643100,
2025-05-15,,,,261.87698531695685,264.3783267139839,259.70915411050737,262.3870544433594,9214600,
2025-05-16,,,,262.39686601715493,263.3385435843166,259.6600828457583,262.4557189941406,8932900,
2025-05-19,,,,260.4840753869021,263.2012510960716,256.933139124985,259.8268737792969,12145000,
2025-05-20,,,,257.5118826616805,261.5729180532009,257.2960784147582,260.6116027832031,8436300,
2025-05-21,,,,259.30697200049985,260.5821597835497,255.7560359277884,256.06011962890625,7464000,
2025-05-22,,,,254.49065855609336,257.2960838903932,253.9315252768876,255.6972045898437,6514100,
2025-05-23,,,,251.9108110430405,256.99198455091897,251.11626587786765,255.7364044189453,6671800,
2025-05-27,,,,257.04106526626447,260.23885381510826,256.99200115618,260.22906494140625,7506600,
2025-05-28,,,,261.16091702282114,261.6317708162732,257.8846379571237,258.46337890625,5535400,
2025-05-29,,,,259.74841937820054,260.3467980228732,257.5217347653291,259.3266296386719,5081200,
2025-05-30,,,,258.4241883810186,260.26829856132497,257.7179225906518,258.96368408203125,10977700,
2025-06-02,,,,258.002355900268,259.97402070361045,256.90372693326515,259.611083984375,6011200,
2025-06-03,,,,258.69884566926845,261.494452401738,257.86505509318295,261.1903686523437,6998400,
2025-06-04,,,,260.84705493579474,262.0241445637471,259.1402285754032,259.1794738769531,5915700,
2025-06-05,,,,259.68954289634314,259.68954289634314,255.34406123341304,256.9527893066406,8173800,
2025-06-06,,,,259.2873589243157,261.56310742936586,259.2187170664052,260.6606750488281,7738100,
2025-06-09,,,,260.9255242470256,262.7892720045682,258.3260842218692,261.6513977050781,8285000,
2025-06-10,,,,260.807840103818,263.77021710595534,260.77841360806616,263.4759521484375,7538100,
2025-06-11,,,,263.5543728329388,264.4764428071077,260.71952105435884,263.03448486328125,7434100,
2025-06-12,,,,261.76909370629187,263.17183632733907,260.0819349081481,263.1227722167969,6618000,
2025-06-13,,,,260.0230636958611,261.92605676944186,257.69828090375347,259.89556884765625,7098300,
2025-06-16,,,,261.90644458682067,266.5462212171046,261.75931212188453,265.20233154296875,8566000,
2025-06-17,,,,263.0541348281509,265.42795173106725,262.6911681713896,264.3783569335937,6739300,
2025-06-18,,,,264.84919608413435,272.4219224436593,264.5745388559813,268.733642578125,9586400,
2025-06-20,,,,270.3129479704052,272.00992553694005,268.5865139770169,269.7538146972656,13969700,
2025-06-23,,,,269.81267140989485,273.2360830171409,266.9189366562568,272.96142578125,8094600,
2025-06-24,,,,274.864422081068,277.31672955102783,274.1777939507156,275.8944091796875,9267900,
2025-06-25,,,,276.12980042711285,278.85676493196144,275.5510594998146,278.6409606933594,6826900,
2025-06-26,,,,279.26878993935657,283.88892888521605,279.04316687272353,283.24151611328125,8942100,
2025-06-27,,,,280.3575940845552,283.1924758613516,279.6022941678673,281.6327819824219,17868600,
2025-06-30,,,,284.86003722869964,287.0671140098136,283.4082903268862,284.37939453125,12689200,
2025-07-01,,,,285.3406963303482,285.5761082631772,281.122709609671,284.8698425292969,9338300,
2025-07-02,,,,286.46878021661104,287.23389900971387,284.17342383730266,286.4295349121094,8158700,
2025-07-03,,,,287.95726066275904,292.1462676228288,287.03074848169234,291.75201416015625,6541600,
2025-07-07,,,,291.012803517784,291.7914744795477,285.9169860687423,287.7798767089844,8825700,
2025-07-08,,,,285.1185912184717,285.54244302383853,276.28718720828704,278.72174072265625,15440900,
2025-07-09,,,,283.0586107622728,283.078342988919,278.42607952209454,279.0963134765625,11273800,
2025-07-10,,,,278.9385584232814,284.1723501696605,278.9385584232814,284.0540771484375,8410900,
2025-07-11,,,,281.4223984494675,283.2557206237078,279.5792402426265,282.7431640625,7384700,
2025-07-14,,,,282.95018101073435,285.1481583723004,281.1661592607552,284.5567932128906,9079900,
2025-07-15,,,,283.8668247126896,287.7601490973643,281.3830008251136,282.4376220703125,12526100,
2025-07-16,,,,284.2611002489253,286.5576787356624,278.9484690013939,281.7181396484375,9979800,
2025-07-17,,,,279.3722805662569,286.13381646736286,279.3722805662569,285.73956298828125,8509500,
2025-07-18,,,,285.36498911319075,288.30223294760714,284.0935239995615,287.0898742675781,12217000,
2025-07-21,,,,286.8237577094983,289.95811320350606,286.4097720406625,286.794189453125,7898100,
2025-07-22,,,,287.3166222633084,289.41605899858814,285.0299098515737,287.24761962890625,6717500,
2025-07-23,,,,288.6373728619252,292.72780910920665,288.3515263055785,292.5011291503906,7083500,
2025-07-24,,,,293.15163750090335,295.29047824712586,291.9491449333037,292.2940979003906,7001200,
2025-07-25,,,,292.4419829511327,294.6103920554469,291.71258245493334,294.3344116210937,5918500,
2025-07-28,,,,293.3882007039174,295.13278810430046,292.5602593912129,293.9992980957031,5840400,
2025-07-29,,,,295.69464217411235,296.9661375577531,291.94918873841937,292.7771301269531,7635700,
2025-07-30,,,,293.15168061940614,296.2958726319795,293.1122462449408,295.3299560546875,8061700,
2025-07-31,,,,294.8469611494763,296.6605511146664,291.2591855090535,291.9885559082031,14749700,
2025-08-01,,,,286.2323800564947,287.61228223789124,280.1607803787386,285.2171630859375,12007100,
2025-08-04,,,,286.0944227268155,290.0961543423283,286.0944227268155,290.0370178222656,6649500,
2025-08-05,,,,290.46083768957914,291.5450573497094,283.1177423401461,287.1884765625,7182300,
2025-08-06,,,,288.1051104485434,289.08092314098127,285.99583781724914,287.16876220703125,6330200,
2025-08-07,,,,288.7359444448802,289.2484709612734,282.29965937267906,282.8220520019531,8057100,
2025-08-08,,,,284.8327802026082,287.0504898402696,280.6240408837392,284.6159362792969,6634100,
2025-08-11,,,,285.246742053437,287.13920088726815,284.635644641562,285.4044494628906,5510100,
2025-08-12,,,,287.31661546362176,290.5199739550687,286.1732592848133,288.6472473144531,8570900,
2025-08-13,,,,289.7314666813669,290.3228318770392,283.0389031406188,286.36053466796875,8420400,
2025-08-14,,,,286.40977645449954,289.9778498963191,285.48329438065525,289.9384155273437,6322400,
2025-08-15,,,,290.6086841881212,291.25921599583813,285.66073811560074,286.32110595703125,7340500,
2025-08-18,,,,285.8381195988006,287.7108460905947,284.2709417940018,287.3461608886719,5386900,
2025-08-19,,,,286.6562214265169,288.2825659770611,285.37489004447787,286.4886779785156,6031500,
2025-08-20,,,,286.63648908496583,289.1203129200321,283.1472843493455,288.04595947265625,7374200,
2025-08-21,,,,287.7502738983734,288.56834905595423,285.31572049067694,287.2870178222656,6624000,
2025-08-22,,,,288.9922055724686,292.8953659306035,285.96625689985,291.9885559082031,8552800,
2025-08-25,,,,291.9885819039242,293.08266767966575,289.9187435512912,290.6678161621094,5856300,
2025-08-26,,,,289.9384115603751,294.4526691589569,289.2878798394283,294.2851257324219,6714700,
2025-08-27,,,,292.9840890873044,296.74927450763425,292.77711127340297,294.9849548339844,6056500,
2025-08-28,,,,295.71431837356056,296.91681101607145,294.41328492266325,296.749267578125,6410500,
2025-08-29,,,,297.7053662302992,298.60231023054706,295.4285199525983,297.0942687988281,6796400,
2025-09-02,,,,295.9508866438156,296.14799833495414,290.273540537871,295.39892578125,7221900,
2025-09-03,,,,296.25645520177414,296.25645520177414,292.1265844883639,295.211669921875,6316900,
2025-09-04,,,,295.694622931837,300.0610396446901,293.99930589051,299.4598083496094,6605800,
2025-09-05,,,,299.2922261938372,300.7706992658433,290.08627080836624,290.1552734375,9837700,
2025-09-08,,,,290.6579550877705,292.20540066234315,287.2574550934962,288.70635986328125,8188500,
2025-09-09,,,,288.40084429899173,294.7089905900123,288.1149977252914,293.57550048828125,7848200,
2025-09-10,,,,292.44198029068025,297.2125163723058,291.1606189374317,296.22686767578125,7787300,
2025-09-11,,,,296.91679522122274,301.342378196144,296.4732713682419,301.1748046875,7942500,
2025-09-12,,,,300.622869917122,303.13626220753474,299.3415385689925,302.5054626464844,6846700,
2025-09-15,,,,302.76170501933825,305.50180702662493,302.76170501933825,304.46685791015625,7122000,
2025-09-16,,,,305.55111968192784,306.438197561856,302.72231251567524,304.75274658203125,10525600,
2025-09-17,,,,305.9355027165261,308.41932651675705,304.3387266167954,307.2759704589844,8657800,
2025-09-18,,,,307.3154654859234,308.9417800837306,305.1667281175776,308.7348022460937,8050700,
2025-09-19,,,,309.0994539015685,311.2678631029987,304.68373667454165,310.26251220703125,23568600,
2025-09-22,,,,305.35395817376326,309.198012204534,305.11741210895696,307.9560852050781,7520200,
2025-09-23,,,,307.3449596169912,311.7705122911332,306.12273487521253,308.2517395019531,8584400,
2025-09-24,,,,309.54299157852137,312.036681822986,307.1971727167786,308.92205810546875,7310500,
2025-09-25,,,,309.61196690994507,311.12000822788536,307.3252546914858,308.9515991210937,7083200,
2025-09-26,,,,310.3807528469309,313.2489940185383,309.1979925185918,311.52410888671875,7258100,
2025-09-29,,,,312.5097576619959,313.4461359086411,309.15855827757576,311.159423828125,6462400,
2025-09-30,,,,311.7114068920212,312.8547630138109,305.65950932869447,310.9031677246094,11823300,
2025-10-01,,,,309.46414008660315,310.0752375005356,302.99828667529783,306.2509155273437,9235200,
2025-10-02,,,,305.5510816946321,306.1030425326149,301.7464923414213,303.13623046875,7600000,
2025-10-03,,,,304.08248279942853,307.18727011434805,303.78677014872494,305.5806579589844,6029900,
2025-10-06,,,,307.21486689804453,308.7698659390142,302.2131538143922,306.22442626953125,7214500,
2025-10-07,,,,306.39285354178503,307.0465480670538,301.78731007714714,304.74871826171875,8454200,
2025-10-08,,,,305.2636917190969,305.8282501205831,300.64823485280857,301.1236572265625,6489900,
2025-10-09,,,,302.13392206728275,305.09536030036105,300.4898171115272,302.6093444824219,7060300,
2025-10-10,,,,302.7380934229591,307.50211054267186,297.9344502139145,298.0137023925781,8597400,
2025-10-13,,,,302.6786918104351,306.5017785031187,302.5301317467548,305.0260314941406,10788700,
2025-10-14,,,,302.91638858642943,304.0653034578676,291.39755808509767,299.1923217773437,16178800,
2025-10-15,,,,303.4611428511513,309.13634876005415,302.520212088773,302.767822265625,11354800,
2025-10-16,,,,302.43105556912377,305.72920960204,294.2302082762473,295.6861572265625,10549400,
2025-10-17,,,,296.30025689141456,296.68651306450823,291.3876792596173,294.7155456542969,10153500,
2025-10-20,,,,295.6465484229892,300.78693806489423,295.3098022126917,299.4696350097656,6894900,
2025-10-21,,,,298.7763208850087,301.1434582480101,294.16086397135297,294.25,7372700,
2025-10-22,,,,294.92353982678844,295.21077611588424,287.76267234049385,291.29852294921875,8054100,
2025-10-23,,,,291.5659521228084,293.53691953831486,289.7138327608809,291.72442626953125,5438800,
2025-10-24,,,,293.2496561856281,299.70734860853685,292.6257039619419,297.5679931640625,7228300,
2025-10-27,,,,299.2715559358776,301.6188954834183,298.13255521259686,301.2425231933594,5642200,
2025-10-28,,,,301.9457586189306,305.0260451309229,300.26202744552563,302.44097900390625,6336000,
2025-10-29,,,,300.6086875532579,305.3033671273222,300.1134671686232,302.5895690917969,7520300,
2025-10-30,,,,302.8668617019339,309.62164411662417,302.1834552198523,306.4819641113281,7514600,
2025-10-31,,,,305.5905808443981,309.8791757592273,304.3129038831637,308.1459045410156,7721300,
2025-11-03,,,,308.0270739794024,309.3344630267029,303.28285431242927,306.3928527832031,7770000,
2025-11-04,,,,303.7780648320401,309.23540287266394,302.1834697809128,306.2937927246094,7085200,
2025-11-05,,,,306.6503419445097,310.107000668758,302.70840715746203,308.7005615234375,6865200,
2025-11-06,,,,308.01715622418413,311.83035912038315,307.2941538281452,310.4239501953125,7206100,
2025-11-07,,,,308.90856044061366,311.4242580235003,304.6991875199946,311.20635986328125,7302300,
2025-11-10,,,,311.9888313123107,316.5052386427636,311.2063746689554,313.8607788085937,5794100,
2025-11-11,,,,314.4649387231156,316.0001097981944,312.2661590448994,312.6029052734375,5030200,
2025-11-12,,,,313.2367840916445,319.16951418656384,313.1872439213492,317.3471069335937,10578300,
2025-11-13,,,,316.1784035137792,317.565014483568,306.1452341336872,306.5216064453125,8973300,
2025-11-14,,,,304.57044575573,304.69920788981074,298.3504790333013,300.70770263671875,10327000,
2025-11-17,,,,301.0939616708072,302.66875869849656,294.8244855709175,297.4986572265625,8344000,
2025-11-18,,,,296.6369875977812,300.05402007948175,294.1806837974681,296.5478515625,8077300,
2025-11-19,,,,296.8746866890342,301.5396841634701,296.409178349521,300.3709411621094,5546600,
2025-11-20,,,,303.411609711364,306.95740445253,295.3098117912242,295.5277099609375,7501600,
2025-11-21,,,,298.4098723352964,298.7961284719156,290.01092472978763,295.1711120605469,11766800,
2025-11-24,,,,295.3890327721484,296.9539460474125,291.69470820468445,295.1513366699219,10940200,
2025-11-25,,,,297.18170363006027,301.5891765934406,292.7346348034667,300.103515625,8877200,
2025-11-26,,,,302.0844103036798,305.5806647286523,300.30162915288383,304.6991882324219,7910900,
2025-11-28,,,,306.1452537275728,310.7210853336642,305.2934589321381,310.0871887207031,4322400,
2025-12-01,,,,309.958455126882,311.038031953238,305.5906076467962,305.96697998046875,7727300,
2025-12-02,,,,305.7886541478843,307.5120415313108,304.1544330268201,304.9368896484375,7249000,
2025-12-03,,,,304.26340519365976,309.37405277594195,303.86720471987456,309.1462707519531,8535300,
2025-12-04,,,,310.2654601734084,315.44544563675794,310.0079359217761,313.07830810546875,9627800,
2025-12-05,,,,312.62274341566774,315.4355916137351,311.6718985008828,312.0284729003906,6518900,
2025-12-08,,,,312.0482477999388,313.44477282870224,310.3546026483966,312.1968078613281,7417200,
2025-12-09,,,,311.939326475107,315.7524991840304,297.1520230977925,297.6373596191406,18049200,
2025-12-10,,,,297.6274181031412,308.2152311685389,295.60691069504315,307.1455383300781,18874100,
2025-12-11,,,,306.2838676543348,314.96013772429524,306.2838676543348,314.3460693359375,9721900,
2025-12-12,,,,316.6240735225281,317.20842990436694,313.5735294870918,315.47515869140625,8982900,
2025-12-15,,,,316.534963668203,319.7935222813264,315.3464528736662,316.9608459472656,10864100,
2025-12-16,,,,316.0397072252412,316.46558945571707,311.3945381021762,312.5335388183594,8331300,
2025-12-17,,,,315.3860269605939,316.3170436429019,311.6520763778745,311.9690246582031,8718700,
2025-12-18,,,,312.979256626897,314.66301788263524,309.2353920446346,310.0079345703125,11444900,
2025-12-19,,,,310.79038320864026,315.51477427620307,310.1961127673861,314.1776733398437,24494400,
2025-12-22,,,,314.47481933577194,320.14014104266494,314.47481933577194,320.00146484375,8354600,
2025-12-23,,,,320.51650136966475,324.6466524002949,320.00148308544306,322.8143310546875,6668300,
2025-12-24,,,,323.1213622604756,326.8355148620812,322.3884458193645,326.0233764648437,4289300,
2025-12-26,,,,325.9639318748006,327.6972031402456,323.4185221880518,324.7754211425781,4158300,
2025-12-29,,,,323.8741142125664,324.6367426827693,320.43728371815735,320.6551818847656,8635300,
2025-12-30,,,,321.7050354533748,321.83379757815135,319.40720581728044,320.3283386230469,7904300,
2025-12-31,,,,321.2395304565584,321.77437689354394,318.9615289550125,319.1398010253906,5048500,
2026-01-02,,,,319.4171281542276,322.61626252061376,317.6739428368343,322.36865234375,8054000,
2026-01-05,,,,322.3884599175412,334.026138578159,322.08142570711647,330.8468322753906,10752600,
2026-01-06,,,,330.92639220894705,334.1598441675407,328.9664216534041,332.90625,7660800,
2026-01-07,,,,329.4539672046419,330.45880399676645,322.947258062395,325.3250732421875,9815200,
2026-01-08,,,,324.7281574581884,329.7126277455971,323.99190461809644,328.11083984375,11737100,
2026-01-09,,,,327.6631156796267,330.21007865256746,326.4990899011105,327.5138854980469,6738100,
2026-01-12,,,,320.2411028663189,324.3600076252465,319.59441851466954,322.8377990722656,12805100,
2026-01-13,,,,322.64875130423195,325.1957141371429,308.9886797025588,309.3169860839844,19371200,
2026-01-14,,,,306.6307659579143,310.17263725890126,304.5613395847709,306.30242919921875,25951500,
2026-01-15,,,,306.8993776774091,311.3466191836246,306.18304245620016,307.68536376953125,14751400,
2026-01-16,,,,308.76979706409315,315.5948534301565,308.42157308655703,310.8789978027344,14652500,
2026-01-20,,,,304.65088058894946,309.56573031914434,300.323023148028,301.19854736328125,12900600,
2026-01-21,,,,301.88504309324475,303.8450138204667,299.61665319654776,300.50213623046875,10270100,
2026-01-22,,,,303.3077326815458,306.6307531542374,301.35772089620315,302.0840148925781,10535800,
2026-01-23,,,,300.4623078902987,300.8304191049288,295.000271015744,296.2041015625,11107900,
2026-01-26,,,,296.2936374196168,300.243424572115,295.9354850066467,299.5072021484375,11752700,
2026-01-27,,,,299.7957098597862,300.4324657566407,296.6319086980451,298.7809143066406,11527400,
2026-01-28,,,,298.74110176244625,300.3827247331972,296.53240414079806,299.2385559082031,9556700,
2026-01-29,,,,300.86028172816947,305.2677184721844,300.6812055104527,304.8598327636719,11580000,
2026-01-30,,,,303.6957636347891,306.3621106362864,301.0194578342246,304.33251953125,11953200,
2026-02-02,,,,302.9097896135357,307.72514241386267,299.83552643648,306.5710754394531,9839400,
2026-02-03,,,,308.15296152215484,314.6397527673971,307.5261644294422,313.24688720703125,12688000,
2026-02-04,,,,312.809117891095,317.68416242077944,312.809117891095,315.654541015625,9848800,
2026-02-05,,,,313.3961328396234,314.4009999973286,303.9843082722668,308.5807800292969,9388000,
2026-02-06,,,,313.10760555212,322.59903993155126,313.10760555212,320.7584533691406,17797400,
2026-02-09,,,,319.70385137937853,324.73808529326595,318.4801031561584,320.4599914550781,11477500,
2026-02-10,,,,320.9076714905845,324.4694603347238,313.51550984428656,316.659423828125,9902200,
2026-02-11,,,,321.5941717066872,323.6237932822943,307.15807190859783,309.2374267578125,8703500,
2026-02-12,,,,310.68996020493864,312.0231336727285,298.492374829366,301.0990600585937,13443400,
2026-02-13,,,,297.0000117729552,302.740652037527,295.0101951931391,301.0094909667969,9114500,
2026-02-17,,,,301.21844819128046,306.6705262718474,300.95976231603305,305.5661926269531,8896800,
2026-02-18,,,,306.8894162356143,310.6899733588093,305.6557396172298,307.2077941894531,7209600,
2026-02-19,,,,305.6060125002564,307.6057576457843,303.5664321569553,306.48150634765625,6737700,
2026-02-20,,,,306.829734990155,309.4165028225248,304.12358301143166,309.20758056640625,7792700,
2026-02-23,,,,307.22769310292153,309.4165036660153,293.5974666249826,296.1543884277344,12955400,
2026-02-24,,,,295.3086878147805,298.22376183621185,289.89638425356503,295.7862243652344,13554100,
2026-02-25,,,,297.1194302945208,302.113859047087,295.4977249020647,301.75567626953125,8095500,
2026-02-26,,,,303.02916294815697,307.4366298839601,302.0939770599508,304.5712890625,7007800,
2026-02-27,,,,298.4725052158334,301.4074969953331,292.9507760142178,298.7709655761719,18620800,
2026-03-02,,,,293.3089239524434,298.45261340621465,291.7170645432447,296.044921875,8508900,
2026-03-03,,,,290.80175042735664,300.8503301542204,288.0259478174434,298.7311706542969,10278200,
2026-03-04,,,,298.4625518350298,299.4674190034017,294.31380094003714,297.8656311035156,8055700,
2026-03-05,,,,296.46279534996694,299.7061758621692,290.9410358965662,292.0553283691406,12732500,
2026-03-06,,,,284.88204628210366,288.51345559776433,282.2654325280704,288.0060729980469,13496500,
2026-03-09,,,,284.04633930656934,289.61783224456605,279.02206418875625,288.44384765625,12241100,
2026-03-10,,,,287.81703392074905,291.25940817695187,285.7177615952499,287.2598876953125,8344900,
2026-03-11,,,,287.339470512306,289.00098077209634,283.40957048917664,286.0560302734375,10205000,
2026-03-12,,,,281.38992356011664,282.4345955757058,277.6789347371047,281.4496459960937,13760500,
2026-03-13,,,,283.2205743771862,285.72773249785536,281.50933079451545,281.996826171875,9091200,
2026-03-16,,,,284.88204862524725,287.7971227560318,283.16084627757465,284.7029724121094,8149000,
2026-03-17,,,,287.5285022187445,290.2744588762506,284.4940440114858,285.42926025390625,8961200,
2026-03-18,,,,285.36953215418885,287.93641255144826,283.6682474755719,286.27490234375,10057000,
2026-03-19,,,,285.4193072233837,288.0359209952396,283.1708046765218,286.5037536621094,9846700,
2026-03-20,,,,286.61317132501995,289.2297850267638,283.81748141518966,285.1009216308594,22436500,
2026-03-23,,,,292.8114588483544,294.24412922690453,286.5037438804951,288.4338684082031,11470800,
2026-03-24,,,,284.71293429347423,293.9755285514211,283.9169894005904,290.91119384765625,11092300,
2026-03-25,,,,292.6522795072885,296.1245302289603,290.950994762599,293.91583251953125,12188200,
2026-03-26,,,,291.0902559049482,293.48798854194115,289.24969984697105,290.1749572753906,8669200,
2026-03-27,,,,287.66781259849654,288.63284454259417,280.31542537678433,281.3998718261719,9873300,
2026-03-30,,,,283.2901966006573,285.787426299191,280.89246381052374,282.3251342773437,11734400,
2026-03-31,,,,287.0012007453536,293.56760164880984,283.4991344325332,292.6622314453125,12956900,
2026-04-01,,,,293.8859963972044,297.19902789200404,291.41861272257177,293.87603759765625,11267200,
2026-04-02,,,,290.4237002119346,294.1148016905453,287.2499401451481,293.1000061035156,6669300,
2026-04-06,,,,294.0599975585937,296.8299865722656,293.20001220703125,295.45001220703125,7142600,
2026-04-07,,,,293.1400146484375,298.17999267578125,292.70001220703125,297.3999938964844,7849100,
2026-04-08,,,,307.9700012207031,311.260009765625,305.3299865722656,307.9700012207031,10590200,
2026-04-09,,,,306.95001220703125,311.260009765625,306.1099853515625,310.3299865722656,6586600,
2026-04-10,,,,310.0,310.3500061035156,306.7200012207031,309.8699951171875,6069700,
2026-04-13,,,,307.4700012207031,313.739990234375,305.4599914550781,313.67999267578125,8318200,
2026-04-14,,,,309.82000732421875,314.32000732421875,308.8699951171875,311.1199951171875,11455500,
2026-04-15,,,,313.95001220703125,314.239990234375,304.260009765625,305.92999267578125,9885800,
2026-04-16,,,,305.3500061035156,309.95001220703125,305.20001220703125,309.95001220703125,8208600,
2026-04-17,,,,312.4700012207031,314.8999938964844,310.0899963378906,310.2900085449219,11082400,
2026-04-20,,,,310.8500061035156,317.1300048828125,310.3699951171875,316.989990234375,10772000,
2026-04-21,,,,317.489990234375,320.239990234375,312.75,313.0,7084300,
2026-04-22,,,,314.8500061035156,315.1499938964844,311.94000244140625,313.0199890136719,5545900,
2026-04-23,,,,313.5199890136719,314.989990234375,308.8900146484375,311.69000244140625,6969700,
2026-04-24,,,,311.1499938964844,311.1499938964844,307.8900146484375,308.2799987792969,5215300,
2026-04-27,,,,306.8800048828125,312.5799865722656,306.8800048828125,311.6300048828125,7925300,
2026-04-28,,,,315.20001220703125,315.45001220703125,311.1700134277344,311.45001220703125,7398600,
2026-04-29,,,,310.57000732421875,312.04998779296875,307.2900085449219,309.25,8031800,
2026-04-30,,,,307.07000732421875,314.1000061035156,306.57000732421875,313.2300109863281,8865400,
2026-05-01,,,,313.95001220703125,316.0799865722656,311.8299865722656,312.4700012207031,6135400,
2026-05-04,,,,310.6199951171875,310.6499938964844,306.510009765625,307.6499938964844,7338200,
2026-05-05,,,,307.7099914550781,310.9700012207031,306.79998779296875,309.3999938964844,6316800,
2026-05-06,,,,311.45001220703125,316.260009765625,311.3500061035156,314.8999938964844,8629500,
2026-05-07,,,,314.6499938964844,316.29998779296875,306.1400146484375,306.2699890136719,8359600,
2026-05-08,,,,308.25,308.989990234375,300.5,302.1000061035156,9464300,
2026-05-11,,,,302.1000061035156,303.19000244140625,298.8800048828125,300.0,9512000,
2026-05-12,,,,300.0199890136719,306.0599975585937,295.54998779296875,304.8800048828125,9498200,
2026-05-13,,,,302.2699890136719,303.0,300.07000732421875,300.25,7709500,
2026-05-14,,,,302.25,303.75,298.8099975585937,299.9100036621094,7364300,
2026-05-15,,,,300.2099914550781,300.7900085449219,296.45001220703125,297.8099975585937,8699300,
2026-05-18,,,,298.0,301.260009765625,297.2200012207031,300.7300109863281,7546300,
2026-05-19,,,,301.0899963378906,301.7900085449219,295.260009765625,295.70001220703125,8066900,
2026-05-20,,,,296.70001220703125,302.92999267578125,293.6700134277344,301.9800109863281,9327000,
2026-05-21,,,,301.2300109863281,303.9800109863281,300.2099914550781,303.0,7874400,
2026-05-22,,,,304.67999267578125,307.45001220703125,303.8399963378906,306.3800048828125,5973900,
2026-05-26,,,,308.489990234375,309.92999267578125,305.44000244140625,306.739990234375,7725400,
2026-05-27,,,,305.0,305.8999938964844,295.75,299.2799987792969,11779200,
2026-05-28,,,,297.57000732421875,301.07000732421875,295.75,296.7300109863281,9757700,
2026-05-29,,,,296.3999938964844,299.8800048828125,295.20001220703125,299.3099975585937,13969000,
2026-06-01,,,,297.69000244140625,299.54998779296875,295.2699890136719,296.5799865722656,7930000,
2026-06-02,,,,296.5,302.07000732421875,295.2699890136719,300.9599914550781,8296200,
2026-06-03,,,,299.9200134277344,301.9599914550781,296.5599975585937,300.8500061035156,7003900,
2026-06-04,,,,305.739990234375,312.9100036621094,304.44000244140625,310.8900146484375,10345200,
2026-06-05,,,,314.2900085449219,315.0,309.6000061035156,312.3699951171875,9118800,
2026-06-08,,,,313.25,316.29998779296875,310.7799987792969,311.1099853515625,6827000,
2026-06-09,,,,313.510009765625,316.4200134277344,309.010009765625,312.70001220703125,11594600,
2026-06-10,,,,312.5599975585937,314.75,309.0299987792969,309.1400146484375,7446200,
2026-06-11,,,,309.5599975585937,314.7200012207031,308.8800048828125,313.489990234375,9116600,
2026-06-12,,,,315.9700012207031,321.29998779296875,315.54998779296875,320.7200012207031,7426200,
2026-06-15,,,,323.9200134277344,325.9200134277344,318.8399963378906,319.3999938964844,7988900,
2026-06-16,,,,324.29998779296875,331.75,324.0199890136719,331.1400146484375,11094900,
2026-06-17,,,,332.17999267578125,337.7699890136719,331.5,333.4599914550781,12246400,
2026-06-18,,,,336.95001220703125,338.0899963378906,324.1600036621094,325.2200012207031,20111000,
2026-06-22,,,,329.70001220703125,332.7699890136719,326.75,331.4800109863281,10182500,
2026-06-23,,,,329.4700012207031,335.3699951171875,327.2099914550781,334.1400146484375,7582200,
2026-06-24,,,,333.07000732421875,334.5299987792969,329.7699890136719,333.45001220703125,7907400,
2026-06-25,,,,334.9599914550781,343.45001220703125,334.760009765625,335.1199951171875,10043100,
2026-06-26,,,,336.0,336.3999938964844,327.5,329.04998779296875,17640900,
2026-06-29,,,,328.2799987792969,332.3900146484375,327.20001220703125,329.3900146484375,7981800,
2026-06-30,,,,328.8900146484375,330.43719482421875,326.67999267578125,327.3299865722656,4182980,
