date,market,symbol,name,open,high,low,close,volume,source
2024-06-14,us,TEM,,40.0,43.880001068115234,37.0,40.25,6338900,Yahoo Finance daily
2024-06-17,us,TEM,,42.790000915527344,43.0,33.84000015258789,36.47999954223633,3747400,Yahoo Finance daily
2024-06-18,us,TEM,,36.9900016784668,37.75,30.190000534057617,30.32999992370605,4184900,Yahoo Finance daily
2024-06-20,us,TEM,,30.8700008392334,31.200000762939453,24.0,27.26000022888184,4586300,Yahoo Finance daily
2024-06-21,us,TEM,,27.26000022888184,29.0,26.200000762939453,28.63999938964844,930200,Yahoo Finance daily
2024-06-24,us,TEM,,29.5,29.5,25.290000915527344,25.309999465942383,1558300,Yahoo Finance daily
2024-06-25,us,TEM,,25.309999465942383,26.100000381469727,22.88999938964844,24.959999084472656,2234400,Yahoo Finance daily
2024-06-26,us,TEM,,24.959999084472656,27.739999771118164,23.049999237060547,27.559999465942383,1513800,Yahoo Finance daily
2024-06-27,us,TEM,,28.399999618530277,31.25,27.68000030517578,30.82999992370605,1481500,Yahoo Finance daily
2024-06-28,us,TEM,,32.77000045776367,35.16999816894531,31.25,35.0,1191500,Yahoo Finance daily
2024-07-01,us,TEM,,37.0,37.0,32.0,33.34000015258789,897000,Yahoo Finance daily
2024-07-02,us,TEM,,34.45000076293945,36.34000015258789,33.7400016784668,35.97999954223633,720900,Yahoo Finance daily
2024-07-03,us,TEM,,37.0,37.650001525878906,32.79999923706055,34.38999938964844,1092600,Yahoo Finance daily
2024-07-05,us,TEM,,36.220001220703125,36.630001068115234,30.770000457763672,30.8799991607666,622000,Yahoo Finance daily
2024-07-08,us,TEM,,31.06999969482422,33.79999923706055,31.0,33.20000076293945,511300,Yahoo Finance daily
2024-07-09,us,TEM,,34.709999084472656,35.75,30.809999465942383,34.5,2062000,Yahoo Finance daily
2024-07-10,us,TEM,,35.5,36.4900016784668,34.45000076293945,35.0,1079300,Yahoo Finance daily
2024-07-11,us,TEM,,35.779998779296875,37.584999084472656,34.81999969482422,37.5,982900,Yahoo Finance daily
2024-07-12,us,TEM,,38.880001068115234,41.77999877929688,37.68000030517578,39.7599983215332,1633500,Yahoo Finance daily
2024-07-15,us,TEM,,39.7599983215332,40.79999923706055,36.400001525878906,36.59999847412109,1039700,Yahoo Finance daily
2024-07-16,us,TEM,,38.5,41.880001068115234,37.30699920654297,40.7400016784668,1161700,Yahoo Finance daily
2024-07-17,us,TEM,,40.0,45.11000061035156,38.709999084472656,39.84999847412109,1146200,Yahoo Finance daily
2024-07-18,us,TEM,,41.560001373291016,42.25,39.5,40.13999938964844,959100,Yahoo Finance daily
2024-07-19,us,TEM,,41.0,42.845001220703125,39.900001525878906,41.400001525878906,442600,Yahoo Finance daily
2024-07-22,us,TEM,,42.45000076293945,43.84999847412109,41.09999847412109,42.97999954223633,927000,Yahoo Finance daily
2024-07-23,us,TEM,,43.0,43.400001525878906,40.20000076293945,40.70000076293945,448200,Yahoo Finance daily
2024-07-24,us,TEM,,40.81999969482422,40.92499923706055,37.68000030517578,38.04999923706055,623700,Yahoo Finance daily
2024-07-25,us,TEM,,38.5,40.09999847412109,37.2599983215332,40.02000045776367,651100,Yahoo Finance daily
2024-07-26,us,TEM,,40.09999847412109,42.06999969482422,39.709999084472656,41.91999816894531,711800,Yahoo Finance daily
2024-07-29,us,TEM,,41.709999084472656,44.16999816894531,41.417999267578125,43.869998931884766,519500,Yahoo Finance daily
2024-07-30,us,TEM,,44.709999084472656,46.54999923706055,42.7599983215332,45.970001220703125,865500,Yahoo Finance daily
2024-07-31,us,TEM,,46.58000183105469,47.09000015258789,43.119998931884766,43.27999877929688,573700,Yahoo Finance daily
2024-08-01,us,TEM,,44.91999816894531,45.58000183105469,39.0099983215332,39.27999877929688,605300,Yahoo Finance daily
2024-08-02,us,TEM,,38.0,39.47999954223633,36.11000061035156,39.04499816894531,680800,Yahoo Finance daily
2024-08-05,us,TEM,,32.81999969482422,38.83000183105469,32.79999923706055,38.220001220703125,1005700,Yahoo Finance daily
2024-08-06,us,TEM,,41.5099983215332,41.9900016784668,38.0,40.650001525878906,1000000,Yahoo Finance daily
2024-08-07,us,TEM,,39.90999984741211,40.93000030517578,38.54999923706055,38.81999969482422,1210500,Yahoo Finance daily
2024-08-08,us,TEM,,40.709999084472656,40.709999084472656,36.79999923706055,38.93000030517578,686600,Yahoo Finance daily
2024-08-09,us,TEM,,39.0,39.77999877929688,38.56999969482422,38.75,336600,Yahoo Finance daily
2024-08-12,us,TEM,,38.86000061035156,39.75,38.165000915527344,38.68000030517578,372900,Yahoo Finance daily
2024-08-13,us,TEM,,39.43000030517578,43.7599983215332,38.94100189208984,42.650001525878906,718600,Yahoo Finance daily
2024-08-14,us,TEM,,42.70000076293945,43.84400177001953,41.18999862670898,42.900001525878906,605900,Yahoo Finance daily
2024-08-15,us,TEM,,43.7599983215332,47.810001373291016,43.75,47.20000076293945,717700,Yahoo Finance daily
2024-08-16,us,TEM,,47.0,52.81999969482422,46.59999847412109,50.880001068115234,1307000,Yahoo Finance daily
2024-08-19,us,TEM,,52.09999847412109,59.08000183105469,50.0099983215332,57.61000061035156,1424900,Yahoo Finance daily
2024-08-20,us,TEM,,58.0,74.83000183105469,56.93999862670898,58.709999084472656,3133800,Yahoo Finance daily
2024-08-21,us,TEM,,60.0,72.7699966430664,60.0,71.47000122070312,1764100,Yahoo Finance daily
2024-08-22,us,TEM,,72.3499984741211,77.0,61.02000045776367,64.52999877929688,2162400,Yahoo Finance daily
2024-08-23,us,TEM,,66.47000122070312,68.08000183105469,63.11000061035156,64.94999694824219,990700,Yahoo Finance daily
2024-08-26,us,TEM,,66.9000015258789,67.6500015258789,58.0,60.5099983215332,1042700,Yahoo Finance daily
2024-08-27,us,TEM,,60.5099983215332,72.44999694824219,60.5099983215332,68.47000122070312,1449900,Yahoo Finance daily
2024-08-28,us,TEM,,68.47000122070312,68.98999786376953,58.59999847412109,59.22999954223633,1227800,Yahoo Finance daily
2024-08-29,us,TEM,,61.20000076293945,62.34999847412109,55.65499877929688,57.90999984741211,1192800,Yahoo Finance daily
2024-08-30,us,TEM,,57.90999984741211,59.733001708984375,56.70000076293945,59.380001068115234,715300,Yahoo Finance daily
2024-09-03,us,TEM,,59.04999923706055,62.19599914550781,51.55500030517578,52.09000015258789,1084000,Yahoo Finance daily
2024-09-04,us,TEM,,52.0,55.72600173950195,50.62900161743164,53.73500061035156,796900,Yahoo Finance daily
2024-09-05,us,TEM,,54.310001373291016,60.16999816894531,53.80799865722656,55.630001068115234,949200,Yahoo Finance daily
2024-09-06,us,TEM,,55.34999847412109,56.27999877929688,47.04499816894531,50.18999862670898,1465200,Yahoo Finance daily
2024-09-09,us,TEM,,51.93999862670898,51.93999862670898,43.90999984741211,47.27000045776367,1580000,Yahoo Finance daily
2024-09-10,us,TEM,,47.27000045776367,47.5,43.40999984741211,45.04999923706055,941900,Yahoo Finance daily
2024-09-11,us,TEM,,45.52000045776367,47.0,43.33000183105469,46.4900016784668,1099300,Yahoo Finance daily
2024-09-12,us,TEM,,46.4900016784668,50.95000076293945,44.650001525878906,45.45000076293945,1417900,Yahoo Finance daily
2024-09-13,us,TEM,,46.06999969482422,49.45000076293945,45.59999847412109,49.380001068115234,929500,Yahoo Finance daily
2024-09-16,us,TEM,,48.400001525878906,54.900001525878906,47.04999923706055,54.66999816894531,1360300,Yahoo Finance daily
2024-09-17,us,TEM,,55.61000061035156,55.65999984741211,48.31999969482422,49.22999954223633,2000100,Yahoo Finance daily
2024-09-18,us,TEM,,50.0,53.79999923706055,48.56499862670898,51.310001373291016,1013200,Yahoo Finance daily
2024-09-19,us,TEM,,53.90999984741211,54.61000061035156,49.88800048828125,50.09000015258789,1054800,Yahoo Finance daily
2024-09-20,us,TEM,,51.34999847412109,54.89500045776367,49.7400016784668,54.43000030517578,1691900,Yahoo Finance daily
2024-09-23,us,TEM,,54.560001373291016,57.5,52.5,55.36000061035156,917800,Yahoo Finance daily
2024-09-24,us,TEM,,55.45000076293945,55.96799850463867,50.5,51.220001220703125,1393800,Yahoo Finance daily
2024-09-25,us,TEM,,51.0,51.630001068115234,48.810001373291016,49.150001525878906,982400,Yahoo Finance daily
2024-09-26,us,TEM,,50.33000183105469,52.75,49.95000076293945,51.869998931884766,763200,Yahoo Finance daily
2024-09-27,us,TEM,,53.0,54.48199844360352,51.52999877929688,53.84000015258789,755600,Yahoo Finance daily
2024-09-30,us,TEM,,53.7599983215332,56.77999877929688,52.38999938964844,56.59999847412109,736300,Yahoo Finance daily
2024-10-01,us,TEM,,56.709999084472656,57.025001525878906,51.7599983215332,53.06999969482422,1012000,Yahoo Finance daily
2024-10-02,us,TEM,,52.5,52.540000915527344,50.27000045776367,51.25,534800,Yahoo Finance daily
2024-10-03,us,TEM,,52.34999847412109,52.90999984741211,48.09999847412109,48.959999084472656,1421500,Yahoo Finance daily
2024-10-04,us,TEM,,50.380001068115234,54.5,49.59000015258789,52.93999862670898,1055700,Yahoo Finance daily
2024-10-07,us,TEM,,53.0,53.01499938964844,50.040000915527344,50.54999923706055,634200,Yahoo Finance daily
2024-10-08,us,TEM,,50.91999816894531,50.935001373291016,47.34000015258789,48.08000183105469,1146900,Yahoo Finance daily
2024-10-09,us,TEM,,48.08000183105469,49.540000915527344,47.400001525878906,48.33000183105469,839200,Yahoo Finance daily
2024-10-10,us,TEM,,48.900001525878906,48.900001525878906,45.757999420166016,45.97999954223633,732600,Yahoo Finance daily
2024-10-11,us,TEM,,45.41999816894531,49.540000915527344,45.29999923706055,48.81999969482422,885000,Yahoo Finance daily
2024-10-14,us,TEM,,49.0099983215332,51.400001525878906,48.65999984741211,50.720001220703125,503900,Yahoo Finance daily
2024-10-15,us,TEM,,50.720001220703125,50.720001220703125,45.790000915527344,46.630001068115234,1406100,Yahoo Finance daily
2024-10-16,us,TEM,,47.09999847412109,49.29999923706055,46.70000076293945,49.04999923706055,622400,Yahoo Finance daily
2024-10-17,us,TEM,,49.20000076293945,49.33000183105469,47.77999877929688,48.0099983215332,435200,Yahoo Finance daily
2024-10-18,us,TEM,,49.29999923706055,51.571998596191406,48.709999084472656,49.34000015258789,960000,Yahoo Finance daily
2024-10-21,us,TEM,,49.70000076293945,50.1349983215332,47.79999923706055,48.68000030517578,411900,Yahoo Finance daily
2024-10-22,us,TEM,,48.0,48.209999084472656,46.0,46.52999877929688,1060100,Yahoo Finance daily
2024-10-23,us,TEM,,46.04999923706055,46.63999938964844,44.43000030517578,45.40999984741211,670300,Yahoo Finance daily
2024-10-24,us,TEM,,46.5,47.25,45.59999847412109,46.209999084472656,428900,Yahoo Finance daily
2024-10-25,us,TEM,,46.06999969482422,46.33000183105469,43.5,43.5099983215332,832000,Yahoo Finance daily
2024-10-28,us,TEM,,43.68000030517578,44.77000045776367,42.2400016784668,43.34000015258789,846900,Yahoo Finance daily
2024-10-29,us,TEM,,43.06999969482422,46.220001220703125,42.459999084472656,45.220001220703125,740500,Yahoo Finance daily
2024-10-30,us,TEM,,45.31999969482422,46.43999862670898,44.55699920654297,45.5099983215332,578200,Yahoo Finance daily
2024-10-31,us,TEM,,45.5,45.650001525878906,44.07099914550781,44.619998931884766,605100,Yahoo Finance daily
2024-11-01,us,TEM,,45.59999847412109,46.36000061035156,44.68000030517578,46.060001373291016,478900,Yahoo Finance daily
2024-11-04,us,TEM,,45.88999938964844,49.63999938964844,45.422000885009766,49.5,824700,Yahoo Finance daily
2024-11-05,us,TEM,,48.79999923706055,48.810001373291016,39.34000015258789,44.5,3058300,Yahoo Finance daily
2024-11-06,us,TEM,,45.959999084472656,59.15999984741211,45.5099983215332,56.970001220703125,3135600,Yahoo Finance daily
2024-11-07,us,TEM,,55.02999877929688,59.98799896240234,54.02999877929688,56.790000915527344,2432100,Yahoo Finance daily
2024-11-08,us,TEM,,56.790000915527344,75.0,56.06399917602539,73.7699966430664,3016000,Yahoo Finance daily
2024-11-11,us,TEM,,69.77999877929688,78.0,66.5,77.62000274658203,1693900,Yahoo Finance daily
2024-11-12,us,TEM,,76.19999694824219,79.48999786376953,65.9000015258789,68.04000091552734,1726900,Yahoo Finance daily
2024-11-13,us,TEM,,70.0,74.45500183105469,66.11000061035156,68.08000183105469,1073600,Yahoo Finance daily
2024-11-14,us,TEM,,68.0,68.56999969482422,55.560001373291016,56.630001068115234,1922800,Yahoo Finance daily
2024-11-15,us,TEM,,56.5099983215332,56.72499847412109,50.97999954223633,52.400001525878906,1600800,Yahoo Finance daily
2024-11-18,us,TEM,,52.59999847412109,54.310001373291016,48.2599983215332,54.060001373291016,1211600,Yahoo Finance daily
2024-11-19,us,TEM,,52.5,55.18000030517578,50.59999847412109,53.970001220703125,1472800,Yahoo Finance daily
2024-11-20,us,TEM,,55.95000076293945,60.400001525878906,55.29999923706055,58.150001525878906,1417300,Yahoo Finance daily
2024-11-21,us,TEM,,58.040000915527344,58.86000061035156,52.09000015258789,52.47999954223633,1739100,Yahoo Finance daily
2024-11-22,us,TEM,,53.20000076293945,59.97999954223633,52.209999084472656,58.59999847412109,1188900,Yahoo Finance daily
2024-11-25,us,TEM,,63.43000030517578,67.45999908447266,61.0,63.88999938964844,1606600,Yahoo Finance daily
2024-11-26,us,TEM,,63.5,64.95999908447266,58.42300033569336,58.8650016784668,891100,Yahoo Finance daily
2024-11-27,us,TEM,,61.0,65.33999633789062,61.0,62.97999954223633,682500,Yahoo Finance daily
2024-11-29,us,TEM,,66.12999725341797,67.22000122070312,62.29999923706055,62.59000015258789,445100,Yahoo Finance daily
2024-12-02,us,TEM,,65.62000274658203,68.94999694824219,62.63999938964844,62.93999862670898,852500,Yahoo Finance daily
2024-12-03,us,TEM,,62.470001220703125,62.470001220703125,53.810001373291016,56.290000915527344,1975100,Yahoo Finance daily
2024-12-04,us,TEM,,58.0,60.20000076293945,55.900001525878906,57.9900016784668,1495700,Yahoo Finance daily
2024-12-05,us,TEM,,56.84000015258789,58.310001373291016,52.880001068115234,53.15999984741211,1848100,Yahoo Finance daily
2024-12-06,us,TEM,,53.459999084472656,53.5,49.56999969482422,50.43999862670898,2810500,Yahoo Finance daily
2024-12-09,us,TEM,,51.06999969482422,52.0,46.25,46.5,2953400,Yahoo Finance daily
2024-12-10,us,TEM,,46.5,47.20000076293945,44.52999877929688,45.0,2705200,Yahoo Finance daily
2024-12-11,us,TEM,,42.08000183105469,43.900001525878906,40.09999847412109,43.18999862670898,11464600,Yahoo Finance daily
2024-12-12,us,TEM,,43.2599983215332,47.13999938964844,41.9010009765625,41.9900016784668,10410600,Yahoo Finance daily
2024-12-13,us,TEM,,42.0,43.93999862670898,40.65999984741211,41.0,5058600,Yahoo Finance daily
2024-12-16,us,TEM,,41.88999938964844,42.25,39.0,39.880001068115234,4676000,Yahoo Finance daily
2024-12-17,us,TEM,,40.0,40.900001525878906,38.68000030517578,38.95000076293945,4279500,Yahoo Finance daily
2024-12-18,us,TEM,,39.650001525878906,39.72999954223633,34.25,34.29499816894531,7445100,Yahoo Finance daily
2024-12-19,us,TEM,,35.29999923706055,35.63600158691406,32.59000015258789,33.029998779296875,5150000,Yahoo Finance daily
2024-12-20,us,TEM,,32.4900016784668,36.16999816894531,32.400001525878906,35.540000915527344,5800600,Yahoo Finance daily
2024-12-23,us,TEM,,36.43000030517578,36.80099868774414,33.41999816894531,34.90999984741211,3436000,Yahoo Finance daily
2024-12-24,us,TEM,,35.25,35.400001525878906,34.04999923706055,34.790000915527344,1169700,Yahoo Finance daily
2024-12-26,us,TEM,,34.68000030517578,36.130001068115234,34.150001525878906,35.290000915527344,2897800,Yahoo Finance daily
2024-12-27,us,TEM,,36.915000915527344,38.02000045776367,34.689998626708984,35.119998931884766,4457400,Yahoo Finance daily
2024-12-30,us,TEM,,34.56999969482422,34.58399963378906,32.970001220703125,33.869998931884766,2870600,Yahoo Finance daily
2024-12-31,us,TEM,,34.0099983215332,34.58000183105469,32.970001220703125,33.7599983215332,2073900,Yahoo Finance daily
2025-01-02,us,TEM,,33.88999938964844,35.290000915527344,32.959999084472656,34.25,3265600,Yahoo Finance daily
2025-01-03,us,TEM,,34.2599983215332,39.20000076293945,34.18000030517578,38.25,4691900,Yahoo Finance daily
2025-01-06,us,TEM,,39.75,41.59999847412109,38.810001373291016,40.7599983215332,4703800,Yahoo Finance daily
2025-01-07,us,TEM,,41.61800003051758,41.900001525878906,38.130001068115234,38.875,3275700,Yahoo Finance daily
2025-01-08,us,TEM,,38.77999877929688,40.79999923706055,36.720001220703125,37.4900016784668,2993200,Yahoo Finance daily
2025-01-10,us,TEM,,36.400001525878906,37.9900016784668,34.81999969482422,37.52000045776367,2206200,Yahoo Finance daily
2025-01-13,us,TEM,,33.689998626708984,34.7400016784668,31.36000061035156,32.34000015258789,7405900,Yahoo Finance daily
2025-01-14,us,TEM,,33.099998474121094,34.619998931884766,31.65999984741211,31.82999992370605,4032200,Yahoo Finance daily
2025-01-15,us,TEM,,33.470001220703125,37.5,33.0,34.91999816894531,5351000,Yahoo Finance daily
2025-01-16,us,TEM,,35.79999923706055,35.970001220703125,32.900001525878906,34.75,2750600,Yahoo Finance daily
2025-01-17,us,TEM,,35.150001525878906,35.93000030517578,34.349998474121094,35.150001525878906,2439000,Yahoo Finance daily
2025-01-21,us,TEM,,42.84000015258789,49.83000183105469,41.75,47.63999938964844,33903000,Yahoo Finance daily
2025-01-22,us,TEM,,51.66999816894531,52.83000183105469,47.18000030517578,50.45000076293945,26164100,Yahoo Finance daily
2025-01-23,us,TEM,,49.720001220703125,56.540000915527344,47.220001220703125,54.84000015258789,23250300,Yahoo Finance daily
2025-01-24,us,TEM,,55.0,55.59999847412109,51.25,51.400001525878906,13035000,Yahoo Finance daily
2025-01-27,us,TEM,,49.619998931884766,54.56999969482422,48.08000183105469,51.86000061035156,13100900,Yahoo Finance daily
2025-01-28,us,TEM,,52.0,52.77999877929688,48.310001373291016,51.02000045776367,7582600,Yahoo Finance daily
2025-01-29,us,TEM,,51.31499862670898,56.459999084472656,49.74800109863281,50.77000045776367,11269500,Yahoo Finance daily
2025-01-30,us,TEM,,52.81499862670898,58.5099983215332,52.20000076293945,57.18999862670898,17205800,Yahoo Finance daily
2025-01-31,us,TEM,,60.0,62.150001525878906,56.33000183105469,57.38999938964844,17839000,Yahoo Finance daily
2025-02-03,us,TEM,,53.630001068115234,61.75,52.97100067138672,61.540000915527344,15583200,Yahoo Finance daily
2025-02-04,us,TEM,,65.05500030517578,65.33999633789062,60.59000015258789,61.84999847412109,15709000,Yahoo Finance daily
2025-02-05,us,TEM,,64.30000305175781,71.29199981689453,63.52000045776367,69.18000030517578,22619500,Yahoo Finance daily
2025-02-06,us,TEM,,71.38999938964844,71.38999938964844,64.1500015258789,64.98999786376953,17268100,Yahoo Finance daily
2025-02-07,us,TEM,,66.69999694824219,69.91999816894531,65.80000305175781,68.95999908447266,16336900,Yahoo Finance daily
2025-02-10,us,TEM,,70.19999694824219,71.30000305175781,66.25,68.36000061035156,15867600,Yahoo Finance daily
2025-02-11,us,TEM,,67.88999938964844,78.66999816894531,67.6500015258789,71.20999908447266,31676800,Yahoo Finance daily
2025-02-12,us,TEM,,68.43000030517578,74.77899932861328,68.02999877929688,73.87999725341797,19184700,Yahoo Finance daily
2025-02-13,us,TEM,,77.16500091552734,86.0,75.80000305175781,83.75,29245100,Yahoo Finance daily
2025-02-14,us,TEM,,87.7699966430664,91.4499969482422,84.08999633789062,89.44000244140625,25121400,Yahoo Finance daily
2025-02-18,us,TEM,,90.08999633789062,91.27999877929688,78.80000305175781,81.94999694824219,22200600,Yahoo Finance daily
2025-02-19,us,TEM,,83.94000244140625,86.88999938964844,79.0,85.70999908447266,16821900,Yahoo Finance daily
2025-02-20,us,TEM,,79.98999786376953,80.22000122070312,72.0999984741211,76.72000122070312,20480700,Yahoo Finance daily
2025-02-21,us,TEM,,76.51000213623047,77.0,67.73999786376953,68.08999633789062,14954500,Yahoo Finance daily
2025-02-24,us,TEM,,69.8499984741211,74.19999694824219,65.37000274658203,69.56999969482422,20343400,Yahoo Finance daily
2025-02-25,us,TEM,,58.4900016784668,65.80000305175781,55.20000076293945,59.09999847412109,26410600,Yahoo Finance daily
2025-02-26,us,TEM,,60.10200119018555,66.87000274658203,59.0,62.2599983215332,18867900,Yahoo Finance daily
2025-02-27,us,TEM,,63.34999847412109,63.650001525878906,55.150001525878906,55.29999923706055,17784400,Yahoo Finance daily
2025-02-28,us,TEM,,52.13999938964844,56.709999084472656,50.5,56.18000030517578,13994900,Yahoo Finance daily
2025-03-03,us,TEM,,57.54499816894531,57.59000015258789,50.02999877929688,50.93000030517578,11137200,Yahoo Finance daily
2025-03-04,us,TEM,,48.59000015258789,54.130001068115234,47.0,52.72999954223633,14447200,Yahoo Finance daily
2025-03-05,us,TEM,,52.93999862670898,53.3390007019043,49.34999847412109,53.060001373291016,10622200,Yahoo Finance daily
2025-03-06,us,TEM,,50.46500015258789,52.22999954223633,48.0099983215332,48.86000061035156,9811300,Yahoo Finance daily
2025-03-07,us,TEM,,48.459999084472656,50.92399978637695,45.0099983215332,49.09999847412109,9345200,Yahoo Finance daily
2025-03-10,us,TEM,,48.060001373291016,48.4900016784668,43.52999877929688,45.16999816894531,10135100,Yahoo Finance daily
2025-03-11,us,TEM,,44.54999923706055,47.36000061035156,44.04999923706055,45.58000183105469,8910900,Yahoo Finance daily
2025-03-12,us,TEM,,48.75,49.59999847412109,44.1609992980957,45.5,12984700,Yahoo Finance daily
2025-03-13,us,TEM,,45.97999954223633,47.01499938964844,42.09999847412109,42.165000915527344,9233400,Yahoo Finance daily
2025-03-14,us,TEM,,43.900001525878906,47.459999084472656,43.24800109863281,47.16999816894531,10973400,Yahoo Finance daily
2025-03-17,us,TEM,,46.80500030517578,50.86000061035156,45.84999847412109,49.869998931884766,9743600,Yahoo Finance daily
2025-03-18,us,TEM,,47.790000915527344,47.95600128173828,45.04999923706055,45.7400016784668,9733500,Yahoo Finance daily
2025-03-19,us,TEM,,46.52999877929688,49.709999084472656,45.66999816894531,48.02999877929688,11694700,Yahoo Finance daily
2025-03-20,us,TEM,,47.59999847412109,49.4900016784668,47.02000045776367,48.040000915527344,9003100,Yahoo Finance daily
2025-03-21,us,TEM,,46.83000183105469,51.77999877929688,45.47999954223633,51.34999847412109,9929800,Yahoo Finance daily
2025-03-24,us,TEM,,54.93999862670898,59.209999084472656,54.18299865722656,59.0,14385800,Yahoo Finance daily
2025-03-25,us,TEM,,59.0,61.5,55.68999862670898,58.56999969482422,13575200,Yahoo Finance daily
2025-03-26,us,TEM,,57.935001373291016,59.54999923706055,53.20000076293945,53.25,10387800,Yahoo Finance daily
2025-03-27,us,TEM,,52.400001525878906,55.880001068115234,51.869998931884766,51.970001220703125,9663500,Yahoo Finance daily
2025-03-28,us,TEM,,51.09000015258789,51.25600051879883,47.040000915527344,47.83000183105469,9196000,Yahoo Finance daily
2025-03-31,us,TEM,,45.4900016784668,48.79999923706055,44.28300094604492,48.2400016784668,7480800,Yahoo Finance daily
2025-04-01,us,TEM,,48.27000045776367,49.130001068115234,45.459999084472656,47.220001220703125,7746000,Yahoo Finance daily
2025-04-02,us,TEM,,45.80500030517578,50.040000915527344,45.43999862670898,49.88999938964844,8747100,Yahoo Finance daily
2025-04-03,us,TEM,,45.40999984741211,47.869998931884766,45.40499877929688,46.16999816894531,8151500,Yahoo Finance daily
2025-04-04,us,TEM,,44.93000030517578,45.810001373291016,40.02999877929688,42.58000183105469,11577700,Yahoo Finance daily
2025-04-07,us,TEM,,39.119998931884766,45.98199844360352,37.68000030517578,42.70000076293945,12791000,Yahoo Finance daily
2025-04-08,us,TEM,,45.3650016784668,45.5,36.5,37.22999954223633,15486300,Yahoo Finance daily
2025-04-09,us,TEM,,37.68000030517578,45.0,36.220001220703125,43.790000915527344,18857700,Yahoo Finance daily
2025-04-10,us,TEM,,42.845001220703125,43.00199890136719,38.369998931884766,40.290000915527344,8760400,Yahoo Finance daily
2025-04-11,us,TEM,,40.93000030517578,42.34999847412109,38.790000915527344,42.119998931884766,8572300,Yahoo Finance daily
2025-04-14,us,TEM,,44.02000045776367,44.77000045776367,41.95700073242188,43.130001068115234,7758000,Yahoo Finance daily
2025-04-15,us,TEM,,43.15499877929688,43.83599853515625,41.34999847412109,42.93000030517578,5256400,Yahoo Finance daily
2025-04-16,us,TEM,,41.47999954223633,42.130001068115234,40.040000915527344,40.86000061035156,5183700,Yahoo Finance daily
2025-04-17,us,TEM,,41.13999938964844,41.64599990844727,40.15999984741211,40.45000076293945,4573800,Yahoo Finance daily
2025-04-21,us,TEM,,39.93999862670898,41.59999847412109,39.0099983215332,40.97999954223633,8903100,Yahoo Finance daily
2025-04-22,us,TEM,,41.79999923706055,45.47999954223633,41.66999816894531,43.22999954223633,9399300,Yahoo Finance daily
2025-04-23,us,TEM,,47.31499862670898,51.31999969482422,47.0,49.54999923706055,18735900,Yahoo Finance daily
2025-04-24,us,TEM,,50.400001525878906,53.540000915527344,49.40999984741211,53.5,10529200,Yahoo Finance daily
2025-04-25,us,TEM,,53.209999084472656,54.54999923706055,52.220001220703125,52.900001525878906,9010000,Yahoo Finance daily
2025-04-28,us,TEM,,53.959999084472656,56.4900016784668,52.16999816894531,53.77000045776367,10884100,Yahoo Finance daily
2025-04-29,us,TEM,,55.369998931884766,56.900001525878906,52.68000030517578,54.290000915527344,9865200,Yahoo Finance daily
2025-04-30,us,TEM,,51.19499969482422,52.25,50.04999923706055,51.66999816894531,8113200,Yahoo Finance daily
2025-05-01,us,TEM,,53.5,54.310001373291016,51.5099983215332,51.84999847412109,6404800,Yahoo Finance daily
2025-05-02,us,TEM,,52.75,58.68000030517578,52.59999847412109,57.060001373291016,12339100,Yahoo Finance daily
2025-05-05,us,TEM,,55.59000015258789,55.75,52.79999923706055,54.06999969482422,9202500,Yahoo Finance daily
2025-05-06,us,TEM,,51.54999923706055,53.630001068115234,50.79999923706055,52.18999862670898,13295600,Yahoo Finance daily
2025-05-07,us,TEM,,52.125,58.79999923706055,48.71099853515625,58.7599983215332,28590600,Yahoo Finance daily
2025-05-08,us,TEM,,58.31499862670898,66.41500091552734,57.56999969482422,65.22000122070312,24829100,Yahoo Finance daily
2025-05-09,us,TEM,,66.26000213623047,66.30000305175781,60.5,61.369998931884766,15516400,Yahoo Finance daily
2025-05-12,us,TEM,,64.7300033569336,65.0,60.09999847412109,62.68999862670898,15874000,Yahoo Finance daily
2025-05-13,us,TEM,,65.0,71.41999816894531,64.0,68.91000366210938,21784900,Yahoo Finance daily
2025-05-14,us,TEM,,70.67500305175781,71.97000122070312,64.2699966430664,64.77999877929688,15465500,Yahoo Finance daily
2025-05-15,us,TEM,,64.80000305175781,65.75,60.91999816894531,62.59999847412109,11185400,Yahoo Finance daily
2025-05-16,us,TEM,,64.08999633789062,65.66999816894531,61.630001068115234,65.48999786376953,10187400,Yahoo Finance daily
2025-05-19,us,TEM,,61.880001068115234,63.77000045776367,60.31999969482422,63.7400016784668,10816800,Yahoo Finance daily
2025-05-20,us,TEM,,64.0,66.6500015258789,61.26599884033203,62.43000030517578,14874200,Yahoo Finance daily
2025-05-21,us,TEM,,62.900001525878906,65.87999725341797,57.79999923706055,58.13999938964844,19982200,Yahoo Finance daily
2025-05-22,us,TEM,,58.31499862670898,61.72999954223633,57.0099983215332,59.25,12398800,Yahoo Finance daily
2025-05-23,us,TEM,,57.369998931884766,62.880001068115234,57.25,62.560001373291016,10355000,Yahoo Finance daily
2025-05-27,us,TEM,,64.6449966430664,68.75,63.880001068115234,65.87000274658203,16771900,Yahoo Finance daily
2025-05-28,us,TEM,,63.9900016784668,64.25,52.54999923706055,53.20000076293945,50365400,Yahoo Finance daily
2025-05-29,us,TEM,,54.75,56.470001220703125,52.619998931884766,54.43000030517578,19306200,Yahoo Finance daily
2025-05-30,us,TEM,,54.75,56.630001068115234,53.59999847412109,55.18000030517578,14090300,Yahoo Finance daily
2025-06-02,us,TEM,,55.22999954223633,65.3550033569336,55.119998931884766,63.470001220703125,31474300,Yahoo Finance daily
2025-06-03,us,TEM,,62.20000076293945,63.63399887084961,60.83000183105469,61.959999084472656,12269500,Yahoo Finance daily
2025-06-04,us,TEM,,62.32500076293945,64.58999633789062,61.31999969482422,62.77999877929688,9119600,Yahoo Finance daily
2025-06-05,us,TEM,,62.09999847412109,63.08000183105469,57.59000015258789,58.65999984741211,12247100,Yahoo Finance daily
2025-06-06,us,TEM,,60.0,63.66999816894531,58.59999847412109,62.06999969482422,11631100,Yahoo Finance daily
2025-06-09,us,TEM,,63.6150016784668,68.7300033569336,60.86000061035156,66.94000244140625,16954100,Yahoo Finance daily
2025-06-10,us,TEM,,67.0,70.0,66.12000274658203,69.37999725341797,13924700,Yahoo Finance daily
2025-06-11,us,TEM,,70.06500244140625,73.27999877929688,67.12000274658203,70.77999877929688,16295300,Yahoo Finance daily
2025-06-12,us,TEM,,68.8499984741211,72.27999877929688,68.8499984741211,71.2300033569336,10712400,Yahoo Finance daily
2025-06-13,us,TEM,,68.56999969482422,74.22799682617188,68.3499984741211,71.27999877929688,12839900,Yahoo Finance daily
2025-06-16,us,TEM,,72.1500015258789,74.83000183105469,71.22000122070312,72.0,10203200,Yahoo Finance daily
2025-06-17,us,TEM,,70.44999694824219,71.41999816894531,68.83000183105469,70.11000061035156,7802500,Yahoo Finance daily
2025-06-18,us,TEM,,69.13500213623047,71.63999938964844,66.62000274658203,69.0999984741211,10699000,Yahoo Finance daily
2025-06-20,us,TEM,,69.66000366210938,70.11000061035156,67.25,68.30999755859375,7043200,Yahoo Finance daily
2025-06-23,us,TEM,,66.05000305175781,68.9000015258789,63.20199966430664,65.6500015258789,10491400,Yahoo Finance daily
2025-06-24,us,TEM,,67.5199966430664,68.80500030517578,65.5,68.27999877929688,7804400,Yahoo Finance daily
2025-06-25,us,TEM,,69.57499694824219,71.37000274658203,64.41000366210938,65.47000122070312,10125500,Yahoo Finance daily
2025-06-26,us,TEM,,66.05999755859375,69.25,65.41000366210938,68.33999633789062,8248700,Yahoo Finance daily
2025-06-27,us,TEM,,69.0,69.97000122070312,65.25,66.5199966430664,13698200,Yahoo Finance daily
2025-06-30,us,TEM,,65.69499969482422,67.0,63.47999954223633,63.540000915527344,12302900,Yahoo Finance daily
2025-07-01,us,TEM,,62.52999877929688,62.79999923706055,58.709999084472656,59.44499969482422,15481500,Yahoo Finance daily
2025-07-02,us,TEM,,59.83000183105469,60.57799911499024,58.52999877929688,59.18000030517578,8128900,Yahoo Finance daily
2025-07-03,us,TEM,,59.97999954223633,61.56999969482422,59.540000915527344,60.970001220703125,6389100,Yahoo Finance daily
2025-07-07,us,TEM,,60.040000915527344,60.055999755859375,57.1870002746582,58.0099983215332,8351500,Yahoo Finance daily
2025-07-08,us,TEM,,59.08000183105469,59.8650016784668,57.970001220703125,58.5099983215332,6690700,Yahoo Finance daily
2025-07-09,us,TEM,,59.2400016784668,59.7400016784668,57.47999954223633,58.40999984741211,6189700,Yahoo Finance daily
2025-07-10,us,TEM,,59.08000183105469,60.900001525878906,58.54999923706055,59.59999847412109,8330300,Yahoo Finance daily
2025-07-11,us,TEM,,59.0,60.20000076293945,56.54999923706055,56.880001068115234,8064200,Yahoo Finance daily
2025-07-14,us,TEM,,57.630001068115234,59.07600021362305,56.97999954223633,57.81999969482422,7109400,Yahoo Finance daily
2025-07-15,us,TEM,,58.959999084472656,59.970001220703125,55.76800155639648,55.88999938964844,9442500,Yahoo Finance daily
2025-07-16,us,TEM,,57.95000076293945,60.220001220703125,57.45000076293945,59.970001220703125,14300100,Yahoo Finance daily
2025-07-17,us,TEM,,60.810001373291016,62.34999847412109,59.59999847412109,60.650001525878906,10393000,Yahoo Finance daily
2025-07-18,us,TEM,,61.75,62.97999954223633,59.97999954223633,60.97999954223633,8361300,Yahoo Finance daily
2025-07-21,us,TEM,,61.86000061035156,62.470001220703125,57.84000015258789,58.0099983215332,10079100,Yahoo Finance daily
2025-07-22,us,TEM,,58.4900016784668,61.5,57.59999847412109,61.08000183105469,8108300,Yahoo Finance daily
2025-07-23,us,TEM,,61.125,64.88999938964844,60.04999923706055,64.86000061035156,11427100,Yahoo Finance daily
2025-07-24,us,TEM,,64.3499984741211,65.37999725341797,62.880001068115234,63.34000015258789,7540100,Yahoo Finance daily
2025-07-25,us,TEM,,63.38999938964844,65.27999877929688,62.20000076293945,64.48999786376953,6667100,Yahoo Finance daily
2025-07-28,us,TEM,,65.08000183105469,65.81999969482422,61.619998931884766,62.0,7613300,Yahoo Finance daily
2025-07-29,us,TEM,,61.04999923706055,61.290000915527344,57.86000061035156,58.290000915527344,9181100,Yahoo Finance daily
2025-07-30,us,TEM,,58.720001220703125,59.459999084472656,56.77000045776367,57.810001373291016,7228200,Yahoo Finance daily
2025-07-31,us,TEM,,57.244998931884766,59.650001525878906,56.29499816894531,56.59000015258789,7987600,Yahoo Finance daily
2025-08-01,us,TEM,,55.18000030517578,56.040000915527344,53.38999938964844,54.88999938964844,6577900,Yahoo Finance daily
2025-08-04,us,TEM,,54.94499969482422,57.66999816894531,54.5,57.52000045776367,6179900,Yahoo Finance daily
2025-08-05,us,TEM,,57.380001068115234,58.915000915527344,56.68000030517578,57.7400016784668,4884700,Yahoo Finance daily
2025-08-06,us,TEM,,57.619998931884766,57.63999938964844,54.880001068115234,55.52999877929688,5578400,Yahoo Finance daily
2025-08-07,us,TEM,,56.900001525878906,58.93000030517578,56.810001373291016,58.7400016784668,8344700,Yahoo Finance daily
2025-08-08,us,TEM,,64.19999694824219,65.7300033569336,57.880001068115234,60.869998931884766,26148100,Yahoo Finance daily
2025-08-11,us,TEM,,60.0099983215332,64.8499984741211,59.81999969482422,60.81999969482422,12273900,Yahoo Finance daily
2025-08-12,us,TEM,,61.34999847412109,66.4000015258789,61.2599983215332,66.33999633789062,15553700,Yahoo Finance daily
2025-08-13,us,TEM,,67.08000183105469,71.8499984741211,67.05999755859375,69.62999725341797,19400800,Yahoo Finance daily
2025-08-14,us,TEM,,66.61499786376953,74.4000015258789,66.55999755859375,71.58999633789062,15219500,Yahoo Finance daily
2025-08-15,us,TEM,,71.94999694824219,75.7300033569336,70.19000244140625,73.77999877929688,14685200,Yahoo Finance daily
2025-08-18,us,TEM,,72.36000061035156,78.98999786376953,70.48999786376953,78.44999694824219,14768200,Yahoo Finance daily
2025-08-19,us,TEM,,78.19999694824219,78.4000015258789,72.8499984741211,73.08000183105469,12848000,Yahoo Finance daily
2025-08-20,us,TEM,,70.7699966430664,73.80000305175781,67.0199966430664,73.27999877929688,13854400,Yahoo Finance daily
2025-08-21,us,TEM,,72.5,78.58999633789062,71.9000015258789,76.70999908447266,15635200,Yahoo Finance daily
2025-08-22,us,TEM,,76.44999694824219,85.27999877929688,75.66999816894531,80.5199966430664,18678800,Yahoo Finance daily
2025-08-25,us,TEM,,81.1050033569336,81.7300033569336,75.80000305175781,75.9000015258789,10037600,Yahoo Finance daily
2025-08-26,us,TEM,,75.9000015258789,77.1500015258789,74.51000213623047,76.30000305175781,7109800,Yahoo Finance daily
2025-08-27,us,TEM,,75.7249984741211,76.0,72.18000030517578,73.2300033569336,6800100,Yahoo Finance daily
2025-08-28,us,TEM,,73.30000305175781,75.15499877929688,73.05999755859375,73.66000366210938,5337300,Yahoo Finance daily
2025-08-29,us,TEM,,73.19999694824219,76.38999938964844,72.2300033569336,75.86000061035156,7665400,Yahoo Finance daily
2025-09-02,us,TEM,,73.63999938964844,78.38999938964844,71.4000015258789,78.33999633789062,9424900,Yahoo Finance daily
2025-09-03,us,TEM,,79.05999755859375,80.75,75.3010025024414,76.28500366210938,7009000,Yahoo Finance daily
2025-09-04,us,TEM,,76.48999786376953,78.5199966430664,73.44000244140625,78.12000274658203,6250100,Yahoo Finance daily
2025-09-05,us,TEM,,79.55999755859375,80.80000305175781,75.62000274658203,79.62000274658203,9002100,Yahoo Finance daily
2025-09-08,us,TEM,,80.8499984741211,83.2699966430664,79.52999877929688,80.22000122070312,9201700,Yahoo Finance daily
2025-09-09,us,TEM,,80.5999984741211,81.38899993896484,77.43000030517578,81.01000213623047,6525000,Yahoo Finance daily
2025-09-10,us,TEM,,81.74500274658203,82.58000183105469,77.16999816894531,78.16000366210938,8597300,Yahoo Finance daily
2025-09-11,us,TEM,,79.41999816894531,91.05999755859376,79.41699981689453,88.77999877929688,21218700,Yahoo Finance daily
2025-09-12,us,TEM,,89.26000213623047,90.33999633789062,85.91999816894531,86.37999725341797,6745600,Yahoo Finance daily
2025-09-15,us,TEM,,87.73999786376953,88.19400024414062,84.5999984741211,85.12999725341797,5207000,Yahoo Finance daily
2025-09-16,us,TEM,,85.11000061035156,87.41000366210938,82.30000305175781,87.04000091552734,7150200,Yahoo Finance daily
2025-09-17,us,TEM,,86.6500015258789,88.08000183105469,83.01000213623047,86.44999694824219,6821100,Yahoo Finance daily
2025-09-18,us,TEM,,88.0,88.70999908447266,86.25,87.06999969482422,5107400,Yahoo Finance daily
2025-09-19,us,TEM,,88.43000030517578,90.97000122070312,86.5,88.23999786376953,17676500,Yahoo Finance daily
2025-09-22,us,TEM,,92.51000213623048,97.78700256347656,84.29000091552734,85.87000274658203,21034400,Yahoo Finance daily
2025-09-23,us,TEM,,86.7300033569336,90.0790023803711,84.0199966430664,84.12999725341797,8795200,Yahoo Finance daily
2025-09-24,us,TEM,,84.5,85.30999755859375,78.77999877929688,79.2300033569336,9730200,Yahoo Finance daily
2025-09-25,us,TEM,,76.92500305175781,78.46399688720703,74.58999633789062,77.33000183105469,7891600,Yahoo Finance daily
2025-09-26,us,TEM,,78.70500183105469,79.87699890136719,77.56999969482422,78.4800033569336,5432200,Yahoo Finance daily
2025-09-29,us,TEM,,80.43000030517578,82.0999984741211,78.5,78.56999969482422,5726400,Yahoo Finance daily
2025-09-30,us,TEM,,78.25499725341797,80.88999938964844,77.08000183105469,80.70999908447266,4426400,Yahoo Finance daily
2025-10-01,us,TEM,,80.95999908447266,88.13999938964844,80.85900115966797,87.98999786376953,9193100,Yahoo Finance daily
2025-10-02,us,TEM,,89.07499694824219,90.62999725341795,87.66899871826172,89.30000305175781,9021400,Yahoo Finance daily
2025-10-03,us,TEM,,89.6500015258789,94.0,88.87999725341797,91.66000366210938,9313400,Yahoo Finance daily
2025-10-06,us,TEM,,91.33999633789062,93.48999786376952,89.74700164794922,93.08000183105467,6026700,Yahoo Finance daily
2025-10-07,us,TEM,,93.52999877929688,95.87999725341795,89.19999694824219,93.01000213623048,7381000,Yahoo Finance daily
2025-10-08,us,TEM,,92.95999908447266,103.41999816894533,91.87000274658205,103.25,13393700,Yahoo Finance daily
2025-10-09,us,TEM,,102.16999816894533,104.31999969482422,98.9000015258789,99.27999877929688,7306300,Yahoo Finance daily
2025-10-10,us,TEM,,100.9000015258789,101.55999755859376,93.9000015258789,96.38999938964844,9768500,Yahoo Finance daily
2025-10-13,us,TEM,,93.36000061035156,97.30500030517578,91.9000015258789,94.47000122070312,7183400,Yahoo Finance daily
2025-10-14,us,TEM,,92.11000061035156,93.90599822998048,87.30000305175781,89.87000274658203,6984300,Yahoo Finance daily
2025-10-15,us,TEM,,92.79000091552734,94.6500015258789,88.80999755859375,91.91000366210938,5012600,Yahoo Finance daily
2025-10-16,us,TEM,,94.46499633789062,97.25,90.02999877929688,91.0199966430664,6656900,Yahoo Finance daily
2025-10-17,us,TEM,,89.18000030517578,90.5999984741211,85.13500213623047,87.77999877929688,5837400,Yahoo Finance daily
2025-10-20,us,TEM,,91.0199966430664,96.29000091552734,90.83000183105467,92.4499969482422,7893700,Yahoo Finance daily
2025-10-21,us,TEM,,91.29000091552734,93.45999908447266,88.94999694824219,89.0999984741211,4255100,Yahoo Finance daily
2025-10-22,us,TEM,,90.5999984741211,91.08999633789062,81.9000015258789,85.2699966430664,8141400,Yahoo Finance daily
2025-10-23,us,TEM,,86.61000061035156,88.83000183105469,84.06999969482422,87.03500366210938,4967000,Yahoo Finance daily
2025-10-24,us,TEM,,90.26000213623048,91.51000213623048,88.7300033569336,89.2300033569336,4621200,Yahoo Finance daily
2025-10-27,us,TEM,,91.91000366210938,93.37999725341795,89.55000305175781,91.58000183105467,7674000,Yahoo Finance daily
2025-10-28,us,TEM,,91.93000030517578,92.0,86.54000091552734,86.58999633789062,6521200,Yahoo Finance daily
2025-10-29,us,TEM,,88.22000122070312,90.49600219726562,87.02999877929688,88.83999633789062,5277500,Yahoo Finance daily
2025-10-30,us,TEM,,87.8499984741211,91.83000183105467,85.80000305175781,86.2699966430664,5778900,Yahoo Finance daily
2025-10-31,us,TEM,,87.91999816894531,90.19000244140624,86.81999969482422,89.8499984741211,4706700,Yahoo Finance daily
2025-11-03,us,TEM,,90.0,90.52999877929688,86.30999755859375,88.70999908447266,5937900,Yahoo Finance daily
2025-11-04,us,TEM,,85.05000305175781,88.87999725341797,83.9000015258789,84.48999786376953,9041200,Yahoo Finance daily
2025-11-05,us,TEM,,82.2300033569336,83.5,78.4000015258789,82.26000213623047,9000900,Yahoo Finance daily
2025-11-06,us,TEM,,80.28500366210938,80.4000015258789,71.93000030517578,72.08999633789062,11768000,Yahoo Finance daily
2025-11-07,us,TEM,,71.3499984741211,72.0199966430664,67.19000244140625,71.55999755859375,8979000,Yahoo Finance daily
2025-11-10,us,TEM,,75.83999633789062,75.8499984741211,71.62999725341797,71.77999877929688,6132600,Yahoo Finance daily
2025-11-11,us,TEM,,71.5999984741211,74.0199966430664,71.01499938964844,71.55999755859375,4446900,Yahoo Finance daily
2025-11-12,us,TEM,,71.4000015258789,72.06999969482422,69.3499984741211,71.0999984741211,4762300,Yahoo Finance daily
2025-11-13,us,TEM,,69.18499755859375,69.5,66.27999877929688,67.94000244140625,6841500,Yahoo Finance daily
2025-11-14,us,TEM,,65.25499725341797,69.93000030517578,64.66999816894531,68.4800033569336,6298400,Yahoo Finance daily
2025-11-17,us,TEM,,67.93000030517578,69.58000183105469,65.52999877929688,66.38999938964844,4988300,Yahoo Finance daily
2025-11-18,us,TEM,,65.80500030517578,68.33000183105469,64.19999694824219,66.7699966430664,4532100,Yahoo Finance daily
2025-11-19,us,TEM,,66.19999694824219,69.6500015258789,65.61100006103516,69.08999633789062,4774300,Yahoo Finance daily
2025-11-20,us,TEM,,71.33000183105469,72.43000030517578,64.91999816894531,65.69000244140625,7196600,Yahoo Finance daily
2025-11-21,us,TEM,,65.63999938964844,71.01000213623047,64.94999694824219,70.29000091552734,6471800,Yahoo Finance daily
2025-11-24,us,TEM,,70.69999694824219,76.41000366210938,70.69999694824219,76.05999755859375,6145900,Yahoo Finance daily
2025-11-25,us,TEM,,76.01000213623047,77.38999938964844,74.33999633789062,76.83999633789062,4899700,Yahoo Finance daily
2025-11-26,us,TEM,,77.70999908447266,79.95999908447266,76.75,77.20999908447266,3702000,Yahoo Finance daily
2025-11-28,us,TEM,,77.25,78.02999877929688,76.33999633789062,77.93000030517578,1774500,Yahoo Finance daily
2025-12-01,us,TEM,,75.55000305175781,77.05000305175781,73.9800033569336,74.06999969482422,3269000,Yahoo Finance daily
2025-12-02,us,TEM,,74.5999984741211,76.8499984741211,73.76000213623047,73.97000122070312,2856900,Yahoo Finance daily
2025-12-03,us,TEM,,73.52999877929688,75.7300033569336,73.0,74.91000366210938,2584100,Yahoo Finance daily
2025-12-04,us,TEM,,74.88999938964844,78.08999633789062,74.33999633789062,76.33000183105469,3648100,Yahoo Finance daily
2025-12-05,us,TEM,,76.16500091552734,77.86000061035156,74.7699966430664,76.66000366210938,3236300,Yahoo Finance daily
2025-12-08,us,TEM,,77.9800033569336,78.77999877929688,76.33000183105469,77.04000091552734,3415000,Yahoo Finance daily
2025-12-09,us,TEM,,76.68000030517578,76.7249984741211,74.62000274658203,75.87999725341797,2782900,Yahoo Finance daily
2025-12-10,us,TEM,,75.63999938964844,77.19999694824219,73.87999725341797,75.06999969482422,2778500,Yahoo Finance daily
2025-12-11,us,TEM,,74.33000183105469,74.37000274658203,71.48100280761719,73.86000061035156,3223300,Yahoo Finance daily
2025-12-12,us,TEM,,73.05999755859375,73.81999969482422,70.22000122070312,70.61000061035156,3388500,Yahoo Finance daily
2025-12-15,us,TEM,,70.52999877929688,71.4800033569336,68.30999755859375,68.66999816894531,3215900,Yahoo Finance daily
2025-12-16,us,TEM,,67.3550033569336,69.30999755859375,67.21499633789062,68.11000061035156,2544000,Yahoo Finance daily
2025-12-17,us,TEM,,68.04000091552734,69.0199966430664,64.30999755859375,64.61499786376953,3924100,Yahoo Finance daily
2025-12-18,us,TEM,,65.22000122070312,66.61000061035156,61.54999923706055,62.209999084472656,6015900,Yahoo Finance daily
2025-12-19,us,TEM,,62.720001220703125,64.9000015258789,61.95000076293945,64.45999908447266,5964400,Yahoo Finance daily
2025-12-22,us,TEM,,66.36000061035156,67.80000305175781,65.81999969482422,65.91999816894531,4176200,Yahoo Finance daily
2025-12-23,us,TEM,,65.8949966430664,66.31999969482422,63.45100021362305,64.72000122070312,3664600,Yahoo Finance daily
2025-12-24,us,TEM,,64.375,64.80999755859375,63.34999847412109,64.26000213623047,1945500,Yahoo Finance daily
2025-12-26,us,TEM,,63.54499816894531,63.56999969482422,61.77999877929688,62.70000076293945,3032600,Yahoo Finance daily
2025-12-29,us,TEM,,61.869998931884766,63.4900016784668,60.85300064086914,61.470001220703125,3876900,Yahoo Finance daily
2025-12-30,us,TEM,,61.79999923706055,61.81999969482422,59.9900016784668,60.38999938964844,5051300,Yahoo Finance daily
2025-12-31,us,TEM,,60.0099983215332,60.09999847412109,58.79999923706055,59.04999923706055,3585400,Yahoo Finance daily
2026-01-02,us,TEM,,60.209999084472656,62.400001525878906,59.09000015258789,62.36000061035156,5817300,Yahoo Finance daily
2026-01-05,us,TEM,,64.26000213623047,65.36000061035156,63.02000045776367,64.69999694824219,5440200,Yahoo Finance daily
2026-01-06,us,TEM,,66.37000274658203,69.9000015258789,66.16000366210938,69.54000091552734,6508300,Yahoo Finance daily
2026-01-07,us,TEM,,69.0,71.20999908447266,68.86000061035156,69.7699966430664,4143700,Yahoo Finance daily
2026-01-08,us,TEM,,69.05999755859375,69.63999938964844,67.33000183105469,68.36000061035156,3339700,Yahoo Finance daily
2026-01-09,us,TEM,,69.80999755859375,69.87999725341797,66.16999816894531,66.2699966430664,3145500,Yahoo Finance daily
2026-01-12,us,TEM,,75.33999633789062,76.33000183105469,68.31999969482422,69.26000213623047,16043700,Yahoo Finance daily
2026-01-13,us,TEM,,69.7300033569336,70.55999755859375,66.08000183105469,67.1500015258789,6849000,Yahoo Finance daily
2026-01-14,us,TEM,,66.83999633789062,69.33999633789062,66.1500015258789,69.27999877929688,4242500,Yahoo Finance daily
2026-01-15,us,TEM,,69.44999694824219,73.26000213623047,68.5510025024414,68.91999816894531,6980500,Yahoo Finance daily
2026-01-16,us,TEM,,69.5,71.87999725341797,68.56999969482422,70.33000183105469,4869100,Yahoo Finance daily
2026-01-20,us,TEM,,68.33000183105469,69.41500091552734,66.66000366210938,66.77999877929688,4885100,Yahoo Finance daily
2026-01-21,us,TEM,,66.62999725341797,67.30000305175781,61.81999969482422,65.31999969482422,7204300,Yahoo Finance daily
2026-01-22,us,TEM,,66.0,68.77999877929688,65.6050033569336,68.36000061035156,4006700,Yahoo Finance daily
2026-01-23,us,TEM,,68.80999755859375,68.94999694824219,64.83999633789062,65.31999969482422,3932200,Yahoo Finance daily
2026-01-26,us,TEM,,65.0,70.16000366210938,64.47000122070312,67.62999725341797,5324600,Yahoo Finance daily
2026-01-27,us,TEM,,67.87999725341797,68.56999969482422,66.21600341796875,66.80999755859375,3746200,Yahoo Finance daily
2026-01-28,us,TEM,,66.6500015258789,66.80999755859375,64.44000244140625,64.56999969482422,4211000,Yahoo Finance daily
2026-01-29,us,TEM,,64.04000091552734,64.22000122070312,62.650001525878906,63.5099983215332,4797300,Yahoo Finance daily
2026-01-30,us,TEM,,62.40999984741211,63.31999969482422,59.41999816894531,59.81999969482422,6396500,Yahoo Finance daily
2026-02-02,us,TEM,,59.43000030517578,59.9900016784668,57.5099983215332,58.54999923706055,5279400,Yahoo Finance daily
2026-02-03,us,TEM,,59.2400016784668,59.32500076293945,54.400001525878906,55.970001220703125,5736900,Yahoo Finance daily
2026-02-04,us,TEM,,55.5,55.51100158691406,49.88100051879883,53.54999923706055,9625500,Yahoo Finance daily
2026-02-05,us,TEM,,54.709999084472656,55.0,51.20000076293945,52.43999862670898,8732400,Yahoo Finance daily
2026-02-06,us,TEM,,53.459999084472656,55.54999923706055,52.959999084472656,54.90999984741211,6498100,Yahoo Finance daily
2026-02-09,us,TEM,,55.470001220703125,57.59999847412109,53.91600036621094,57.119998931884766,4725500,Yahoo Finance daily
2026-02-10,us,TEM,,57.97499847412109,57.97499847412109,55.71799850463867,55.880001068115234,3945800,Yahoo Finance daily
2026-02-11,us,TEM,,56.0,56.125,52.08000183105469,53.61000061035156,4296000,Yahoo Finance daily
2026-02-12,us,TEM,,53.91999816894531,53.95000076293945,49.400001525878906,50.77999877929688,5221900,Yahoo Finance daily
2026-02-13,us,TEM,,51.040000915527344,52.650001525878906,50.43000030517578,51.95000076293945,3137400,Yahoo Finance daily
2026-02-17,us,TEM,,52.7400016784668,53.5,50.70000076293945,52.560001373291016,3169000,Yahoo Finance daily
2026-02-18,us,TEM,,53.93000030517578,57.93000030517578,53.70000076293945,56.15999984741211,6872600,Yahoo Finance daily
2026-02-19,us,TEM,,58.08000183105469,60.040000915527344,57.38199996948242,59.959999084472656,8368000,Yahoo Finance daily
2026-02-20,us,TEM,,61.880001068115234,62.0,57.68000030517578,58.369998931884766,7885300,Yahoo Finance daily
2026-02-23,us,TEM,,57.52999877929688,58.33000183105469,55.84999847412109,57.290000915527344,4062000,Yahoo Finance daily
2026-02-24,us,TEM,,56.560001373291016,58.75600051879883,56.29199981689453,57.95000076293945,5636900,Yahoo Finance daily
2026-02-25,us,TEM,,57.08000183105469,57.7400016784668,53.04999923706055,53.709999084472656,10649300,Yahoo Finance daily
2026-02-26,us,TEM,,53.18999862670898,55.459999084472656,51.68999862670898,55.40999984741211,7604700,Yahoo Finance daily
2026-02-27,us,TEM,,54.22999954223633,54.540000915527344,52.15999984741211,53.25,4544600,Yahoo Finance daily
2026-03-02,us,TEM,,50.94499969482422,53.34999847412109,50.61600112915039,53.310001373291016,5695800,Yahoo Finance daily
2026-03-03,us,TEM,,51.130001068115234,52.87200164794922,48.75,51.400001525878906,6982000,Yahoo Finance daily
2026-03-04,us,TEM,,51.88999938964844,52.47999954223633,50.31999969482422,51.290000915527344,6000500,Yahoo Finance daily
2026-03-05,us,TEM,,50.77000045776367,53.400001525878906,50.459999084472656,53.04999923706055,4848500,Yahoo Finance daily
2026-03-06,us,TEM,,51.86000061035156,53.5,51.56999969482422,52.2599983215332,3443500,Yahoo Finance daily
2026-03-09,us,TEM,,50.88999938964844,52.77000045776367,49.82500076293945,52.31999969482422,4631000,Yahoo Finance daily
2026-03-10,us,TEM,,52.380001068115234,53.04999923706055,50.72999954223633,50.900001525878906,4301400,Yahoo Finance daily
2026-03-11,us,TEM,,51.540000915527344,53.63399887084961,51.380001068115234,52.68000030517578,4115300,Yahoo Finance daily
2026-03-12,us,TEM,,51.834999084472656,51.834999084472656,49.31999969482422,49.52999877929688,6065500,Yahoo Finance daily
2026-03-13,us,TEM,,50.15999984741211,51.45000076293945,49.560001373291016,49.97999954223633,5008700,Yahoo Finance daily
2026-03-16,us,TEM,,51.43999862670898,52.66999816894531,49.810001373291016,50.880001068115234,4977400,Yahoo Finance daily
2026-03-17,us,TEM,,50.93000030517578,51.97999954223633,50.52999877929688,50.84000015258789,3070100,Yahoo Finance daily
2026-03-18,us,TEM,,50.150001525878906,50.58200073242188,48.6349983215332,48.68999862670898,4680000,Yahoo Finance daily
2026-03-19,us,TEM,,47.380001068115234,49.459999084472656,46.7599983215332,48.7400016784668,4211100,Yahoo Finance daily
2026-03-20,us,TEM,,48.400001525878906,49.33000183105469,46.130001068115234,46.959999084472656,4583200,Yahoo Finance daily
2026-03-23,us,TEM,,47.900001525878906,49.97999954223633,47.59999847412109,49.13999938964844,4779400,Yahoo Finance daily
2026-03-24,us,TEM,,48.459999084472656,49.369998931884766,47.68999862670898,48.83000183105469,2642400,Yahoo Finance daily
2026-03-25,us,TEM,,49.86000061035156,50.75,46.33000183105469,46.7599983215332,4915400,Yahoo Finance daily
2026-03-26,us,TEM,,46.0,47.709999084472656,45.33000183105469,45.52999877929688,5224900,Yahoo Finance daily
2026-03-27,us,TEM,,44.94499969482422,45.06999969482422,42.18999862670898,42.619998931884766,5706000,Yahoo Finance daily
2026-03-30,us,TEM,,42.36000061035156,43.16999816894531,41.72999954223633,42.369998931884766,4614300,Yahoo Finance daily
2026-03-31,us,TEM,,43.34999847412109,45.540000915527344,43.0,45.220001220703125,4251800,Yahoo Finance daily
2026-04-01,us,TEM,,46.150001525878906,47.52000045776367,46.0,47.02999877929688,5621100,Yahoo Finance daily
2026-04-02,us,TEM,,44.59000015258789,48.09999847412109,44.130001068115234,47.38999938964844,3833300,Yahoo Finance daily
2026-04-06,us,TEM,,47.59999847412109,48.459999084472656,47.275001525878906,47.29999923706055,2793600,Yahoo Finance daily
2026-04-07,us,TEM,,46.46500015258789,47.15999984741211,45.31999969482422,46.81499862670898,3033200,Yahoo Finance daily
2026-04-08,us,TEM,,50.16999816894531,50.810001373291016,46.970001220703125,47.5,4442000,Yahoo Finance daily
2026-04-09,us,TEM,,47.0099983215332,47.20000076293945,44.0,44.15999984741211,5786100,Yahoo Finance daily
2026-04-10,us,TEM,,45.29999923706055,45.95000076293945,42.40999984741211,42.93999862670898,6838200,Yahoo Finance daily
2026-04-13,us,TEM,,42.540000915527344,46.540000915527344,42.540000915527344,45.97999954223633,5797800,Yahoo Finance daily
2026-04-14,us,TEM,,47.77000045776367,49.60499954223633,47.619998931884766,49.52999877929688,6546700,Yahoo Finance daily
2026-04-15,us,TEM,,50.34999847412109,56.5,50.34999847412109,56.40999984741211,12363300,Yahoo Finance daily
2026-04-16,us,TEM,,57.96500015258789,58.040000915527344,52.90999984741211,54.41999816894531,8756600,Yahoo Finance daily
2026-04-17,us,TEM,,57.44499969482422,57.56999969482422,54.875,55.869998931884766,6580400,Yahoo Finance daily
2026-04-20,us,TEM,,54.93999862670898,57.92499923706055,54.84999847412109,56.77999877929688,5827100,Yahoo Finance daily
2026-04-21,us,TEM,,56.77999877929688,57.869998931884766,54.58000183105469,55.150001525878906,5363700,Yahoo Finance daily
2026-04-22,us,TEM,,56.45500183105469,57.400001525878906,54.86100006103516,55.5099983215332,3853000,Yahoo Finance daily
2026-04-23,us,TEM,,54.34999847412109,54.5,50.02999877929688,51.43999862670898,5776300,Yahoo Finance daily
2026-04-24,us,TEM,,52.130001068115234,52.65999984741211,50.52000045776367,52.119998931884766,3826900,Yahoo Finance daily
2026-04-27,us,TEM,,51.70000076293945,53.5989990234375,51.52999877929688,52.68000030517578,2727400,Yahoo Finance daily
2026-04-28,us,TEM,,51.40999984741211,51.90999984741211,50.37699890136719,51.09999847412109,3204900,Yahoo Finance daily
2026-04-29,us,TEM,,50.994998931884766,51.22999954223633,48.90599822998047,50.02000045776367,3781200,Yahoo Finance daily
2026-04-30,us,TEM,,50.560001373291016,55.52999877929688,50.560001373291016,55.47999954223633,6205500,Yahoo Finance daily
2026-05-01,us,TEM,,55.18999862670898,56.220001220703125,53.62200164794922,55.0,4509300,Yahoo Finance daily
2026-05-04,us,TEM,,54.45000076293945,56.2599983215332,54.09999847412109,55.810001373291016,4182700,Yahoo Finance daily
2026-05-05,us,TEM,,56.04999923706055,56.40800094604492,53.09999847412109,54.06999969482422,5966700,Yahoo Finance daily
2026-05-06,us,TEM,,50.81999969482422,53.720001220703125,48.5,53.5,10686700,Yahoo Finance daily
2026-05-07,us,TEM,,53.310001373291016,53.310001373291016,48.70000076293945,49.470001220703125,10897600,Yahoo Finance daily
2026-05-08,us,TEM,,49.34999847412109,49.88999938964844,46.75,49.86000061035156,11664400,Yahoo Finance daily
2026-05-11,us,TEM,,49.369998931884766,49.5,47.75,48.459999084472656,8239000,Yahoo Finance daily
2026-05-12,us,TEM,,48.09000015258789,48.1259994506836,45.72499847412109,46.95000076293945,6410500,Yahoo Finance daily
2026-05-13,us,TEM,,46.45000076293945,46.54499816894531,45.25,45.900001525878906,5885500,Yahoo Finance daily
2026-05-14,us,TEM,,45.900001525878906,47.77000045776367,45.12099838256836,45.47999954223633,6257100,Yahoo Finance daily
2026-05-15,us,TEM,,44.90999984741211,45.20000076293945,43.69200134277344,43.93000030517578,5731200,Yahoo Finance daily
2026-05-18,us,TEM,,44.09999847412109,45.720001220703125,43.130001068115234,43.619998931884766,5968000,Yahoo Finance daily
2026-05-19,us,TEM,,43.18999862670898,45.97999954223633,42.619998931884766,45.52999877929688,5851100,Yahoo Finance daily
2026-05-20,us,TEM,,45.06999969482422,45.93000030517578,44.29999923706055,45.880001068115234,4379400,Yahoo Finance daily
2026-05-21,us,TEM,,45.31999969482422,46.54499816894531,44.59000015258789,46.4900016784668,3833800,Yahoo Finance daily
2026-05-22,us,TEM,,46.66999816894531,47.76499938964844,45.84000015258789,46.18000030517578,4302500,Yahoo Finance daily
2026-05-26,us,TEM,,47.08000183105469,48.209999084472656,46.220001220703125,46.65999984741211,4395800,Yahoo Finance daily
2026-05-27,us,TEM,,46.65999984741211,47.47999954223633,45.459999084472656,47.16999816894531,3838000,Yahoo Finance daily
2026-05-28,us,TEM,,46.91999816894531,52.04899978637695,46.84000015258789,51.290000915527344,10381000,Yahoo Finance daily
2026-05-29,us,TEM,,53.33000183105469,53.40999984741211,48.72999954223633,50.470001220703125,11808100,Yahoo Finance daily
2026-06-01,us,TEM,,49.5099983215332,54.749000549316406,48.400001525878906,52.79999923706055,9746200,Yahoo Finance daily
2026-06-02,us,TEM,,51.5,52.0,49.43999862670898,49.619998931884766,6391000,Yahoo Finance daily
2026-06-03,us,TEM,,48.5,48.650001525878906,46.369998931884766,47.5099983215332,6471100,Yahoo Finance daily
2026-06-04,us,TEM,,46.900001525878906,53.970001220703125,46.68999862670898,52.2599983215332,13897300,Yahoo Finance daily
2026-06-05,us,TEM,,50.81999969482422,52.22999954223633,45.84000015258789,46.43000030517578,8873500,Yahoo Finance daily
2026-06-08,us,TEM,,47.36000061035156,48.61000061035156,46.18000030517578,48.59000015258789,4829400,Yahoo Finance daily
2026-06-09,us,TEM,,48.7599983215332,49.47999954223633,45.310001373291016,48.81999969482422,7351300,Yahoo Finance daily
2026-06-10,us,TEM,,47.7400016784668,52.34999847412109,47.619998931884766,49.47999954223633,7225800,Yahoo Finance daily
2026-06-11,us,TEM,,48.88999938964844,49.79999923706055,47.18000030517578,49.59000015258789,6587900,Yahoo Finance daily
2026-06-12,us,TEM,,49.75,49.97999954223633,47.119998931884766,47.81999969482422,6109600,Yahoo Finance daily
2026-06-15,us,TEM,,49.9900016784668,53.25,48.97999954223633,52.31999969482422,10237400,Yahoo Finance daily
2026-06-16,us,TEM,,51.93999862670898,54.22499847412109,50.45000076293945,50.560001373291016,7000500,Yahoo Finance daily
2026-06-17,us,TEM,,49.880001068115234,52.65499877929688,48.709999084472656,48.790000915527344,6055900,Yahoo Finance daily
2026-06-18,us,TEM,,49.84999847412109,51.01499938964844,48.84999847412109,50.84000015258789,5925900,Yahoo Finance daily
2026-06-22,us,TEM,,49.75,51.27000045776367,47.560001373291016,47.84999847412109,5170900,Yahoo Finance daily
2026-06-23,us,TEM,,47.0,49.84999847412109,46.68000030517578,48.61000061035156,5326300,Yahoo Finance daily
2026-06-24,us,TEM,,48.6150016784668,52.560001373291016,48.45000076293945,51.93999862670898,6966300,Yahoo Finance daily
2026-06-25,us,TEM,,52.59000015258789,55.650001525878906,52.56999969482422,54.869998931884766,9314200,Yahoo Finance daily
2026-06-26,us,TEM,,54.21500015258789,57.09999847412109,53.369998931884766,56.13999938964844,9674500,Yahoo Finance daily
2026-06-29,us,TEM,,56.84000015258789,59.59000015258789,54.77000045776367,58.310001373291016,8184600,Yahoo Finance daily
2026-06-30,us,TEM,,57.59000015258789,59.35900115966797,56.35200119018555,57.93000030517578,4807500,Yahoo Finance daily
2026-07-01,us,TEM,,57.54999923706055,63.11000061035156,57.43999862670898,61.59999847412109,9016100,Yahoo Finance daily
2026-07-02,us,TEM,,61.09999847412109,63.09999847412109,58.90999984741211,60.27000045776367,5957600,Yahoo Finance daily
2026-07-06,us,TEM,,60.09999847412109,61.970001220703125,58.68999862670898,60.70000076293945,4672700,Yahoo Finance daily
2026-07-07,us,TEM,,60.54800033569336,62.4900016784668,58.84000015258789,60.09000015258789,4100500,Yahoo Finance daily
2026-07-08,,,,58.66999816894531,60.25,56.0629997253418,57.27000045776367,4750300,
2026-07-09,,,,56.939998626708984,62.17499923706055,56.540000915527344,61.5,4635200,
2026-07-10,,,,62.75,62.95000076293945,57.45000076293945,58.22999954223633,4387200,
2026-07-13,,,,57.63999938964844,57.95000076293945,54.5,55.93000030517578,4139200,
2026-07-14,,,,56.279998779296875,59.154998779296875,55.310001373291016,58.66999816894531,3730200,
2026-07-15,,,,58.970001220703125,59.935001373291016,56.5,57.25,2772200,
2026-07-16,,,,56.744998931884766,57.939998626708984,52.6349983215332,53.59000015258789,4840700,
2026-07-17,,,,52.0099983215332,53.5,51.22999954223633,52.470001220703125,3892500,
2026-07-20,,,,49.779998779296875,49.900001525878906,47.43199920654297,48.40999984741211,10289600,
2026-07-21,,,,48.51499938964844,50.0099983215332,47.7400016784668,48.97999954223633,4755700,
2026-07-22,us,TEM,TEM,48.33000183105469,48.599998474121094,46.5099983215332,46.959999084472656,4133700,Yahoo Finance TEM
2026-07-23,us,TEM,TEM,46.099998474121094,47.540000915527344,45.5099983215332,46.0099983215332,4462700,Yahoo Finance TEM
2026-07-24,us,TEM,TEM,46.25,46.41999816894531,44.20000076293945,44.20000076293945,988155,Yahoo Finance TEM
2026-07-27,us,TEM,TEM,43.79999923706055,44.380001068115234,42.0099983215332,42.90999984741211,5394400,Yahoo Finance TEM
2026-07-28,us,TEM,TEM,42.31999969482422,43.125,40.77000045776367,42.900001525878906,6396000,Yahoo Finance TEM
2026-07-29,us,TEM,TEM,42.40999984741211,43.83000183105469,41.23400115966797,41.54999923706055,4376800,Yahoo Finance TEM
2026-07-30,us,TEM,TEM,42.0,44.5,41.45000076293945,44.290000915527344,7451800,Yahoo Finance TEM
2026-07-31,us,TEM,TEM,46.2400016784668,46.29800033569336,42.29999923706055,43.869998931884766,7299900,Yahoo Finance TEM
2026-08-03,us,TEM,TEM,43.439998626708984,47.20899963378906,42.4010009765625,46.04999923706055,5526700,Yahoo Finance TEM
2026-08-04,us,TEM,TEM,46.744998931884766,47.720001220703125,45.27000045776367,47.04999923706055,4175700,Yahoo Finance TEM
2026-08-05,us,TEM,TEM,46.459999084472656,48.09000015258789,46.02000045776367,46.70000076293945,3498700,Yahoo Finance TEM
2026-08-06,us,TEM,TEM,45.31999969482422,46.75,44.79999923706055,46.119998931884766,2449300,Yahoo Finance TEM
2026-08-07,us,TEM,TEM,47.55500030517578,52.400001525878906,47.22600173950195,52.04999923706055,5671200,Yahoo Finance TEM
2026-08-10,us,TEM,TEM,51.790000915527344,56.599998474121094,51.6349983215332,55.060001373291016,6775500,Yahoo Finance TEM
2026-08-11,us,TEM,TEM,54.22999954223633,56.58000183105469,53.0,55.689998626708984,3779200,Yahoo Finance TEM
2026-08-12,us,TEM,TEM,56.0,57.029998779296875,53.72999954223633,54.61000061035156,4384800,Yahoo Finance TEM
2026-08-13,us,TEM,TEM,54.66999816894531,55.54999923706055,53.84000015258789,54.290000915527344,2248400,Yahoo Finance TEM
2026-08-14,us,TEM,TEM,53.900001525878906,54.040000915527344,51.7599983215332,52.099998474121094,3003800,Yahoo Finance TEM
2026-08-17,us,TEM,TEM,51.119998931884766,52.79999923706055,50.61000061035156,51.63999938964844,2869500,Yahoo Finance TEM
2026-08-18,us,TEM,TEM,50.06999969482422,51.099998474121094,49.349998474121094,49.36000061035156,3504500,Yahoo Finance TEM
2026-08-19,us,TEM,TEM,55.97999954223633,61.97999954223633,54.810001373291016,61.25,22420400,Yahoo Finance TEM
2026-08-20,us,TEM,TEM,62.0,67.51290130615234,61.70000076293945,67.36000061035156,5931627,Yahoo Finance TEM
