symbol,name,theme,group,type,sector_proxy,risk_level,current_price,last_price,현재가,quote_fallback_price,실시간현재가,quote_source,quote_source_label,data_status,price_data_status,current_price_source
005930,삼성전자,AI 반도체·메모리,반도체 핵심,core,반도체,중,299750.0,299750.0,"299,750원",299750.0,"299,750원",KIS Open API,KIS 현재가,API 현재가 수신,success,KIS 현재가
000660,SK하이닉스,HBM·AI 메모리,반도체 핵심,core,반도체,중,2048000.0,2048000.0,"2,048,000원",2048000.0,"2,048,000원",KIS Open API,KIS 현재가,API 현재가 수신,success,KIS 현재가
042700,한미반도체,HBM 장비,반도체 장비,growth,반도체 장비,높음,323500.0,323500.0,"323,500원",323500.0,"323,500원",KIS Open API,KIS 현재가,API 현재가 수신,success,KIS 현재가
007660,이수페타시스,AI 서버 PCB,AI 부품,growth,반도체 부품,높음,142800.0,142800.0,"142,800원",142800.0,"142,800원",KIS Open API,KIS 현재가,API 현재가 수신,success,KIS 현재가
403870,HPSP,반도체 장비,반도체 장비,growth,반도체 장비,높음,65900.0,65900.0,"65,900원",65900.0,"65,900원",KIS Open API,KIS 현재가,API 현재가 수신,success,KIS 현재가
058470,리노공업,반도체 테스트소켓,반도체 부품,growth,반도체 부품,중,111200.0,111200.0,"111,200원",111200.0,"111,200원",KIS Open API,KIS 현재가,API 현재가 수신,success,KIS 현재가
095340,ISC,반도체 테스트소켓,반도체 부품,growth,반도체 부품,중,240000.0,240000.0,"240,000원",240000.0,"240,000원",KIS Open API,KIS 현재가,API 현재가 수신,success,KIS 현재가
067310,하나마이크론,반도체 후공정,반도체 후공정,growth,반도체 후공정,높음,52500.0,52500.0,"52,500원",52500.0,"52,500원",KIS Open API,KIS 현재가,API 현재가 수신,success,KIS 현재가
036930,주성엔지니어링,반도체·디스플레이 장비,반도체 장비,growth,반도체 장비,높음,225500.0,225500.0,"225,500원",225500.0,"225,500원",KIS Open API,KIS 현재가,API 현재가 수신,success,KIS 현재가
000990,DB하이텍,파운드리·전력반도체,반도체,watch,반도체,중,217500.0,217500.0,"217,500원",217500.0,"217,500원",KIS Open API,KIS 현재가,API 현재가 수신,success,KIS 현재가
009150,삼성전기,AI 기기·MLCC,IT부품,core,IT부품,중,1480000.0,1480000.0,"1,480,000원",1480000.0,"1,480,000원",KIS Open API,KIS 현재가,API 현재가 수신,success,KIS 현재가
011070,LG이노텍,AI 기기·전장,IT부품,watch,IT부품,중,1058000.0,1058000.0,"1,058,000원",1058000.0,"1,058,000원",KIS Open API,KIS 현재가,API 현재가 수신,success,KIS 현재가
267260,HD현대일렉트릭,변압기·전력기기,AI 전력 인프라,core,전력기기,중,1177000.0,1177000.0,"1,177,000원",1177000.0,"1,177,000원",KIS Open API,KIS 현재가,API 현재가 수신,success,KIS 현재가
010120,LS ELECTRIC,전력기기·자동화,AI 전력 인프라,core,전력기기,중,281250.0,281250.0,"281,250원",281250.0,"281,250원",KIS Open API,KIS 현재가,API 현재가 수신,success,KIS 현재가
298040,효성중공업,전력기기·변압기,AI 전력 인프라,growth,전력기기,중,3938000.0,3938000.0,"3,938,000원",3938000.0,"3,938,000원",KIS Open API,KIS 현재가,API 현재가 수신,success,KIS 현재가
006260,LS,전선·전력 인프라,AI 전력 인프라,core,전력/전선,중,595000.0,595000.0,"595,000원",595000.0,"595,000원",KIS Open API,KIS 현재가,API 현재가 수신,success,KIS 현재가
001440,대한전선,전선·전력망,AI 전력 인프라,growth,전력/전선,높음,55300.0,55300.0,"55,300원",55300.0,"55,300원",KIS Open API,KIS 현재가,API 현재가 수신,success,KIS 현재가
103590,일진전기,전선·전력기기,AI 전력 인프라,growth,전력/전선,높음,108100.0,108100.0,"108,100원",108100.0,"108,100원",KIS Open API,KIS 현재가,API 현재가 수신,success,KIS 현재가
034020,두산에너빌리티,원전·전력,전력/원전,core,전력/원전,높음,113400.0,113400.0,"113,400원",113400.0,"113,400원",KIS Open API,KIS 현재가,API 현재가 수신,success,KIS 현재가
012450,한화에어로스페이스,방산·항공우주,방산 핵심,core,방산,중,1263000.0,1263000.0,"1,263,000원",1263000.0,"1,263,000원",KIS Open API,KIS 현재가,API 현재가 수신,success,KIS 현재가
047810,한국항공우주,항공우주·방산,방산/우주,core,방산,중,168400.0,168400.0,"168,400원",168400.0,"168,400원",KIS Open API,KIS 현재가,API 현재가 수신,success,KIS 현재가
079550,LIG넥스원,방산·유도무기,방산 핵심,core,방산,중,918000.0,918000.0,"918,000원",918000.0,"918,000원",KIS Open API,KIS 현재가,API 현재가 수신,success,KIS 현재가
064350,현대로템,방산·철도,방산,core,방산,중,208500.0,208500.0,"208,500원",208500.0,"208,500원",KIS Open API,KIS 현재가,API 현재가 수신,success,KIS 현재가
272210,한화시스템,방산·우주·위성,방산/우주,growth,방산,중,113100.0,113100.0,"113,100원",113100.0,"113,100원",KIS Open API,KIS 현재가,API 현재가 수신,success,KIS 현재가
009540,HD한국조선해양,조선 지주,조선,core,조선,중,435500.0,435500.0,"435,500원",435500.0,"435,500원",KIS Open API,KIS 현재가,API 현재가 수신,success,KIS 현재가
329180,HD현대중공업,조선·방산선박,조선,core,조선,중,713000.0,713000.0,"713,000원",713000.0,"713,000원",KIS Open API,KIS 현재가,API 현재가 수신,success,KIS 현재가
010140,삼성중공업,조선·해양플랜트,조선,growth,조선,높음,30350.0,30350.0,"30,350원",30350.0,"30,350원",KIS Open API,KIS 현재가,API 현재가 수신,success,KIS 현재가
042660,한화오션,조선·방산선박,조선/방산,growth,조선,높음,129900.0,129900.0,"129,900원",129900.0,"129,900원",KIS Open API,KIS 현재가,API 현재가 수신,success,KIS 현재가
277810,레인보우로보틱스,휴머노이드·로봇,로봇,growth,로봇,높음,785000.0,785000.0,"785,000원",785000.0,"785,000원",KIS Open API,KIS 현재가,API 현재가 수신,success,KIS 현재가
454910,두산로보틱스,협동로봇,로봇,growth,로봇,높음,108800.0,108800.0,"108,800원",108800.0,"108,800원",KIS Open API,KIS 현재가,API 현재가 수신,success,KIS 현재가
108490,로보티즈,로봇,로봇,growth,로봇,높음,317500.0,317500.0,"317,500원",317500.0,"317,500원",KIS Open API,KIS 현재가,API 현재가 수신,success,KIS 현재가
090360,로보스타,로봇,로봇,growth,로봇,높음,87100.0,87100.0,"87,100원",87100.0,"87,100원",KIS Open API,KIS 현재가,API 현재가 수신,success,KIS 현재가
003490,대한항공,항공·여객·화물,항공,cyclical,항공,중,27650.0,27650.0,"27,650원",27650.0,"27,650원",KIS Open API,KIS 현재가,API 현재가 수신,success,KIS 현재가
005380,현대차,자동차·전기차,자동차,core,자동차,중,684000.0,684000.0,"684,000원",684000.0,"684,000원",KIS Open API,KIS 현재가,API 현재가 수신,success,KIS 현재가
000270,기아,자동차·전기차,자동차,core,자동차,중,167900.0,167900.0,"167,900원",167900.0,"167,900원",KIS Open API,KIS 현재가,API 현재가 수신,success,KIS 현재가
012330,현대모비스,자동차 부품,자동차,core,자동차,중,661000.0,661000.0,"661,000원",661000.0,"661,000원",KIS Open API,KIS 현재가,API 현재가 수신,success,KIS 현재가
015760,한국전력,전력·유틸리티,전력,defensive,전력/원전,중,40800.0,40800.0,"40,800원",40800.0,"40,800원",KIS Open API,KIS 현재가,API 현재가 수신,success,KIS 현재가
035420,NAVER,AI·플랫폼,인터넷,core,인터넷/AI,중,203750.0,203750.0,"203,750원",203750.0,"203,750원",KIS Open API,KIS 현재가,API 현재가 수신,success,KIS 현재가
035720,카카오,플랫폼·AI,인터넷,watch,인터넷/AI,높음,41950.0,41950.0,"41,950원",41950.0,"41,950원",KIS Open API,KIS 현재가,API 현재가 수신,success,KIS 현재가
018260,삼성에스디에스,AI·클라우드·IT서비스,IT서비스,core,인터넷/AI,중,200500.0,200500.0,"200,500원",200500.0,"200,500원",KIS Open API,KIS 현재가,API 현재가 수신,success,KIS 현재가
402340,SK스퀘어,반도체 지주·투자,지주/반도체,watch,반도체,중,1216000.0,1216000.0,"1,216,000원",1216000.0,"1,216,000원",KIS Open API,KIS 현재가,API 현재가 수신,success,KIS 현재가
207940,삼성바이오로직스,바이오 CDMO,바이오,core,바이오,중,1433000.0,1433000.0,"1,433,000원",1433000.0,"1,433,000원",KIS Open API,KIS 현재가,API 현재가 수신,success,KIS 현재가
068270,셀트리온,바이오시밀러,바이오,core,바이오,중,198600.0,198600.0,"198,600원",198600.0,"198,600원",KIS Open API,KIS 현재가,API 현재가 수신,success,KIS 현재가
196170,알테오젠,바이오 플랫폼,바이오,growth,바이오,높음,379500.0,379500.0,"379,500원",379500.0,"379,500원",KIS Open API,KIS 현재가,API 현재가 수신,success,KIS 현재가
000100,유한양행,제약·신약,바이오,core,바이오,중,88200.0,88200.0,"88,200원",88200.0,"88,200원",KIS Open API,KIS 현재가,API 현재가 수신,success,KIS 현재가
214450,파마리서치,뷰티·헬스케어,헬스케어,growth,헬스케어,중,315000.0,315000.0,"315,000원",315000.0,"315,000원",KIS Open API,KIS 현재가,API 현재가 수신,success,KIS 현재가
214150,클래시스,미용의료기기,헬스케어,growth,헬스케어,중,51800.0,51800.0,"51,800원",51800.0,"51,800원",KIS Open API,KIS 현재가,API 현재가 수신,success,KIS 현재가
373220,LG에너지솔루션,2차전지,2차전지,core,2차전지,중,408500.0,408500.0,"408,500원",408500.0,"408,500원",KIS Open API,KIS 현재가,API 현재가 수신,success,KIS 현재가
006400,삼성SDI,2차전지,2차전지,core,2차전지,중,655000.0,655000.0,"655,000원",655000.0,"655,000원",KIS Open API,KIS 현재가,API 현재가 수신,success,KIS 현재가
051910,LG화학,2차전지·화학,2차전지,core,2차전지,중,356500.0,356500.0,"356,500원",356500.0,"356,500원",KIS Open API,KIS 현재가,API 현재가 수신,success,KIS 현재가
005490,POSCO홀딩스,철강·2차전지 소재,2차전지/소재,core,2차전지,중,455500.0,455500.0,"455,500원",455500.0,"455,500원",KIS Open API,KIS 현재가,API 현재가 수신,success,KIS 현재가
003670,포스코퓨처엠,2차전지 소재,2차전지/소재,growth,2차전지,높음,247500.0,247500.0,"247,500원",247500.0,"247,500원",KIS Open API,KIS 현재가,API 현재가 수신,success,KIS 현재가
247540,에코프로비엠,양극재,2차전지/소재,growth,2차전지,높음,229000.0,229000.0,"229,000원",229000.0,"229,000원",KIS Open API,KIS 현재가,API 현재가 수신,success,KIS 현재가
086520,에코프로,2차전지 지주,2차전지/소재,growth,2차전지,높음,153700.0,153700.0,"153,700원",153700.0,"153,700원",KIS Open API,KIS 현재가,API 현재가 수신,success,KIS 현재가
066970,엘앤에프,양극재,2차전지/소재,growth,2차전지,높음,163300.0,163300.0,"163,300원",163300.0,"163,300원",KIS Open API,KIS 현재가,API 현재가 수신,success,KIS 현재가
375500,DL이앤씨,건설·플랜트,건설,watch,건설,중,85100.0,85100.0,"85,100원",85100.0,"85,100원",KIS Open API,KIS 현재가,API 현재가 수신,success,KIS 현재가
000720,현대건설,건설·원전·인프라,건설,core,건설,중,156900.0,156900.0,"156,900원",156900.0,"156,900원",KIS Open API,KIS 현재가,API 현재가 수신,success,KIS 현재가
006360,GS건설,건설,건설,watch,건설,높음,32550.0,32550.0,"32,550원",32550.0,"32,550원",KIS Open API,KIS 현재가,API 현재가 수신,success,KIS 현재가
105560,KB금융,은행·금융지주,금융,core,금융,낮음,161100.0,161100.0,"161,100원",161100.0,"161,100원",KIS Open API,KIS 현재가,API 현재가 수신,success,KIS 현재가
055550,신한지주,은행·금융지주,금융,core,금융,낮음,98200.0,98200.0,"98,200원",98200.0,"98,200원",KIS Open API,KIS 현재가,API 현재가 수신,success,KIS 현재가
086790,하나금융지주,은행·금융지주,금융,core,금융,낮음,122500.0,122500.0,"122,500원",122500.0,"122,500원",KIS Open API,KIS 현재가,API 현재가 수신,success,KIS 현재가
138040,메리츠금융지주,보험·금융지주,금융,core,금융,중,108800.0,108800.0,"108,800원",108800.0,"108,800원",KIS Open API,KIS 현재가,API 현재가 수신,success,KIS 현재가
240810,원익IPS,반도체 장비,반도체 장비,watch,반도체 장비,높음,128400.0,128400.0,"128,400원",128400.0,"128,400원",KIS Open API,KIS 현재가,API 현재가 수신,success,KIS 현재가
089030,테크윙,반도체 검사장비,반도체 장비,watch,반도체 장비,높음,58300.0,58300.0,"58,300원",58300.0,"58,300원",KIS Open API,KIS 현재가,API 현재가 수신,success,KIS 현재가
039030,이오테크닉스,레이저 반도체 장비,반도체 장비,watch,반도체 장비,높음,564000.0,564000.0,"564,000원",564000.0,"564,000원",KIS Open API,KIS 현재가,API 현재가 수신,success,KIS 현재가
222800,심텍,반도체 PCB,반도체 부품,watch,반도체 부품,높음,131300.0,131300.0,"131,300원",131300.0,"131,300원",KIS Open API,KIS 현재가,API 현재가 수신,success,KIS 현재가
353200,대덕전자,반도체 PCB,반도체 부품,watch,반도체 부품,높음,160500.0,160500.0,"160,500원",160500.0,"160,500원",KIS Open API,KIS 현재가,API 현재가 수신,success,KIS 현재가
039440,에스티아이,반도체 장비,반도체 장비,watch,반도체 장비,높음,33000.0,33000.0,"33,000원",33000.0,"33,000원",KIS Open API,KIS 현재가,API 현재가 수신,success,KIS 현재가
108320,LX세미콘,팹리스·디스플레이,반도체,watch,반도체,중,61900.0,61900.0,"61,900원",61900.0,"61,900원",KIS Open API,KIS 현재가,API 현재가 수신,success,KIS 현재가
278470,에이피알,뷰티테크,뷰티/헬스케어,growth,헬스케어,높음,399000.0,399000.0,"399,000원",399000.0,"399,000원",KIS Open API,KIS 현재가,API 현재가 수신,success,KIS 현재가
145020,휴젤,보툴리눔·미용의료,헬스케어,growth,헬스케어,중,269000.0,269000.0,"269,000원",269000.0,"269,000원",KIS Open API,KIS 현재가,API 현재가 수신,success,KIS 현재가
278280,천보,2차전지 소재,2차전지/소재,watch,2차전지,높음,52300.0,52300.0,"52,300원",52300.0,"52,300원",KIS Open API,KIS 현재가,API 현재가 수신,success,KIS 현재가
121600,나노신소재,CNT 도전재,2차전지/소재,watch,2차전지,높음,75100.0,75100.0,"75,100원",75100.0,"75,100원",KIS Open API,KIS 현재가,API 현재가 수신,success,KIS 현재가
005070,코스모신소재,2차전지 소재,2차전지/소재,watch,2차전지,높음,57300.0,57300.0,"57,300원",57300.0,"57,300원",KIS Open API,KIS 현재가,API 현재가 수신,success,KIS 현재가
003620,KG모빌리티,자동차,자동차,watch,자동차,높음,3705.0,3705.0,"3,705원",3705.0,"3,705원",KIS Open API,KIS 현재가,API 현재가 수신,success,KIS 현재가
086280,현대글로비스,물류·자동차,자동차/물류,core,자동차,중,239500.0,239500.0,"239,500원",239500.0,"239,500원",KIS Open API,KIS 현재가,API 현재가 수신,success,KIS 현재가
011200,HMM,해운,해운,cyclical,항공/해운,높음,20400.0,20400.0,"20,400원",20400.0,"20,400원",KIS Open API,KIS 현재가,API 현재가 수신,success,KIS 현재가
028670,팬오션,벌크선·해운,해운,cyclical,항공/해운,높음,6060.0,6060.0,"6,060원",6060.0,"6,060원",KIS Open API,KIS 현재가,API 현재가 수신,success,KIS 현재가
004020,현대제철,철강,소재,cyclical,소재,중,42000.0,42000.0,"42,000원",42000.0,"42,000원",KIS Open API,KIS 현재가,API 현재가 수신,success,KIS 현재가
010130,고려아연,비철금속,소재,core,소재,중,1469000.0,1469000.0,"1,469,000원",1469000.0,"1,469,000원",KIS Open API,KIS 현재가,API 현재가 수신,success,KIS 현재가
326030,SK바이오팜,신약·바이오,바이오,growth,바이오,높음,97900.0,97900.0,"97,900원",97900.0,"97,900원",KIS Open API,KIS 현재가,API 현재가 수신,success,KIS 현재가
128940,한미약품,제약·신약,바이오,core,바이오,중,456000.0,456000.0,"456,000원",456000.0,"456,000원",KIS Open API,KIS 현재가,API 현재가 수신,success,KIS 현재가
086900,메디톡스,보툴리눔·미용의료,헬스케어,watch,헬스케어,높음,100800.0,100800.0,"100,800원",100800.0,"100,800원",KIS Open API,KIS 현재가,API 현재가 수신,success,KIS 현재가
293490,카카오게임즈,게임,인터넷/게임,watch,인터넷/AI,높음,10430.0,10430.0,"10,430원",10430.0,"10,430원",KIS Open API,KIS 현재가,API 현재가 수신,success,KIS 현재가
259960,크래프톤,게임·AI,인터넷/게임,core,인터넷/AI,중,266500.0,266500.0,"266,500원",266500.0,"266,500원",KIS Open API,KIS 현재가,API 현재가 수신,success,KIS 현재가
041510,에스엠,엔터테인먼트,엔터,watch,콘텐츠,높음,87700.0,87700.0,"87,700원",87700.0,"87,700원",KIS Open API,KIS 현재가,API 현재가 수신,success,KIS 현재가
352820,하이브,엔터테인먼트,엔터,core,콘텐츠,중,233500.0,233500.0,"233,500원",233500.0,"233,500원",KIS Open API,KIS 현재가,API 현재가 수신,success,KIS 현재가
035900,JYP Ent.,엔터테인먼트,엔터,watch,콘텐츠,높음,60800.0,60800.0,"60,800원",60800.0,"60,800원",KIS Open API,KIS 현재가,API 현재가 수신,success,KIS 현재가
078930,GS,지주·에너지,지주/에너지,watch,에너지,중,77400.0,77400.0,"77,400원",77400.0,"77,400원",KIS Open API,KIS 현재가,API 현재가 수신,success,KIS 현재가
096770,SK이노베이션,정유·2차전지,에너지/2차전지,watch,에너지,중,124000.0,124000.0,"124,000원",124000.0,"124,000원",KIS Open API,KIS 현재가,API 현재가 수신,success,KIS 현재가
010950,S-Oil,정유,에너지,watch,에너지,중,110300.0,110300.0,"110,300원",110300.0,"110,300원",KIS Open API,KIS 현재가,API 현재가 수신,success,KIS 현재가
017670,SK텔레콤,통신·AI,통신,core,통신,낮음,100600.0,100600.0,"100,600원",100600.0,"100,600원",KIS Open API,KIS 현재가,API 현재가 수신,success,KIS 현재가
030200,KT,통신·AI,통신,core,통신,낮음,55400.0,55400.0,"55,400원",55400.0,"55,400원",KIS Open API,KIS 현재가,API 현재가 수신,success,KIS 현재가
032640,LG유플러스,통신,통신,defensive,통신,낮음,15510.0,15510.0,"15,510원",15510.0,"15,510원",KIS Open API,KIS 현재가,API 현재가 수신,success,KIS 현재가
034730,SK,지주·반도체·바이오,지주,watch,지주,중,657000.0,657000.0,"657,000원",657000.0,"657,000원",KIS Open API,KIS 현재가,API 현재가 수신,success,KIS 현재가
003550,LG,지주,지주,watch,지주,낮음,121700.0,121700.0,"121,700원",121700.0,"121,700원",KIS Open API,KIS 현재가,API 현재가 수신,success,KIS 현재가
000810,삼성화재,보험,금융,defensive,금융,낮음,580000.0,580000.0,"580,000원",580000.0,"580,000원",KIS Open API,KIS 현재가,API 현재가 수신,success,KIS 현재가
032830,삼성생명,보험,금융,defensive,금융,낮음,361500.0,361500.0,"361,500원",361500.0,"361,500원",KIS Open API,KIS 현재가,API 현재가 수신,success,KIS 현재가
028260,삼성물산,자동선별,대형 핵심,core,,중,,,,,,,,,,
066570,LG전자,자동선별,대형 핵심,core,,중,,,,,,,,,,
316140,우리금융지주,자동선별,대형 핵심,core,,중,,,,,,,,,,
006800,미래에셋증권,자동선별,대형 핵심,core,,중,,,,,,,,,,
000150,두산,자동선별,대형 핵심,core,,중,,,,,,,,,,
033780,KT&G,자동선별,대형 핵심,core,,중,,,,,,,,,,
024110,기업은행,자동선별,대형 핵심,core,,중,,,,,,,,,,
267250,HD현대,자동선별,대형 핵심,core,,중,,,,,,,,,,
071050,한국금융지주,자동선별,대형 핵심,core,,중,,,,,,,,,,
307950,현대오토에버,자동선별,대형 핵심,core,,중,,,,,,,,,,
005940,NH투자증권,자동선별,대형 핵심,core,,중,,,,,,,,,,
323410,카카오뱅크,자동선별,대형 핵심,core,,중,,,,,,,,,,
005830,DB손해보험,자동선별,대형 핵심,core,,중,,,,,,,,,,
016360,삼성증권,자동선별,대형 핵심,core,,중,,,,,,,,,,
001260,삼성에피스홀딩스,자동선별,대형 핵심,core,,중,,,,,,,,,,
047050,포스코인터내셔널,자동선별,대형 핵심,core,,중,,,,,,,,,,
180640,한진칼,자동선별,대형 핵심,core,,중,,,,,,,,,,
039490,키움증권,자동선별,대형 핵심,core,,중,,,,,,,,,,
443060,HD현대마린솔루션,자동선별,대형 핵심,core,,중,,,,,,,,,,
161390,한국타이어앤테크놀로지,자동선별,대형 핵심,core,,중,,,,,,,,,,
028050,삼성E&A,자동선별,대형 핵심,core,,중,,,,,,,,,,
003230,삼양식품,자동선별,대형 핵심,core,,중,,,,,,,,,,
090430,아모레퍼시픽,자동선별,대형 핵심,core,,중,,,,,,,,,,
950160,코오롱티슈진,자동선별,대형 핵심,core,,중,,,,,,,,,,
047040,대우건설,자동선별,대형 핵심,core,,중,,,,,,,,,,
064400,LG씨엔에스,자동선별,대형 핵심,core,,중,,,,,,,,,,
000880,한화,자동선별,대형 핵심,core,,중,,,,,,,,,,
021240,코웨이,자동선별,대형 핵심,core,,중,,,,,,,,,,
267270,HD건설기계,자동선별,대형 핵심,core,,중,,,,,,,,,,
241560,두산밥캣,자동선별,대형 핵심,core,,중,,,,,,,,,,
004170,신세계,자동선별,대형 핵심,core,,중,,,,,,,,,,
138930,BNK금융지주,자동선별,대형 핵심,core,,중,,,,,,,,,,
009830,한화솔루션,자동선별,대형 핵심,core,,중,,,,,,,,,,
319660,피에스케이,자동선별,대형 핵심,core,,중,,,,,,,,,,
029780,삼성카드,자동선별,대형 핵심,core,,중,,,,,,,,,,
062040,산일전기,자동선별,대형 핵심,core,,중,,,,,,,,,,
034220,LG디스플레이,자동선별,대형 핵심,core,,중,,,,,,,,,,
377300,카카오페이,자동선별,대형 핵심,core,,중,,,,,,,,,,
271560,오리온,자동선별,대형 핵심,core,,중,,,,,,,,,,
175330,JB금융지주,자동선별,대형 핵심,core,,중,,,,,,,,,,
036570,NC,자동선별,대형 핵심,core,,중,,,,,,,,,,
088980,맥쿼리인프라,자동선별,대형 핵심,core,,중,,,,,,,,,,
011790,SKC,자동선별,대형 핵심,core,,중,,,,,,,,,,
298380,에이비엘바이오,자동선별,대형 핵심,core,,중,,,,,,,,,,
000250,삼천당제약,자동선별,대형 핵심,core,,중,,,,,,,,,,
023530,롯데쇼핑,자동선별,대형 핵심,core,,중,,,,,,,,,,
141080,리가켐바이오,자동선별,대형 핵심,core,,중,,,,,,,,,,
001040,CJ,자동선별,대형 핵심,core,,중,,,,,,,,,,
000500,가온전선,자동선별,대형 핵심,core,,중,,,,,,,,,,
010060,OCI홀딩스,자동선별,대형 핵심,core,,중,,,,,,,,,,
111770,영원무역,자동선별,대형 핵심,core,,중,,,,,,,,,,
088350,한화생명,자동선별,대형 핵심,core,,중,,,,,,,,,,
002380,KCC,자동선별,대형 핵심,core,,중,,,,,,,,,,
052690,한전기술,자동선별,대형 핵심,core,,중,,,,,,,,,,
082740,한화엔진,자동선별,대형 핵심,core,,중,,,,,,,,,,
095610,테스,자동선별,대형 핵심,core,,중,,,,,,,,,,
440110,파두,자동선별,대형 핵심,core,,중,,,,,,,,,,
051900,LG생활건강,자동선별,대형 핵심,core,,중,,,,,,,,,,
347850,디앤디파마텍,자동선별,대형 핵심,core,,중,,,,,,,,,,
084370,유진테크,자동선별,대형 핵심,core,,중,,,,,,,,,,
018880,한온시스템,자동선별,대형 핵심,core,,중,,,,,,,,,,
069960,현대백화점,자동선별,대형 핵심,core,,중,,,,,,,,,,
028300,HLB,자동선별,대형 핵심,core,,중,,,,,,,,,,
214370,케어젠,자동선별,대형 핵심,core,,중,,,,,,,,,,
012510,더존비즈온,자동선별,대형 핵심,core,,중,,,,,,,,,,
001450,현대해상,자동선별,대형 핵심,core,,중,,,,,,,,,,
035250,강원랜드,자동선별,대형 핵심,core,,중,,,,,,,,,,
031980,피에스케이홀딩스,자동선별,대형 핵심,core,,중,,,,,,,,,,
383220,F&F,자동선별,대형 핵심,core,,중,,,,,,,,,,
251270,넷마블,자동선별,대형 핵심,core,,중,,,,,,,,,,
336260,두산퓨얼셀,자동선별,대형 핵심,core,,중,,,,,,,,,,
036460,한국가스공사,자동선별,대형 핵심,core,,중,,,,,,,,,,
011780,금호석유화학,자동선별,대형 핵심,core,,중,,,,,,,,,,
131290,티에스이,자동선별,대형 핵심,core,,중,,,,,,,,,,
031210,서울보증보험,자동선별,대형 핵심,core,,중,,,,,,,,,,
014680,한솔케미칼,자동선별,대형 핵심,core,,중,,,,,,,,,,
009420,한올바이오파마,자동선별,대형 핵심,core,,중,,,,,,,,,,
022100,포스코DX,자동선별,대형 핵심,core,,중,,,,,,,,,,
139130,iM금융지주,자동선별,대형 핵심,core,,중,,,,,,,,,,
097950,CJ제일제당,자동선별,대형 핵심,core,,중,,,,,,,,,,
310210,보로노이,자동선별,대형 핵심,core,,중,,,,,,,,,,
080220,제주반도체,자동선별,대형 핵심,core,,중,,,,,,,,,,
302440,SK바이오사이언스,자동선별,대형 핵심,core,,중,,,,,,,,,,
012750,에스원,자동선별,대형 핵심,core,,중,,,,,,,,,,
450080,에코프로머티,자동선별,대형 핵심,core,,중,,,,,,,,,,
017800,현대엘리베이터,자동선별,대형 핵심,core,,중,,,,,,,,,,
178320,서진시스템,자동선별,대형 핵심,core,,중,,,,,,,,,,
011170,롯데케미칼,자동선별,대형 핵심,core,,중,,,,,,,,,,
237690,에스티팜,자동선별,대형 핵심,core,,중,,,,,,,,,,
161890,한국콜마,자동선별,대형 핵심,core,,중,,,,,,,,,,
064760,티씨케이,자동선별,대형 핵심,core,,중,,,,,,,,,,
226950,올릭스,자동선별,대형 핵심,core,,중,,,,,,,,,,
089970,브이엠,자동선별,대형 핵심,core,,중,,,,,,,,,,
005850,에스엘,자동선별,대형 핵심,core,,중,,,,,,,,,,
087010,펩트론,자동선별,대형 핵심,core,,중,,,,,,,,,,
004800,효성,자동선별,대형 핵심,core,,중,,,,,,,,,,
001720,신영증권,자동선별,대형 핵심,core,,중,,,,,,,,,,
026960,동서,자동선별,대형 핵심,core,,중,,,,,,,,,,
257720,실리콘투,자동선별,대형 핵심,core,,중,,,,,,,,,,
319400,현대무벡스,자동선별,대형 핵심,core,,중,,,,,,,,,,
009970,영원무역홀딩스,자동선별,대형 핵심,core,,중,,,,,,,,,,
357780,솔브레인,자동선별,대형 핵심,core,,중,,,,,,,,,,
003690,코리안리,자동선별,대형 핵심,core,,중,,,,,,,,,,
483650,달바글로벌,자동선별,대형 핵심,core,,중,,,,,,,,,,
081660,미스토홀딩스,자동선별,대형 핵심,core,,중,,,,,,,,,,
000240,한국앤컴퍼니,자동선별,대형 핵심,core,,중,,,,,,,,,,
005290,동진쎄미켐,자동선별,대형 핵심,core,,중,,,,,,,,,,
004990,롯데지주,자동선별,대형 핵심,core,,중,,,,,,,,,,
085620,미래에셋생명,자동선별,대형 핵심,core,,중,,,,,,,,,,
279570,케이뱅크,자동선별,대형 핵심,core,,중,,,,,,,,,,
204320,HL만도,자동선별,대형 핵심,core,,중,,,,,,,,,,
139480,이마트,자동선별,대형 핵심,core,,중,,,,,,,,,,
489790,한화비전,자동선별,대형 핵심,core,,중,,,,,,,,,,
263750,펄어비스,자동선별,대형 핵심,core,,중,,,,,,,,,,
008930,한미사이언스,자동선별,대형 핵심,core,,중,,,,,,,,,,
387690,레메디,자동선별,발굴 후보,discovery,,중,,,,,,,,,,
475150,SK이터닉스,자동선별,발굴 후보,discovery,,중,,,,,,,,,,
010170,대한광통신,자동선별,발굴 후보,discovery,,중,,,,,,,,,,
069540,빛과전자,자동선별,발굴 후보,discovery,,중,,,,,,,,,,
002990,금호건설,자동선별,발굴 후보,discovery,,중,,,,,,,,,,
037070,파세코,자동선별,발굴 후보,discovery,,중,,,,,,,,,,
024060,흥구석유,자동선별,발굴 후보,discovery,,중,,,,,,,,,,
003680,한성기업,자동선별,발굴 후보,discovery,,중,,,,,,,,,,
006340,대원전선,자동선별,발굴 후보,discovery,,중,,,,,,,,,,
073240,금호타이어,자동선별,발굴 후보,discovery,,중,,,,,,,,,,
003280,흥아해운,자동선별,발굴 후보,discovery,,중,,,,,,,,,,
477850,마키나락스,자동선별,발굴 후보,discovery,,중,,,,,,,,,,
001820,삼화콘덴서,자동선별,발굴 후보,discovery,,중,,,,,,,,,,
032820,우리기술,자동선별,발굴 후보,discovery,,중,,,,,,,,,,
043260,성호전자,자동선별,발굴 후보,discovery,,중,,,,,,,,,,
079650,서산,자동선별,발굴 후보,discovery,,중,,,,,,,,,,
093370,후성,자동선별,발굴 후보,discovery,,중,,,,,,,,,,
005360,모나미,자동선별,발굴 후보,discovery,,중,,,,,,,,,,
322000,HD현대에너지솔루션,자동선별,발굴 후보,discovery,,중,,,,,,,,,,
002700,신일전자,자동선별,발굴 후보,discovery,,중,,,,,,,,,,
058730,다스코,자동선별,발굴 후보,discovery,,중,,,,,,,,,,
170920,엘티씨,자동선별,발굴 후보,discovery,,중,,,,,,,,,,
263800,데이타솔루션,자동선별,발굴 후보,discovery,,중,,,,,,,,,,
112610,씨에스윈드,자동선별,발굴 후보,discovery,,중,,,,,,,,,,
017900,광전자,자동선별,발굴 후보,discovery,,중,,,,,,,,,,
098460,고영,자동선별,발굴 후보,discovery,,중,,,,,,,,,,
281820,케이씨텍,자동선별,발굴 후보,discovery,,중,,,,,,,,,,
001210,금호전기,자동선별,발굴 후보,discovery,,중,,,,,,,,,,
183300,코미코,자동선별,발굴 후보,discovery,,중,,,,,,,,,,
049080,기가레인,자동선별,발굴 후보,discovery,,중,,,,,,,,,,
365660,레몬헬스케어,자동선별,발굴 후보,discovery,,중,,,,,,,,,,
033160,엠케이전자,자동선별,발굴 후보,discovery,,중,,,,,,,,,,
290690,소룩스,자동선별,발굴 후보,discovery,,중,,,,,,,,,,
356860,티엘비,자동선별,발굴 후보,discovery,,중,,,,,,,,,,
131970,두산테스나,자동선별,발굴 후보,discovery,,중,,,,,,,,,,
195870,해성디에스,자동선별,발굴 후보,discovery,,중,,,,,,,,,,
347700,스피어,자동선별,발굴 후보,discovery,,중,,,,,,,,,,
399720,가온칩스,자동선별,발굴 후보,discovery,,중,,,,,,,,,,
187660,페니트리움바이오,자동선별,발굴 후보,discovery,,중,,,,,,,,,,
007810,코리아써키트,자동선별,발굴 후보,discovery,,중,,,,,,,,,,
417840,저스템,자동선별,발굴 후보,discovery,,중,,,,,,,,,,
192820,코스맥스,자동선별,발굴 후보,discovery,,중,,,,,,,,,,
241710,코스메카코리아,자동선별,발굴 후보,discovery,,중,,,,,,,,,,
064290,인텍플러스,자동선별,발굴 후보,discovery,,중,,,,,,,,,,
101490,에스앤에스텍,자동선별,발굴 후보,discovery,,중,,,,,,,,,,
024840,KBI메탈,자동선별,발굴 후보,discovery,,중,,,,,,,,,,
078600,대주전자재료,자동선별,발굴 후보,discovery,,중,,,,,,,,,,
144960,뉴파워프라즈마,자동선별,발굴 후보,discovery,,중,,,,,,,,,,
330860,네패스아크,자동선별,발굴 후보,discovery,,중,,,,,,,,,,
122640,예스티,자동선별,발굴 후보,discovery,,중,,,,,,,,,,
089890,코세스,자동선별,발굴 후보,discovery,,중,,,,,,,,,,
138360,앤로보틱스,자동선별,발굴 후보,discovery,,중,,,,,,,,,,
005950,이수화학,자동선별,발굴 후보,discovery,,중,,,,,,,,,,
122350,삼기,자동선별,발굴 후보,discovery,,중,,,,,,,,,,
030530,원익홀딩스,자동선별,발굴 후보,discovery,,중,,,,,,,,,,
332570,PS일렉트로닉스,자동선별,발굴 후보,discovery,,중,,,,,,,,,,
420770,기가비스,자동선별,발굴 후보,discovery,,중,,,,,,,,,,
037710,광주신세계,자동선별,발굴 후보,discovery,,중,,,,,,,,,,
100090,SK오션플랜트,자동선별,발굴 후보,discovery,,중,,,,,,,,,,
007390,네이처셀,자동선별,발굴 후보,discovery,,중,,,,,,,,,,
413630,씨피시스템,자동선별,발굴 후보,discovery,,중,,,,,,,,,,
005880,대한해운,자동선별,발굴 후보,discovery,,중,,,,,,,,,,
200710,에이디테크놀로지,자동선별,발굴 후보,discovery,,중,,,,,,,,,,
001740,SK네트웍스,자동선별,발굴 후보,discovery,,중,,,,,,,,,,
456010,아이씨티케이,자동선별,발굴 후보,discovery,,중,,,,,,,,,,
006110,삼아알미늄,자동선별,발굴 후보,discovery,,중,,,,,,,,,,
019210,와이지-원,자동선별,발굴 후보,discovery,,중,,,,,,,,,,
327260,RF머트리얼즈,자동선별,발굴 후보,discovery,,중,,,,,,,,,,
439960,코스모로보틱스,자동선별,발굴 후보,discovery,,중,,,,,,,,,,
007610,선도전기,자동선별,발굴 후보,discovery,,중,,,,,,,,,,
036540,SFA반도체,자동선별,발굴 후보,discovery,,중,,,,,,,,,,
004090,한국석유,자동선별,발굴 후보,discovery,,중,,,,,,,,,,
189330,씨이랩,자동선별,발굴 후보,discovery,,중,,,,,,,,,,
008770,호텔신라,자동선별,발굴 후보,discovery,,중,,,,,,,,,,
048410,현대바이오,자동선별,발굴 후보,discovery,,중,,,,,,,,,,
044340,위닉스,자동선별,발굴 후보,discovery,,중,,,,,,,,,,
002880,디와이에이,자동선별,발굴 후보,discovery,,중,,,,,,,,,,
045100,한양이엔지,자동선별,발굴 후보,discovery,,중,,,,,,,,,,
204270,제이앤티씨,자동선별,발굴 후보,discovery,,중,,,,,,,,,,
090710,휴림로봇,자동선별,발굴 후보,discovery,,중,,,,,,,,,,
074600,원익QnC,자동선별,발굴 후보,discovery,,중,,,,,,,,,,
252990,샘씨엔에스,자동선별,발굴 후보,discovery,,중,,,,,,,,,,
388210,씨엠티엑스,자동선별,발굴 후보,discovery,,중,,,,,,,,,,
490470,세미파이브,자동선별,발굴 후보,discovery,,중,,,,,,,,,,
092870,엑시콘,자동선별,발굴 후보,discovery,,중,,,,,,,,,,
006890,태경케미컬,자동선별,발굴 후보,discovery,,중,,,,,,,,,,
031330,에스에이엠티,자동선별,발굴 후보,discovery,,중,,,,,,,,,,
475040,스트라드비젼,자동선별,발굴 후보,discovery,,중,,,,,,,,,,
097230,HJ중공업,자동선별,발굴 후보,discovery,,중,,,,,,,,,,
050890,쏠리드,자동선별,발굴 후보,discovery,,중,,,,,,,,,,
356680,엑스게이트,자동선별,발굴 후보,discovery,,중,,,,,,,,,,
419050,삼기에너지솔루션즈,자동선별,발굴 후보,discovery,,중,,,,,,,,,,
290650,엘앤씨바이오,자동선별,발굴 후보,discovery,,중,,,,,,,,,,
004710,한솔테크닉스,자동선별,발굴 후보,discovery,,중,,,,,,,,,,
491000,리브스메드,자동선별,발굴 후보,discovery,,중,,,,,,,,,,
058610,에스피지,자동선별,발굴 후보,discovery,,중,,,,,,,,,,
214330,금호에이치티,자동선별,발굴 후보,discovery,,중,,,,,,,,,,
065680,우주일렉트로,자동선별,발굴 후보,discovery,,중,,,,,,,,,,
006730,서부T&D,자동선별,발굴 후보,discovery,,중,,,,,,,,,,
412350,레이저쎌,자동선별,발굴 후보,discovery,,중,,,,,,,,,,
123330,제닉,자동선별,발굴 후보,discovery,,중,,,,,,,,,,
042520,한스바이오메드,자동선별,발굴 후보,discovery,,중,,,,,,,,,,
065170,비엘팜텍,자동선별,발굴 후보,discovery,,중,,,,,,,,,,
003380,하림지주,자동선별,발굴 후보,discovery,,중,,,,,,,,,,
232140,와이씨,자동선별,발굴 후보,discovery,,중,,,,,,,,,,
218410,RFHIC,자동선별,발굴 후보,discovery,,중,,,,,,,,,,
006660,삼성공조,자동선별,발굴 후보,discovery,,중,,,,,,,,,,
083650,비에이치아이,자동선별,발굴 후보,discovery,,중,,,,,,,,,,
033100,제룡전기,자동선별,발굴 후보,discovery,,중,,,,,,,,,,
082920,비츠로셀,자동선별,발굴 후보,discovery,,중,,,,,,,,,,
166090,하나머티리얼즈,자동선별,발굴 후보,discovery,,중,,,,,,,,,,
456160,지투지바이오,자동선별,발굴 후보,discovery,,중,,,,,,,,,,
476830,알지노믹스,자동선별,발굴 후보,discovery,,중,,,,,,,,,,
323280,태성,자동선별,발굴 후보,discovery,,중,,,,,,,,,,
071970,HD현대마린엔진,자동선별,발굴 후보,discovery,,중,,,,,,,,,,
001170,피스피스스튜디오,자동선별,발굴 후보,discovery,,중,,,,,,,,,,
425040,티이엠씨,자동선별,발굴 후보,discovery,,중,,,,,,,,,,
226330,신테카바이오,자동선별,발굴 후보,discovery,,중,,,,,,,,,,
153890,져스텍,자동선별,발굴 후보,discovery,,중,,,,,,,,,,
083450,GST,자동선별,발굴 후보,discovery,,중,,,,,,,,,,
067630,HLB생명과학,자동선별,발굴 후보,discovery,,중,,,,,,,,,,
439090,마녀공장,자동선별,발굴 후보,discovery,,중,,,,,,,,,,
047920,HLB제약,자동선별,발굴 후보,discovery,,중,,,,,,,,,,
499790,GS피앤엘,자동선별,발굴 후보,discovery,,중,,,,,,,,,,
033790,피노,자동선별,발굴 후보,discovery,,중,,,,,,,,,,
032580,피델릭스,자동선별,발굴 후보,discovery,,중,,,,,,,,,,
067170,오텍,자동선별,발굴 후보,discovery,,중,,,,,,,,,,
140860,파크시스템스,자동선별,발굴 후보,discovery,,중,,,,,,,,,,
457190,이수스페셜티케미컬,자동선별,발굴 후보,discovery,,중,,,,,,,,,,
126640,화신정공,자동선별,발굴 후보,discovery,,중,,,,,,,,,,
086450,동국제약,자동선별,발굴 후보,discovery,,중,,,,,,,,,,
003160,디아이,자동선별,발굴 후보,discovery,,중,,,,,,,,,,
219130,타이거일렉,자동선별,발굴 후보,discovery,,중,,,,,,,,,,
024850,HLB이노베이션,자동선별,발굴 후보,discovery,,중,,,,,,,,,,
096530,씨젠,자동선별,발굴 후보,discovery,,중,,,,,,,,,,
003540,대신증권,자동선별,발굴 후보,discovery,,중,,,,,,,,,,
126340,비나텍,자동선별,발굴 후보,discovery,,중,,,,,,,,,,
445680,큐리옥스바이오시스템즈,자동선별,발굴 후보,discovery,,중,,,,,,,,,,
000850,화천기공,자동선별,발굴 후보,discovery,,중,,,,,,,,,,
001510,SK증권,자동선별,발굴 후보,discovery,,중,,,,,,,,,,
046970,우리로,자동선별,발굴 후보,discovery,,중,,,,,,,,,,
010960,삼호개발,자동선별,발굴 후보,discovery,,중,,,,,,,,,,
024890,대원화성,자동선별,발굴 후보,discovery,,중,,,,,,,,,,
033640,네패스,자동선별,발굴 후보,discovery,,중,,,,,,,,,,
417200,LS머트리얼즈,자동선별,발굴 후보,discovery,,중,,,,,,,,,,
007340,DN오토모티브,자동선별,발굴 후보,discovery,,중,,,,,,,,,,
017960,한국카본,자동선별,발굴 후보,discovery,,중,,,,,,,,,,
069620,대웅제약,자동선별,발굴 후보,discovery,,중,,,,,,,,,,
119850,지엔씨에너지,자동선별,발굴 후보,discovery,,중,,,,,,,,,,
038500,삼표시멘트,자동선별,발굴 후보,discovery,,중,,,,,,,,,,
397030,에이프릴바이오,자동선별,발굴 후보,discovery,,중,,,,,,,,,,
077360,덕산하이메탈,자동선별,발굴 후보,discovery,,중,,,,,,,,,,
103140,풍산,자동선별,발굴 후보,discovery,,중,,,,,,,,,,
388790,라이콤,자동선별,발굴 후보,discovery,,중,,,,,,,,,,
140410,메지온,자동선별,발굴 후보,discovery,,중,,,,,,,,,,
091590,남화토건,자동선별,발굴 후보,discovery,,중,,,,,,,,,,
006910,보성파워텍,자동선별,발굴 후보,discovery,,중,,,,,,,,,,
120110,코오롱인더,자동선별,발굴 후보,discovery,,중,,,,,,,,,,
462870,시프트업,자동선별,발굴 후보,discovery,,중,,,,,,,,,,
011230,삼화전자,자동선별,발굴 후보,discovery,,중,,,,,,,,,,
445090,에이직랜드,자동선별,발굴 후보,discovery,,중,,,,,,,,,,
389260,대명에너지,자동선별,발굴 후보,discovery,,중,,,,,,,,,,
003530,한화투자증권,자동선별,발굴 후보,discovery,,중,,,,,,,,,,
085910,네오티스,자동선별,발굴 후보,discovery,,중,,,,,,,,,,
101730,위메이드맥스,자동선별,발굴 후보,discovery,,중,,,,,,,,,,
198440,강동씨앤엘,자동선별,발굴 후보,discovery,,중,,,,,,,,,,
100840,SNT에너지,자동선별,발굴 후보,discovery,,중,,,,,,,,,,
006280,녹십자,자동선별,발굴 후보,discovery,,중,,,,,,,,,,
456040,OCI,자동선별,발굴 후보,discovery,,중,,,,,,,,,,
446540,메가터치,자동선별,발굴 후보,discovery,,중,,,,,,,,,,
383310,에코프로에이치엔,자동선별,발굴 후보,discovery,,중,,,,,,,,,,
195940,HK이노엔,자동선별,발굴 후보,discovery,,중,,,,,,,,,,
003570,SNT다이내믹스,자동선별,발굴 후보,discovery,,중,,,,,,,,,,
253590,네오셈,자동선별,발굴 후보,discovery,,중,,,,,,,,,,
222080,SFA넥셀,자동선별,발굴 후보,discovery,,중,,,,,,,,,,
006370,대구백화점,자동선별,발굴 후보,discovery,,중,,,,,,,,,,
104830,원익머트리얼즈,자동선별,발굴 후보,discovery,,중,,,,,,,,,,
008350,남선알미늄,자동선별,발굴 후보,discovery,,중,,,,,,,,,,
448900,한국피아이엠,자동선별,발굴 후보,discovery,,중,,,,,,,,,,
458870,씨어스,자동선별,발굴 후보,discovery,,중,,,,,,,,,,
039200,오스코텍,자동선별,발굴 후보,discovery,,중,,,,,,,,,,
160980,싸이맥스,자동선별,발굴 후보,discovery,,중,,,,,,,,,,
005690,파미셀,자동선별,발굴 후보,discovery,,중,,,,,,,,,,
121440,골프존홀딩스,자동선별,발굴 후보,discovery,,중,,,,,,,,,,
034230,파라다이스,자동선별,발굴 후보,discovery,,중,,,,,,,,,,
032500,케이엠더블유,자동선별,발굴 후보,discovery,,중,,,,,,,,,,
290550,디케이티,자동선별,발굴 후보,discovery,,중,,,,,,,,,,
189300,인텔리안테크,자동선별,발굴 후보,discovery,,중,,,,,,,,,,
010820,퍼스텍,자동선별,발굴 후보,discovery,,중,,,,,,,,,,
027360,아주IB투자,자동선별,발굴 후보,discovery,,중,,,,,,,,,,
000170,세미티에스,자동선별,발굴 후보,discovery,,중,,,,,,,,,,
023410,유진기업,자동선별,발굴 후보,discovery,,중,,,,,,,,,,
222040,코스맥스엔비티,자동선별,발굴 후보,discovery,,중,,,,,,,,,,
137400,피엔티,자동선별,발굴 후보,discovery,,중,,,,,,,,,,
020150,롯데에너지머티리얼즈,자동선별,발굴 후보,discovery,,중,,,,,,,,,,
011930,신성이엔지,자동선별,발굴 후보,discovery,,중,,,,,,,,,,
100790,미래에셋벤처투자,자동선별,발굴 후보,discovery,,중,,,,,,,,,,
115450,HLB테라퓨틱스,자동선별,발굴 후보,discovery,,중,,,,,,,,,,
079370,제우스,자동선별,발굴 후보,discovery,,중,,,,,,,,,,
161580,필옵틱스,자동선별,발굴 후보,discovery,,중,,,,,,,,,,
298000,효성화학,자동선별,발굴 후보,discovery,,중,,,,,,,,,,
004370,농심,자동선별,발굴 후보,discovery,,중,,,,,,,,,,
112040,위메이드,자동선별,발굴 후보,discovery,,중,,,,,,,,,,
215790,이노인스트루먼트,자동선별,발굴 후보,discovery,,중,,,,,,,,,,
065350,신성델타테크,자동선별,발굴 후보,discovery,,중,,,,,,,,,,
281740,레이크머티리얼즈,자동선별,발굴 후보,discovery,,중,,,,,,,,,,
138080,오이솔루션,자동선별,발굴 후보,discovery,,중,,,,,,,,,,
042110,에스씨디,자동선별,발굴 후보,discovery,,중,,,,,,,,,,
090460,비에이치,자동선별,발굴 후보,discovery,,중,,,,,,,,,,
102710,이엔에프테크놀로지,자동선별,발굴 후보,discovery,,중,,,,,,,,,,
228340,동양파일,자동선별,발굴 후보,discovery,,중,,,,,,,,,,
023160,태광,자동선별,발굴 후보,discovery,,중,,,,,,,,,,
475830,오름테라퓨틱,자동선별,발굴 후보,discovery,,중,,,,,,,,,,
466100,클로봇,자동선별,발굴 후보,discovery,,중,,,,,,,,,,
005090,SGC에너지,자동선별,발굴 후보,discovery,,중,,,,,,,,,,
282330,BGF리테일,자동선별,발굴 후보,discovery,,중,,,,,,,,,,
006220,제주은행,자동선별,발굴 후보,discovery,,중,,,,,,,,,,
003240,태광산업,자동선별,발굴 후보,discovery,,중,,,,,,,,,,
051600,한전KPS,자동선별,발굴 후보,discovery,,중,,,,,,,,,,
002780,진흥기업,자동선별,발굴 후보,discovery,,중,,,,,,,,,,
066980,한성크린텍,자동선별,발굴 후보,discovery,,중,,,,,,,,,,
229640,LS에코에너지,자동선별,발굴 후보,discovery,,중,,,,,,,,,,
072950,빛샘전자,자동선별,발굴 후보,discovery,,중,,,,,,,,,,
203650,드림시큐리티,자동선별,발굴 후보,discovery,,중,,,,,,,,,,
011210,현대위아,자동선별,발굴 후보,discovery,,중,,,,,,,,,,
125020,티씨머티리얼즈,자동선별,발굴 후보,discovery,,중,,,,,,,,,,
094170,동운아나텍,자동선별,발굴 후보,discovery,,중,,,,,,,,,,
080580,오킨스전자,자동선별,발굴 후보,discovery,,중,,,,,,,,,,
127120,제이에스링크,자동선별,발굴 후보,discovery,,중,,,,,,,,,,
122870,와이지엔터테인먼트,자동선별,발굴 후보,discovery,,중,,,,,,,,,,
213420,덕산네오룩스,자동선별,발굴 후보,discovery,,중,,,,,,,,,,
295310,에이치브이엠,자동선별,발굴 후보,discovery,,중,,,,,,,,,,
030520,한글과컴퓨터,자동선별,발굴 후보,discovery,,중,,,,,,,,,,
067290,JW신약,자동선별,발굴 후보,discovery,,중,,,,,,,,,,
000440,중앙에너비스,자동선별,발굴 후보,discovery,,중,,,,,,,,,,
037460,삼지전자,자동선별,발굴 후보,discovery,,중,,,,,,,,,,
354320,알멕,자동선별,발굴 후보,discovery,,중,,,,,,,,,,
078350,한양디지텍,자동선별,발굴 후보,discovery,,중,,,,,,,,,,
336570,원텍,자동선별,발굴 후보,discovery,,중,,,,,,,,,,
041830,인바디,자동선별,발굴 후보,discovery,,중,,,,,,,,,,
091440,한울소재과학,자동선별,발굴 후보,discovery,,중,,,,,,,,,,
475960,토모큐브,자동선별,발굴 후보,discovery,,중,,,,,,,,,,
000400,롯데손해보험,자동선별,발굴 후보,discovery,,중,,,,,,,,,,
010690,화신,자동선별,발굴 후보,discovery,,중,,,,,,,,,,
007070,GS리테일,자동선별,대형 핵심,core,,중,,,,,,,,,,
453450,그리드위즈,자동선별,발굴 후보,discovery,,중,,,,,,,,,,
006120,SK디스커버리,자동선별,발굴 후보,discovery,,중,,,,,,,,,,
030000,제일기획,자동선별,발굴 후보,discovery,,중,,,,,,,,,,
004000,롯데정밀화학,자동선별,발굴 후보,discovery,,중,,,,,,,,,,
077970,STX엔진,자동선별,발굴 후보,discovery,,중,,,,,,,,,,
000210,DL,자동선별,발굴 후보,discovery,,중,,,,,,,,,,
376900,로킷헬스케어,자동선별,발굴 후보,discovery,,중,,,,,,,,,,
001120,LX인터내셔널,자동선별,발굴 후보,discovery,,중,,,,,,,,,,
000120,CJ대한통운,자동선별,발굴 후보,discovery,,중,,,,,,,,,,
328130,루닛,자동선별,발굴 후보,discovery,,중,,,,,,,,,,
272110,케이엔제이,자동선별,발굴 후보,discovery,,중,,,,,,,,,,
114810,한솔아이원스,자동선별,발굴 후보,discovery,,중,,,,,,,,,,
348210,넥스틴,자동선별,발굴 후보,discovery,,중,,,,,,,,,,
013580,계룡건설,자동선별,발굴 후보,discovery,,중,,,,,,,,,,
060370,LS마린솔루션,자동선별,발굴 후보,discovery,,중,,,,,,,,,,
000090,에임드바이오,자동선별,발굴 후보,discovery,,중,,,,,,,,,,
089860,롯데렌탈,자동선별,발굴 후보,discovery,,중,,,,,,,,,,
230240,에치에프알,자동선별,발굴 후보,discovery,,중,,,,,,,,,,
005440,현대지에프홀딩스,자동선별,대형 핵심,core,,중,,,,,,,,,,
004310,현대약품,자동선별,발굴 후보,discovery,,중,,,,,,,,,,
000020,동화약품,자동선별,발굴 후보,discovery,,중,,,,,,,,,,
476060,온코닉테라퓨틱스,자동선별,발굴 후보,discovery,,중,,,,,,,,,,
463480,모티브링크,자동선별,발굴 후보,discovery,,중,,,,,,,,,,
012690,모나리자,자동선별,발굴 후보,discovery,,중,,,,,,,,,,
047770,코데즈컴바인,자동선별,발굴 후보,discovery,,중,,,,,,,,,,
465770,STX그린로지스,자동선별,발굴 후보,discovery,,중,,,,,,,,,,
032350,롯데관광개발,자동선별,발굴 후보,discovery,,중,,,,,,,,,,
004540,깨끗한나라,자동선별,발굴 후보,discovery,,중,,,,,,,,,,
348370,엔켐,자동선별,발굴 후보,discovery,,중,,,,,,,,,,
014950,삼익제약,자동선별,발굴 후보,discovery,,중,,,,,,,,,,
056080,유진로봇,자동선별,발굴 후보,discovery,,중,,,,,,,,,,
255220,SG,자동선별,발굴 후보,discovery,,중,,,,,,,,,,
065950,웰크론,자동선별,발굴 후보,discovery,,중,,,,,,,,,,
218150,미래생명자원,자동선별,발굴 후보,discovery,,중,,,,,,,,,,
053800,안랩,자동선별,발굴 후보,discovery,,중,,,,,,,,,,
487580,폴레드,자동선별,발굴 후보,discovery,,중,,,,,,,,,,
217730,강스템바이오텍,자동선별,발굴 후보,discovery,,중,,,,,,,,,,
067080,대화제약,자동선별,발굴 후보,discovery,,중,,,,,,,,,,
248170,샘표식품,자동선별,발굴 후보,discovery,,중,,,,,,,,,,
030960,양지사,자동선별,발굴 후보,discovery,,중,,,,,,,,,,
406820,뷰티스킨,자동선별,발굴 후보,discovery,,중,,,,,,,,,,
320000,한울반도체,자동선별,발굴 후보,discovery,,중,,,,,,,,,,
017180,명문제약,자동선별,발굴 후보,discovery,,중,,,,,,,,,,
005860,한일사료,자동선별,발굴 후보,discovery,,중,,,,,,,,,,
023790,동일스틸럭스,자동선별,발굴 후보,discovery,,중,,,,,,,,,,
217590,티엠씨,자동선별,발굴 후보,discovery,,중,,,,,,,,,,
330350,위더스제약,자동선별,발굴 후보,discovery,,중,,,,,,,,,,
460930,현대힘스,자동선별,발굴 후보,discovery,,중,,,,,,,,,,
294870,IPARK현대산업개발,자동선별,발굴 후보,discovery,,중,,,,,,,,,,
002680,한탑,자동선별,발굴 후보,discovery,,중,,,,,,,,,,
011090,에넥스,자동선별,발굴 후보,discovery,,중,,,,,,,,,,
052710,아모텍,자동선별,발굴 후보,discovery,,중,,,,,,,,,,
034940,조아제약,자동선별,발굴 후보,discovery,,중,,,,,,,,,,
005430,한국공항,자동선별,발굴 후보,discovery,,중,,,,,,,,,,
030720,동원수산,자동선별,발굴 후보,discovery,,중,,,,,,,,,,
291810,핀텔,자동선별,발굴 후보,discovery,,중,,,,,,,,,,
102940,코오롱생명과학,자동선별,발굴 후보,discovery,,중,,,,,,,,,,
002790,아모레퍼시픽홀딩스,자동선별,발굴 후보,discovery,,중,,,,,,,,,,
071950,코아스,자동선별,발굴 후보,discovery,,중,,,,,,,,,,
075580,세진중공업,자동선별,발굴 후보,discovery,,중,,,,,,,,,,
101160,월덱스,자동선별,발굴 후보,discovery,,중,,,,,,,,,,
054940,엑사이엔씨,자동선별,발굴 후보,discovery,,중,,,,,,,,,,
001000,신라섬유,자동선별,발굴 후보,discovery,,중,,,,,,,,,,
033340,좋은사람들,자동선별,발굴 후보,discovery,,중,,,,,,,,,,
002020,코오롱,자동선별,발굴 후보,discovery,,중,,,,,,,,,,
046210,HLB파나진,자동선별,발굴 후보,discovery,,중,,,,,,,,,,
033250,체시스,자동선별,발굴 후보,discovery,,중,,,,,,,,,,
024940,PN풍년,자동선별,발굴 후보,discovery,,중,,,,,,,,,,
439260,대한조선,자동선별,발굴 후보,discovery,,중,,,,,,,,,,
073490,LIG아큐버,자동선별,발굴 후보,discovery,,중,,,,,,,,,,
285800,진영,자동선별,발굴 후보,discovery,,중,,,,,,,,,,
026910,광진실업,자동선별,발굴 후보,discovery,,중,,,,,,,,,,
068760,셀트리온제약,자동선별,발굴 후보,discovery,,중,,,,,,,,,,
092790,넥스틸,자동선별,발굴 후보,discovery,,중,,,,,,,,,,
452260,한화갤러리아,자동선별,발굴 후보,discovery,,중,,,,,,,,,,
059090,미코,자동선별,발굴 후보,discovery,,중,,,,,,,,,,
001430,세아베스틸지주,자동선별,발굴 후보,discovery,,중,,,,,,,,,,
210980,SK디앤디,자동선별,발굴 후보,discovery,,중,,,,,,,,,,
079160,CJ CGV,자동선별,발굴 후보,discovery,,중,,,,,,,,,,
003580,HLB글로벌,자동선별,발굴 후보,discovery,,중,,,,,,,,,,
381620,제닉스로보틱스,자동선별,발굴 후보,discovery,,중,,,,,,,,,,
018670,SK가스,자동선별,발굴 후보,discovery,,중,,,,,,,,,,
114090,GKL,자동선별,발굴 후보,discovery,,중,,,,,,,,,,
317400,자이에스앤디,자동선별,발굴 후보,discovery,,중,,,,,,,,,,
004490,세방전지,자동선별,발굴 후보,discovery,,중,,,,,,,,,,
357880,SKAI,자동선별,발굴 후보,discovery,,중,,,,,,,,,,
064960,SNT모티브,자동선별,발굴 후보,discovery,,중,,,,,,,,,,
066590,스모트로닉,자동선별,발굴 후보,discovery,,중,,,,,,,,,,
003310,대주산업,자동선별,발굴 후보,discovery,,중,,,,,,,,,,
002140,고려산업,자동선별,발굴 후보,discovery,,중,,,,,,,,,,
298020,효성티앤씨,자동선별,발굴 후보,discovery,,중,,,,,,,,,,
025860,남해화학,자동선별,발굴 후보,discovery,,중,,,,,,,,,,
066910,손오공,자동선별,발굴 후보,discovery,,중,,,,,,,,,,
027710,팜스토리,자동선별,발굴 후보,discovery,,중,,,,,,,,,,
002070,비비안,자동선별,발굴 후보,discovery,,중,,,,,,,,,,
321370,센서뷰,자동선별,발굴 후보,discovery,,중,,,,,,,,,,
131030,옵투스제약,자동선별,발굴 후보,discovery,,중,,,,,,,,,,
340440,세림B&G,자동선별,발굴 후보,discovery,,중,,,,,,,,,,
093240,형지엘리트,자동선별,발굴 후보,discovery,,중,,,,,,,,,,
457600,벡트,자동선별,발굴 후보,discovery,,중,,,,,,,,,,
099320,쎄트렉아이,자동선별,발굴 후보,discovery,,중,,,,,,,,,,
038110,에코플라스틱,자동선별,발굴 후보,discovery,,중,,,,,,,,,,
064820,케이프,자동선별,발굴 후보,discovery,,중,,,,,,,,,,
099440,스맥,자동선별,발굴 후보,discovery,,중,,,,,,,,,,
014970,삼륭물산,자동선별,발굴 후보,discovery,,중,,,,,,,,,,
192080,더블유게임즈,자동선별,발굴 후보,discovery,,중,,,,,,,,,,
036530,SNT홀딩스,자동선별,발굴 후보,discovery,,중,,,,,,,,,,
460860,동국제강,자동선별,발굴 후보,discovery,,중,,,,,,,,,,
159010,아스플로,자동선별,발굴 후보,discovery,,중,,,,,,,,,,
394420,리센스메디컬,자동선별,발굴 후보,discovery,,중,,,,,,,,,,
060230,제이케이시냅스,자동선별,발굴 후보,discovery,,중,,,,,,,,,,
068790,DMS,자동선별,발굴 후보,discovery,,중,,,,,,,,,,
007690,국도화학,자동선별,발굴 후보,discovery,,중,,,,,,,,,,
033240,자화전자,자동선별,발굴 후보,discovery,,중,,,,,,,,,,
396300,세아메카닉스,자동선별,발굴 후보,discovery,,중,,,,,,,,,,
333430,일승,자동선별,발굴 후보,discovery,,중,,,,,,,,,,
108860,셀바스AI,자동선별,발굴 후보,discovery,,중,,,,,,,,,,
039980,폴라리스AI,자동선별,발굴 후보,discovery,,중,,,,,,,,,,
002180,네오뷰,자동선별,발굴 후보,discovery,,중,,,,,,,,,,
059120,아진엑스텍,자동선별,발굴 후보,discovery,,중,,,,,,,,,,
199430,케이엔알시스템,자동선별,발굴 후보,discovery,,중,,,,,,,,,,
014940,오리엔탈정공,자동선별,발굴 후보,discovery,,중,,,,,,,,,,
064260,다날,자동선별,발굴 후보,discovery,,중,,,,,,,,,,
417860,오브젠,자동선별,발굴 후보,discovery,,중,,,,,,,,,,
377480,마음AI,자동선별,발굴 후보,discovery,,중,,,,,,,,,,
025560,미래산업,자동선별,발굴 후보,discovery,,중,,,,,,,,,,
054540,삼영엠텍,자동선별,발굴 후보,discovery,,중,,,,,,,,,,
001560,에이치엘지노믹스,자동선별,발굴 후보,discovery,,중,,,,,,,,,,
264850,이랜시스,자동선별,발굴 후보,discovery,,중,,,,,,,,,,
049720,고려신용정보,자동선별,발굴 후보,discovery,,중,,,,,,,,,,
463020,뉴엔AI,자동선별,발굴 후보,discovery,,중,,,,,,,,,,
304100,솔트룩스,자동선별,발굴 후보,discovery,,중,,,,,,,,,,
052460,아이크래프트,자동선별,발굴 후보,discovery,,중,,,,,,,,,,
208640,썸에이지,자동선별,발굴 후보,discovery,,중,,,,,,,,,,
459550,알트,자동선별,발굴 후보,discovery,,중,,,,,,,,,,
181710,NHN,자동선별,발굴 후보,discovery,,중,,,,,,,,,,
437730,삼현,자동선별,발굴 후보,discovery,,중,,,,,,,,,,
402030,코난테크놀로지,자동선별,발굴 후보,discovery,,중,,,,,,,,,,
255440,야스,자동선별,발굴 후보,discovery,,중,,,,,,,,,,
053610,프로텍,자동선별,발굴 후보,discovery,,중,,,,,,,,,,
000640,동아쏘시오홀딩스,자동선별,발굴 후보,discovery,,중,,,,,,,,,,
260870,SK시그넷,자동선별,발굴 후보,discovery,,중,,,,,,,,,,
060250,NHN KCP,자동선별,발굴 후보,discovery,,중,,,,,,,,,,
486990,노타,자동선별,발굴 후보,discovery,,중,,,,,,,,,,
171090,선익시스템,자동선별,발굴 후보,discovery,,중,,,,,,,,,,
001200,유진투자증권,자동선별,발굴 후보,discovery,,중,,,,,,,,,,
066700,테라젠이텍스,자동선별,발굴 후보,discovery,,중,,,,,,,,,,
041020,폴라리스오피스,자동선별,발굴 후보,discovery,,중,,,,,,,,,,
018470,조일알미늄,자동선별,발굴 후보,discovery,,중,,,,,,,,,,
234340,헥토파이낸셜,자동선별,발굴 후보,discovery,,중,,,,,,,,,,
060720,KH바텍,자동선별,발굴 후보,discovery,,중,,,,,,,,,,
348340,뉴로메카,자동선별,발굴 후보,discovery,,중,,,,,,,,,,
178920,PI첨단소재,자동선별,발굴 후보,discovery,,중,,,,,,,,,,
014620,성광벤드,자동선별,발굴 후보,discovery,,중,,,,,,,,,,
053690,한미글로벌,자동선별,발굴 후보,discovery,,중,,,,,,,,,,
251970,펌텍코리아,자동선별,발굴 후보,discovery,,중,,,,,,,,,,
086390,유니테스트,자동선별,발굴 후보,discovery,,중,,,,,,,,,,
124500,아이티센글로벌,자동선별,발굴 후보,discovery,,중,,,,,,,,,,
299660,셀리드,자동선별,발굴 후보,discovery,,중,,,,,,,,,,
900290,GRT,자동선별,발굴 후보,discovery,,중,,,,,,,,,,
340570,티앤엘,자동선별,발굴 후보,discovery,,중,,,,,,,,,,
368600,아이씨에이치,자동선별,발굴 후보,discovery,,중,,,,,,,,,,
475400,씨메스로보틱스,자동선별,발굴 후보,discovery,,중,,,,,,,,,,
484810,티엑스알로보틱스,자동선별,발굴 후보,discovery,,중,,,,,,,,,,
455900,엔젤로보틱스,자동선별,발굴 후보,discovery,,중,,,,,,,,,,
487570,HS효성,자동선별,발굴 후보,discovery,,중,,,,,,,,,,
194480,데브시스터즈,자동선별,발굴 후보,discovery,,중,,,,,,,,,,
425420,티에프이,자동선별,발굴 후보,discovery,,중,,,,,,,,,,
340810,시선AI,자동선별,발굴 후보,discovery,,중,,,,,,,,,,
044490,태웅,자동선별,발굴 후보,discovery,,중,,,,,,,,,,
006650,대한유화,자동선별,발굴 후보,discovery,,중,,,,,,,,,,
039830,오로라,자동선별,발굴 후보,discovery,,중,,,,,,,,,,
200470,에이팩트,자동선별,발굴 후보,discovery,,중,,,,,,,,,,
000370,한화손해보험,자동선별,발굴 후보,discovery,,중,,,,,,,,,,
204620,글로벌텍스프리,자동선별,발굴 후보,discovery,,중,,,,,,,,,,
004430,송원산업,자동선별,발굴 후보,discovery,,중,,,,,,,,,,
482630,삼양엔씨켐,자동선별,발굴 후보,discovery,,중,,,,,,,,,,
361610,SK아이이테크놀로지,자동선별,발굴 후보,discovery,,중,,,,,,,,,,
125490,한라캐스트,자동선별,발굴 후보,discovery,,중,,,,,,,,,,
046890,서울반도체,자동선별,발굴 후보,discovery,,중,,,,,,,,,,
254490,미래반도체,자동선별,발굴 후보,discovery,,중,,,,,,,,,,
023590,다우기술,자동선별,발굴 후보,discovery,,중,,,,,,,,,,
358570,지아이이노베이션,자동선별,발굴 후보,discovery,,중,,,,,,,,,,
078340,컴투스,자동선별,발굴 후보,discovery,,중,,,,,,,,,,
232680,라온로보틱스,자동선별,발굴 후보,discovery,,중,,,,,,,,,,
108670,LX하우시스,자동선별,발굴 후보,discovery,,중,,,,,,,,,,
000390,매드업,자동선별,발굴 후보,discovery,,중,,,,,,,,,,
148780,비큐AI,자동선별,발굴 후보,discovery,,중,,,,,,,,,,
126730,코칩,자동선별,발굴 후보,discovery,,중,,,,,,,,,,
003010,혜인,자동선별,발굴 후보,discovery,,중,,,,,,,,,,
457370,한켐,자동선별,발굴 후보,discovery,,중,,,,,,,,,,
058430,포스코스틸리온,자동선별,발굴 후보,discovery,,중,,,,,,,,,,
008830,대동기어,자동선별,발굴 후보,discovery,,중,,,,,,,,,,
053260,금강철강,자동선별,발굴 후보,discovery,,중,,,,,,,,,,
131400,이브이첨단소재,자동선별,발굴 후보,discovery,,중,,,,,,,,,,
280360,롯데웰푸드,자동선별,발굴 후보,discovery,,중,,,,,,,,,,
084650,랩지노믹스,자동선별,발굴 후보,discovery,,중,,,,,,,,,,
062970,한국첨단소재,자동선별,발굴 후보,discovery,,중,,,,,,,,,,
079940,가비아,자동선별,발굴 후보,discovery,,중,,,,,,,,,,
025900,동화기업,자동선별,발굴 후보,discovery,,중,,,,,,,,,,
071090,하이스틸,자동선별,발굴 후보,discovery,,중,,,,,,,,,,
162300,신스틸,자동선별,발굴 후보,discovery,,중,,,,,,,,,,
441270,파인엠텍,자동선별,발굴 후보,discovery,,중,,,,,,,,,,
095910,에스에너지,자동선별,발굴 후보,discovery,,중,,,,,,,,,,
194700,노바렉스,자동선별,발굴 후보,discovery,,중,,,,,,,,,,
348080,큐라티스,자동선별,발굴 후보,discovery,,중,,,,,,,,,,
051980,중앙첨단소재,자동선별,발굴 후보,discovery,,중,,,,,,,,,,
114190,강원에너지,자동선별,발굴 후보,discovery,,중,,,,,,,,,,
179900,유티아이,자동선별,발굴 후보,discovery,,중,,,,,,,,,,
003030,세아제강지주,자동선별,발굴 후보,discovery,,중,,,,,,,,,,
017860,DS단석,자동선별,발굴 후보,discovery,,중,,,,,,,,,,
160190,하이젠알앤엠,자동선별,발굴 후보,discovery,,중,,,,,,,,,,
095500,미래나노텍,자동선별,발굴 후보,discovery,,중,,,,,,,,,,
009520,포스코엠텍,자동선별,발굴 후보,discovery,,중,,,,,,,,,,
035760,CJ ENM,자동선별,발굴 후보,discovery,,중,,,,,,,,,,
041960,코미팜,자동선별,발굴 후보,discovery,,중,,,,,,,,,,
226340,본느,자동선별,발굴 후보,discovery,,중,,,,,,,,,,
365340,성일하이텍,자동선별,발굴 후보,discovery,,중,,,,,,,,,,
091580,상신이디피,자동선별,발굴 후보,discovery,,중,,,,,,,,,,
174900,앱클론,자동선별,발굴 후보,discovery,,중,,,,,,,,,,
001390,KG케미칼,자동선별,발굴 후보,discovery,,중,,,,,,,,,,
051160,지어소프트,자동선별,발굴 후보,discovery,,중,,,,,,,,,,
101670,하이드로리튬,자동선별,발굴 후보,discovery,,중,,,,,,,,,,
419530,SAMG엔터,자동선별,발굴 후보,discovery,,중,,,,,,,,,,
298050,HS효성첨단소재,자동선별,발굴 후보,discovery,,중,,,,,,,,,,
122900,아이마켓코리아,자동선별,발굴 후보,discovery,,중,,,,,,,,,,
950220,네오이뮨텍,자동선별,발굴 후보,discovery,,중,,,,,,,,,,
009450,경동나비엔,자동선별,발굴 후보,discovery,,중,,,,,,,,,,
005010,휴스틸,자동선별,발굴 후보,discovery,,중,,,,,,,,,,
107640,한중엔시에스,자동선별,발굴 후보,discovery,,중,,,,,,,,,,
001250,GS글로벌,자동선별,발굴 후보,discovery,,중,,,,,,,,,,
239340,이스트에이드,자동선별,발굴 후보,discovery,,중,,,,,,,,,,
355150,코스텍시스,자동선별,발굴 후보,discovery,,중,,,,,,,,,,
