symbol,corp_code,name,year,revenue,operating_income,net_income,total_equity,total_debt,total_assets,current_assets,current_liabilities,retained_earnings,eps,eps_prev,per,pbr,shares_outstanding,market_cap,roe,debt_ratio,operating_margin,net_margin,revenue_growth,eps_growth,peg,div,quality_score,value_score,growth_score,updatedAt
000100,,유한양행,2026,,,,,,,,,,,,26.5369,,73615781.0,5173677129728.0,8.905,15.315,1.67,9.55,7.2,206.8,,85.0,73.0,50.0,75.0,2026-07-20
000270,,기아,2026,,,,,,,,,,,,6.7725,,388656043.0,54411845959680.0,11.885,4.32,7.47,6.05,5.3,-22.5,0.42,454.0,73.0,75.0,40.0,2026-07-20
000660,,SK하이닉스,2026,,,,,,,,,,,,5.3571,,709854891.0,1252184024940544.0,61.172,13.282,71.54,56.89,198.1,396.6,2.93,16.0,100.0,75.0,90.0,2026-07-20
000720,,현대건설,2026,,,,,,,,,,,,19.8426,,111355765.0,10229351710720.0,5.755,38.362,3.06,1.43,-15.8,44.1,,81.0,61.0,53.0,50.0,2026-07-20
000810,,삼성화재,2026,,,,,,,,,,,,10.3999,,39828296.0,25590727966720.0,10.952,1.471,7.23,9.27,4.9,6.2,,278.0,73.0,68.0,60.0,2026-07-20
000990,,DB하이텍,2026,,,,,,,,,,,,17.7373,,42096532.0,4293846368256.0,13.545,13.782,17.01,20.16,26.0,80.2,,74.0,85.0,60.0,82.0,2026-07-20
001440,,대한전선,2026,,,,,,,,,,,,41.828,,185810354.0,4747454578688.0,3.409,66.973,5.58,1.26,26.6,,,,61.0,35.0,62.0,2026-07-20
003490,,대한항공,2026,,,,,,,,,,,,8.5417,,368220610.0,9362550554624.0,2.968,212.482,7.77,2.43,2.6,-57.1,,283.0,38.0,68.0,40.0,2026-07-20
003550,,LG,2026,,,,,,,,,,,,10.4344,,151192004.0,14649304023040.0,2.546,1.765,22.98,6.98,-7.0,-41.4,,314.0,80.0,68.0,35.0,2026-07-20
003620,,KG모빌리티,2026,,,,,,,,,,,,,,202374912.0,550459736064.0,4.832,37.142,0.86,1.57,24.5,800.0,,,61.0,,82.0,2026-07-20
003670,,포스코퓨처엠,2026,,,,,,,,,,,,162.8568,,88946185.0,12167838433280.0,-0.153,90.67,2.34,-0.5,-10.4,,4.51,17.0,38.0,35.0,38.0,2026-07-20
004020,,현대제철,2026,,,,,,,,,,,,8.9363,,131545739.0,3321529892864.0,0.084,55.22,0.27,0.03,3.2,,,188.0,61.0,68.0,55.0,2026-07-20
005070,,코스모신소재,2026,,,,,,,,,,,,52.4559,,33202811.0,1183680299008.0,15.484,96.977,2.28,2.35,61.0,1.3,,,65.0,35.0,75.0,2026-07-20
005380,,현대차,2026,,,,,,,,,,,,12.172,,202416066.0,104471799529472.0,7.54,139.511,5.47,4.59,3.4,-26.3,4.13,235.0,58.0,60.0,40.0,2026-07-20
005490,,POSCO홀딩스,2026,,,,,,,,,,,,11.525,,75620779.0,22875285225472.0,1.125,49.969,3.99,1.18,2.5,54.5,0.9,305.0,61.0,68.0,75.0,2026-07-20
005930,,삼성전자,2026,,,,,,,,,,,,5.2831,,5764191903.0,1602241442086912.0,18.855,5.782,42.75,21.46,69.2,492.1,0.18,58.0,92.0,75.0,90.0,2026-07-20
006260,,LS,2026,,,,,,,,,,,,18.9597,,27734903.0,7363617095680.0,7.837,153.672,5.0,0.99,37.5,77.2,,87.0,50.0,53.0,90.0,2026-07-20
006340,,대원전선,2026,,,,,,,,,,,,,,78414416.0,857853722624.0,9.974,23.067,7.75,1.88,25.1,69.8,,,73.0,,82.0,2026-07-20
006360,,GS건설,2026,,,,,,,,,,,,6.4114,,84888895.0,2211355820032.0,1.684,114.981,2.8,0.55,-21.6,-91.6,,183.0,53.0,75.0,23.0,2026-07-20
006400,,삼성SDI,2026,,,,,,,,,,,,28.7988,,77254139.0,31556146036736.0,-2.571,47.503,-6.6,-3.34,12.6,,12.29,,31.0,50.0,62.0,2026-07-20
007660,,이수페타시스,2026,,,,,,,,,,,,19.4759,,73409219.0,6195737788416.0,29.913,30.446,19.76,14.68,34.8,13.4,,25.0,86.0,53.0,75.0,2026-07-20
009150,,삼성전기,2026,,,,,,,,,,,,62.03,,72693696.0,96322745008128.0,8.807,27.1,8.75,6.97,17.2,86.3,3.71,,73.0,35.0,82.0,2026-07-20
009540,,HD한국조선해양,2026,,,,,,,,,,,,6.7758,,70714630.0,24042975264768.0,21.758,8.734,16.66,8.04,20.2,70.4,0.21,257.0,93.0,75.0,82.0,2026-07-20
010120,,LS ELECTRIC,2026,,,,,,,,,,,,54.271,,148785350.0,26677212086272.0,16.669,67.989,9.19,6.35,33.4,72.2,,32.0,73.0,35.0,90.0,2026-07-20
010130,,고려아연,2026,,,,,,,,,,,,20.1971,,20393232.0,19495930298368.0,10.064,56.243,12.29,5.14,58.4,94.4,,243.0,71.0,53.0,90.0,2026-07-20
010140,,삼성중공업,2026,,,,,,,,,,,,14.8787,,854035571.0,17894450659328.0,13.207,32.703,9.41,5.02,16.4,10.2,0.11,,73.0,60.0,67.0,2026-07-20
010950,,S-Oil,2026,,,,,,,,,,,,9.5643,,112582792.0,17078908092416.0,10.345,87.527,13.77,2.76,-0.5,,,23.0,63.0,68.0,50.0,2026-07-20
011070,,LG이노텍,2026,,,,,,,,,,,,26.8546,,23664507.0,14246034276352.0,8.464,36.127,5.34,2.16,11.1,167.6,19.39,28.0,66.0,50.0,82.0,2026-07-20
011200,,HMM,2026,,,,,,,,,,,,16.0021,,943237970.0,19006245306368.0,5.356,20.599,9.9,13.88,-4.8,-48.0,,349.0,68.0,60.0,35.0,2026-07-20
012330,,현대모비스,2026,,,,,,,,,,,,10.7184,,89180583.0,42137827672064.0,7.227,7.529,5.16,5.66,5.5,-13.5,0.09,135.0,73.0,68.0,55.0,2026-07-20
012450,,한화에어로스페이스,2026,,,,,,,,,,,,18.3435,,51448788.0,45017691324416.0,18.46,91.24,11.11,5.95,4.9,284.9,,74.0,70.0,53.0,75.0,2026-07-20
015760,,한국전력,2026,,,,,,,,,,,,2.4052,,641964077.0,21184815038464.0,18.671,255.55,15.62,8.92,0.7,7.1,,,55.0,75.0,60.0,2026-07-20
017670,,SK텔레콤,2026,,,,,,,,,,,,17.1114,,213057911.0,18046003445760.0,2.609,77.212,12.21,2.15,-1.4,-11.6,0.82,278.0,66.0,60.0,50.0,2026-07-20
018260,,삼성에스디에스,2026,,,,,,,,,,,,19.8734,,77350186.0,14371664166912.0,6.58,8.232,2.34,4.64,-3.9,-56.3,,160.0,73.0,53.0,35.0,2026-07-20
028670,,팬오션,2026,,,,,,,,,,,,6.2417,,534569512.0,2694230310912.0,5.544,79.732,9.34,5.84,8.3,31.1,,291.0,61.0,75.0,67.0,2026-07-20
030200,,KT,2026,,,,,,,,,,,,8.658,,238131808.0,12740051599360.0,8.652,63.276,7.05,5.48,-1.0,-33.5,4.42,458.0,66.0,68.0,35.0,2026-07-20
032640,,LG유플러스,2026,,,,,,,,,,,,7.7773,,424427732.0,6154202120192.0,5.873,63.942,7.16,3.45,1.5,8.0,0.73,,61.0,75.0,60.0,2026-07-20
032830,,삼성생명,2026,,,,,,,,,,,,18.0836,,179574779.0,54141795696640.0,4.763,36.457,-83.02,11.51,59.3,187.2,1.51,160.0,46.0,53.0,70.0,2026-07-20
034020,,두산에너빌리티,2026,,,,,,,,,,,,90.2268,,639132818.0,41415803404288.0,2.369,56.514,5.46,0.88,13.7,,,,61.0,35.0,62.0,2026-07-20
034730,,SK,2026,,,,,,,,,,,,6.2476,,54541888.0,31579753676800.0,11.906,79.561,9.78,2.05,18.9,43.3,,,66.0,75.0,74.0,2026-07-20
035420,,NAVER,2026,,,,,,,,,,,,15.1769,,149579777.0,27806880759808.0,5.72,17.168,16.71,14.52,16.3,-32.2,30.97,138.0,73.0,60.0,47.0,2026-07-20
035720,,카카오,2026,,,,,,,,,,,,21.7566,,440683873.0,15445970124800.0,3.85,19.891,10.89,5.92,11.1,-0.3,1.2,21.0,73.0,53.0,62.0,2026-07-20
035900,,JYP Ent.,2026,,,,,,,,,,,,,,,,,,,,,,,,,,,2026-07-20
036930,,주성엔지니어링,2026,,,,,,,,,,,,,,,,,,,,,,,,,,,2026-07-20
039030,,이오테크닉스,2026,,,,,,,,,,,,,,,,,,,,,,,,,,,2026-07-20
039440,,에스티아이,2026,,,,,,,,,,,,,,,,,,,,,,,,,,,2026-07-20
041510,,에스엠,2026,,,,,,,,,,,,,,,,,,,,,,,,,,,2026-07-20
042660,,한화오션,2026,,,,,,,,,,,,18.3509,,306357807.0,25488967860224.0,25.687,91.782,13.74,11.91,2.1,131.3,0.44,,78.0,53.0,75.0,2026-07-20
042700,,한미반도체,2026,,,,,,,,,,,,48.1212,,94853002.0,21057366917120.0,30.804,0.354,16.61,37.13,-65.5,-65.2,1.48,33.0,93.0,35.0,23.0,2026-07-20
047810,,한국항공우주,2026,,,,,,,,,,,,26.1791,,97475107.0,14026667982848.0,10.922,144.353,6.14,4.84,56.3,39.9,0.47,34.0,58.0,50.0,82.0,2026-07-20
051910,,LG화학,2026,,,,,,,,,,,,12.5984,,70592341.0,19803601371136.0,-5.934,74.207,-0.41,-4.52,-2.6,,1.13,77.0,43.0,60.0,50.0,2026-07-20
055550,,신한지주,2026,,,,,,,,,,,,7.6138,,470864361.0,47933990895616.0,8.635,,51.45,31.95,6.6,14.0,5.14,256.0,70.0,75.0,60.0,2026-07-20
058470,,리노공업,2026,,,,,,,,,,,,,,,,,,,,,,,,,,,2026-07-20
064350,,현대로템,2026,,,,,,,,,,,,15.2284,,109142293.0,16065745649664.0,30.621,4.15,15.38,13.28,23.9,27.2,,38.0,93.0,60.0,74.0,2026-07-20
066970,,엘앤에프,2026,,,,,,,,,,,,52.1525,,37586474.0,3142229164032.0,-76.113,252.972,15.85,-19.29,102.8,,,,28.0,35.0,70.0,2026-07-20
067310,,하나마이크론,2026,,,,,,,,,,,,,,,,,,,,,,,,,,,2026-07-20
068270,,셀트리온,2026,,,,,,,,,,,,23.3831,,229327192.0,39581873340416.0,7.255,21.702,28.11,28.38,36.0,224.3,0.85,41.0,85.0,53.0,90.0,2026-07-20
078930,,GS,2026,,,,,,,,,,,,6.978,,92895495.0,7876974215168.0,8.279,42.091,18.39,5.11,9.9,253.3,,362.0,71.0,75.0,75.0,2026-07-20
079550,,LIG디펜스앤에어로스페이스,2026,,,,,,,,,,,,32.7968,,21845250.0,15182448295936.0,20.732,99.018,14.65,6.81,28.7,69.5,,39.0,78.0,50.0,82.0,2026-07-20
086280,,현대글로비스,2026,,,,,,,,,,,,8.0416,,75000000.0,13987500523520.0,17.288,39.085,6.67,5.56,8.2,-14.5,,308.0,73.0,68.0,55.0,2026-07-20
086520,,에코프로,2026,,,,,,,,,,,,,,,,,,,,,,,,,,,2026-07-20
086790,,하나금융지주,2026,,,,,,,,,,,,6.717,,268277251.0,35788184092672.0,9.097,,64.5,29.09,25.7,11.4,4.79,335.0,70.0,75.0,67.0,2026-07-20
086900,,메디톡스,2026,,,,,,,,,,,,,,,,,,,,,,,,,,,2026-07-20
089030,,테크윙,2026,,,,,,,,,,,,,,,,,,,,,,,,,,,2026-07-20
090360,,로보스타,2026,,,,,,,,,,,,,,,,,,,,,,,,,,,2026-07-20
095340,,ISC,2026,,,,,,,,,,,,,,,,,,,,,,,,,,,2026-07-20
096770,,SK이노베이션,2026,,,,,,,,,,,,19.541,,168224300.0,19796185841664.0,-10.496,108.0,8.6,-2.58,15.2,,,184.0,38.0,53.0,62.0,2026-07-20
103590,,일진전기,2026,,,,,,,,,,,,20.7977,,47677269.0,2736675094528.0,21.028,37.752,9.98,5.59,10.6,56.7,,84.0,81.0,53.0,82.0,2026-07-20
105560,,KB금융,2026,,,,,,,,,,,,8.1455,,351106111.0,59266710896640.0,9.991,,60.71,36.58,15.2,16.8,0.74,254.0,70.0,68.0,67.0,2026-07-20
108320,,LX세미콘,2026,,,,,,,,,,,,7.7252,,16264300.0,603405549568.0,4.409,3.416,5.3,3.12,-18.4,-75.3,,382.0,68.0,75.0,23.0,2026-07-20
108490,,로보티즈,2026,,,,,,,,,,,,,,,,,,,,,,,,,,,2026-07-20
121600,,나노신소재,2026,,,,,,,,,,,,,,,,,,,,,,,,,,,2026-07-20
128940,,한미약품,2026,,,,,,,,,,,,24.5097,,12680214.0,4717039583232.0,14.087,28.291,11.64,11.13,0.5,6.7,,52.0,85.0,53.0,60.0,2026-07-20
131970,,두산테스나,2026,,,,,,,,,,,,,,,,,,,,,,,,,,,2026-07-20
138040,,메리츠금융지주,2026,,,,,,,,,,,,5.9412,,164774172.0,18619482243072.0,21.181,,33.42,12.99,-0.7,-3.7,,103.0,85.0,75.0,50.0,2026-07-20
145020,,휴젤,2026,,,,,,,,,,,,,,,,,,,,,,,,,,,2026-07-20
196170,,알테오젠,2026,,,,,,,,,,,,,,,,,,,,,,,,,,,2026-07-20
207940,,삼성바이오로직스,2026,,,,,,,,,,,,26.93,,46290951.0,62261330706432.0,18.25,15.077,46.2,39.01,25.8,25.1,2.0,,92.0,50.0,74.0,2026-07-20
214150,,클래시스,2026,,,,,,,,,,,,,,,,,,,,,,,,,,,2026-07-20
214450,,파마리서치,2026,,,,,,,,,,,,,,,,,,,,,,,,,,,2026-07-20
222800,,심텍,2026,,,,,,,,,,,,,,,,,,,,,,,,,,,2026-07-20
240810,,원익IPS,2026,,,,,,,,,,,,,,,,,,,,,,,,,,,2026-07-20
247540,,에코프로비엠,2026,,,,,,,,,,,,,,,,,,,,,,,,,,,2026-07-20
259960,,크래프톤,2026,,,,,,,,,,,,8.9593,,45097144.0,10034114199552.0,11.96,7.752,40.95,22.95,56.9,43.0,,93.0,85.0,68.0,82.0,2026-07-20
267260,,HD현대일렉트릭,2026,,,,,,,,,,,,28.6874,,35992704.0,27066512703488.0,43.762,12.441,24.92,19.18,2.2,35.0,,105.0,100.0,50.0,67.0,2026-07-20
272210,,한화시스템,2026,,,,,,,,,,,,40.1161,,186993261.0,11425288290304.0,2.244,39.355,4.25,4.22,17.0,,,76.0,61.0,35.0,62.0,2026-07-20
277810,,레인보우로보틱스,2026,,,,,,,,,,,,,,,,,,,,,,,,,,,2026-07-20
278280,,천보,2026,,,,,,,,,,,,,,,,,,,,,,,,,,,2026-07-20
278470,,에이피알,2026,,,,,,,,,,,,21.5758,,37438155.0,13777241112576.0,83.787,21.454,24.53,19.25,123.0,132.9,,130.0,100.0,53.0,90.0,2026-07-20
293490,,카카오게임즈,2026,,,,,,,,,,,,,,,,,,,,,,,,,,,2026-07-20
298040,,효성중공업,2026,,,,,,,,,,,,28.1333,,9311741.0,23642509410304.0,21.082,27.2,9.87,8.08,26.2,-14.6,,27.0,88.0,50.0,62.0,2026-07-20
326030,,SK바이오팜,2026,,,,,,,,,,,,17.8128,,78313250.0,6014457348096.0,44.156,5.362,39.39,44.14,57.8,350.7,,,100.0,60.0,90.0,2026-07-20
329180,,HD현대중공업,2026,,,,,,,,,,,,19.0533,,104932774.0,47062351609856.0,24.551,6.612,15.3,9.68,54.8,130.3,,160.0,93.0,53.0,90.0,2026-07-20
352820,,하이브,2026,,,,,,,,,,,,21.0379,,42563911.0,8640474382336.0,-12.962,27.278,-28.15,-16.01,39.5,,,24.0,38.0,53.0,70.0,2026-07-20
353200,,대덕전자,2026,,,,,,,,,,,,28.7798,,49416925.0,6217551839232.0,11.178,1.045,14.81,8.26,60.8,,,36.0,78.0,50.0,70.0,2026-07-20
373220,,LG에너지솔루션,2026,,,,,,,,,,,,44.8285,,234000000.0,74294998597632.0,-3.562,82.504,-3.17,-6.82,-2.5,,7.45,,35.0,35.0,50.0,2026-07-20
375500,,DL이앤씨,2026,,,,,,,,,,,,6.3785,,37555670.0,2408823914496.0,9.727,20.178,8.85,6.83,-4.6,419.4,,148.0,73.0,75.0,70.0,2026-07-20
402340,,SK스퀘어,2026,,,,,,,,,,,,3.565,,131808487.0,155138597584896.0,54.386,0.326,96.12,91.56,318.8,420.1,,13.0,100.0,75.0,90.0,2026-07-20
403870,,HPSP,2026,,,,,,,,,,,,,,,,,,,,,,,,,,,2026-07-20
454910,,두산로보틱스,2026,,,,,,,,,,,,-498.8961,,64819980.0,4005874892800.0,-15.044,9.792,-78.91,-128.49,189.7,,,,38.0,75.0,70.0,2026-07-20
KOSDAQ,,KOSDAQ,2026,,,,,,,,,,,,,,,,,,,,,,,,,,,2026-07-20
0KOSPI,,0KOSPI,2026,,,,,,,,,,,,,,,,,,,,,,,,,,,2026-07-20
000100,00145109,,2024,2067791451854.0,54880319609.0,55163455235.0,2150670010559.0,791378826075.0,2942048836634.0,1360261256866.0,619136487792.0,2010025816397.0,,,,,,,2.56,36.8,2.65,2.67,,,,,50.4,58.4,50.0,2026-06-22 16:43:45
000100,00145109,,2023,1858983759666.0,56759795062.0,134031517424.0,2101732643463.0,712337878463.0,2814070521926.0,1256459307871.0,583192369256.0,1975441131674.0,,,,,,,6.38,33.89,3.05,7.21,,,,,56.9,61.7,50.0,2026-06-22 16:43:45
000270,00106641,,2024,107448752000000.0,12667139000000.0,9775005000000.0,55840309000000.0,36915565000000.0,92755874000000.0,41797457000000.0,26977376000000.0,50241096000000.0,,,,,,,17.51,66.11,11.79,9.1,,,,,75.8,67.4,50.0,2026-06-22 16:43:45
000270,00106641,,2023,99808420000000.0,11607873000000.0,8777817000000.0,46558235000000.0,34069591000000.0,80627826000000.0,37466302000000.0,25674105000000.0,43270759000000.0,,,,,,,18.85,73.18,11.63,8.79,,,,,76.6,67.8,50.0,2026-06-22 16:43:45
000660,00164779,,2024,66192960000000.0,23467319000000.0,19796902000000.0,73915704000000.0,45939505000000.0,119855209000000.0,42278887000000.0,24965444000000.0,65418061000000.0,,,,,,,26.78,62.15,35.45,29.91,,,,,95.7,73.8,50.0,2026-06-22 16:43:45
000660,00164779,,2023,32765719000000.0,-7730313000000.0,-9137547000000.0,53503752000000.0,46826413000000.0,100330165000000.0,30468100000000.0,21007810000000.0,46729313000000.0,,,,,,,-17.08,87.52,-23.59,-27.89,,,,,26.9,51.2,50.0,2026-06-22 16:43:45
000720,00164478,,2024,32670268000000.0,-1263420000000.0,-766221000000.0,9669413000000.0,17335972000000.0,27005385000000.0,21100663000000.0,14663775000000.0,6130230000000.0,,,,,,,-7.92,179.29,-3.87,-2.35,,,,,20.0,42.1,50.0,2026-06-22 16:43:45
000720,00164478,,2023,29651357000000.0,785430000000.0,654281000000.0,10455515000000.0,13258980000000.0,23714495000000.0,18613430000000.0,10356647000000.0,6420220000000.0,,,,,,,6.26,126.81,2.65,2.21,,,,,42.5,52.3,50.0,2026-06-22 16:43:45
000810,00139214,,2024,,2649596688033.0,2076797712983.0,15602214746140.0,71667277794649.0,87269492540789.0,,,13670369710657.0,,,,,,,13.31,459.34,,,,,,,40.0,50.6,50.0,2026-06-22 16:43:45
000810,00139214,,2023,,2357283417485.0,1821614343047.0,16144398281437.0,68874631707984.0,85019029989421.0,,,12279177676114.0,,,,,,,11.28,426.62,,,,,,,36.9,49.0,50.0,2026-06-22 16:43:45
000990,00160843,,2024,1131167709804.0,190838683363.0,229385888355.0,2000688804317.0,396162364261.0,2396851168578.0,1194370198832.0,316866668877.0,1763434867503.0,,,,,,,11.47,19.8,16.87,20.28,,,,,77.7,67.2,50.0,2026-06-22 16:43:45
000990,00160843,,2023,1154223638940.0,265437456373.0,264149250979.0,1740082437747.0,303296256385.0,2043378694132.0,1027982955095.0,220150412233.0,1563260865279.0,,,,,,,15.18,17.43,23.0,22.89,,,,,85.2,70.4,50.0,2026-06-22 16:43:45
001440,00113207,,2024,3291299375000.0,115169757000.0,74190402000.0,1496112472000.0,1146613736000.0,2642726208000.0,1775776357000.0,920138410000.0,385165158000.0,,,,,,,4.96,76.64,3.5,2.25,,,,,48.7,56.3,50.0,2026-06-22 16:43:45
001440,00113207,,2023,2843980012000.0,79823888000.0,71872998000.0,953285756000.0,925279344000.0,1878565100000.0,1265741722000.0,682343719000.0,316750354000.0,,,,,,,7.54,97.06,2.81,2.53,,,,,49.0,56.3,50.0,2026-06-22 16:43:45
003490,00113526,,2024,17870718495804.0,2110200077994.0,1381858075058.0,10963191867177.0,36048874072912.0,47012065940089.0,11616873056353.0,16973485891743.0,3485552013166.0,,,,,,,12.6,328.82,11.81,7.73,,,,,48.3,50.1,50.0,2026-06-22 16:43:45
003490,00113526,,2023,16111796106147.0,1790089190805.0,1129105735756.0,9815208241633.0,20576567788023.0,30391776029656.0,8595169639226.0,9409864309283.0,2591941106956.0,,,,,,,11.5,209.64,11.11,7.01,,,,,46.1,49.2,50.0,2026-06-22 16:43:45
003550,00120021,,2024,7175505000000.0,966842000000.0,790478000000.0,28132633000000.0,3506640000000.0,31639273000000.0,5064132000000.0,2244807000000.0,21325453000000.0,,,,,,,2.81,12.46,13.47,11.02,,,,,63.1,61.0,50.0,2026-06-22 16:43:45
003550,00120021,,2023,7445336000000.0,1589013000000.0,1414258000000.0,27016489000000.0,3236596000000.0,30253085000000.0,5199470000000.0,1937107000000.0,21301106000000.0,,,,,,,5.23,11.98,21.34,19.0,,,,,71.0,63.0,50.0,2026-06-22 16:43:45
003620,00138242,,2024,3905069387798.0,1432909587.0,33844431596.0,1420542693233.0,1683909503308.0,3104452196541.0,1171965568545.0,1017426980564.0,-1140344839464.0,,,,,,,2.38,118.54,0.04,0.87,,,,,35.8,50.0,50.0,2026-06-22 16:43:45
003620,00138242,,2023,3736368968570.0,12547597407.0,8924265072.0,1082699001177.0,1552700998060.0,2635399999237.0,1139590789969.0,885732879270.0,-1145361123546.0,,,,,,,0.82,143.41,0.34,0.24,,,,,30.0,46.3,50.0,2026-06-22 16:43:45
003670,00155276,,2024,3699944235821.0,721245866.0,-231338259262.0,3320505865578.0,4611953968440.0,7932459834018.0,2112748442946.0,1570069945473.0,760851116900.0,,,,,,,-6.97,138.89,0.02,-6.25,,,,,29.2,46.1,50.0,2026-06-22 16:43:45
003670,00155276,,2023,4759871486264.0,35882185999.0,4435219953.0,2611465990083.0,3723127307788.0,6334593297871.0,2411881410829.0,1396407813025.0,998453747373.0,,,,,,,0.17,142.57,0.75,0.09,,,,,29.5,45.9,50.0,2026-06-22 16:43:45
004020,00145880,,2024,23226141091217.0,159492008580.0,8814214272.0,19333565136259.0,15410222889378.0,34743788025637.0,11459924503844.0,7699051534479.0,13400002431370.0,,,,,,,0.05,79.71,0.69,0.04,,,,,38.7,52.1,50.0,2026-06-22 16:43:45
004020,00145880,,2023,25914760456167.0,798325068073.0,442983461011.0,19496000328022.0,15722841602022.0,35218841930044.0,11953568810846.0,7984156916980.0,13639305563613.0,,,,,,,2.27,80.65,3.08,1.71,,,,,43.8,53.8,50.0,2026-06-22 16:43:45
005070,00129989,,2024,569728589077.0,25002358115.0,17647535995.0,495532641195.0,289009302755.0,784541943950.0,288406338978.0,270240677905.0,98589082898.0,,,,,,,3.56,58.32,4.39,3.1,,,,,50.1,57.0,50.0,2026-06-22 16:43:45
005070,00129989,,2023,629578773085.0,32324547766.0,27036287901.0,478782330149.0,193891013679.0,672673343828.0,295505274305.0,161698738718.0,81678800409.0,,,,,,,5.65,40.5,5.13,4.29,,,,,56.5,60.5,50.0,2026-06-22 16:43:45
005380,00164742,,2024,175231153000000.0,14239592000000.0,13229908000000.0,120275933000000.0,219522496000000.0,339798429000000.0,115764287000000.0,79509643000000.0,96595668000000.0,,,,,,,11.0,182.52,8.13,7.55,,,,,45.6,50.5,50.0,2026-06-22 16:43:45
005380,00164742,,2023,162663579000000.0,15126901000000.0,12272301000000.0,101809440000000.0,180653915000000.0,282463355000000.0,101724717000000.0,73362103000000.0,88665805000000.0,,,,,,,12.05,177.44,9.3,7.54,,,,,48.9,51.9,50.0,2026-06-22 16:43:45
005490,00155319,,2024,72688143160111.0,2173573272904.0,947580322052.0,61450367919684.0,41953831078121.0,103404198997805.0,44029923444233.0,22779718796788.0,53658367884319.0,,,,,,,1.54,68.27,2.99,1.3,,,,,44.5,54.4,50.0,2026-06-22 16:43:45
005490,00155319,,2023,77127197108585.0,3531422506439.0,1845849532200.0,59663897393468.0,41281496791611.0,100945394185079.0,46212298543978.0,21861518075074.0,53857514269524.0,,,,,,,3.09,69.19,4.58,2.39,,,,,47.9,55.6,50.0,2026-06-22 16:43:45
005930,00126380,,2024,300870903000000.0,32725961000000.0,34451351000000.0,402192070000000.0,112339878000000.0,514531948000000.0,227062266000000.0,93326299000000.0,370513188000000.0,,,,,,,8.57,27.93,10.88,11.45,,,,,67.4,64.1,50.0,2026-06-22 16:43:45
005930,00126380,,2023,258935494000000.0,6566976000000.0,15487100000000.0,363677865000000.0,92228115000000.0,455905980000000.0,195936557000000.0,75719452000000.0,346652238000000.0,,,,,,,4.26,25.36,2.54,5.98,,,,,54.6,60.9,50.0,2026-06-22 16:43:45
006260,00105952,,2024,27544663000000.0,1072943000000.0,391515000000.0,6881153000000.0,13646786000000.0,20527939000000.0,12938266000000.0,10546216000000.0,4477330000000.0,,,,,,,5.69,198.32,3.9,1.42,,,,,31.9,44.7,50.0,2026-06-22 16:43:45
006260,00105952,,2023,24480743000000.0,899674000000.0,570596000000.0,6750601000000.0,11495353000000.0,18245954000000.0,11617591000000.0,8631564000000.0,4320823000000.0,,,,,,,8.45,170.29,3.68,2.33,,,,,40.1,49.7,50.0,2026-06-22 16:43:45
006340,00260392,,2024,552777321378.0,14338544095.0,6794390393.0,113845590709.0,113147385668.0,226992976377.0,167968538290.0,89009008719.0,61133271725.0,,,,,,,5.97,99.39,2.59,1.23,,,,,46.1,54.8,50.0,2026-06-22 16:43:45
006340,00260392,,2023,515401908392.0,13130113478.0,9612692059.0,100324043905.0,134547618320.0,234871662225.0,191351571521.0,122508949574.0,56611447468.0,,,,,,,9.58,134.11,2.55,1.87,,,,,46.3,54.3,50.0,2026-06-22 16:43:45
006360,00120030,,2024,12863811468386.0,285954335787.0,263924031753.0,5087123959443.0,12716169965113.0,17803293924556.0,8666549605548.0,9031905115658.0,3266496166354.0,,,,,,,5.19,249.97,2.22,2.05,,,,,29.6,44.2,50.0,2026-06-22 16:43:45
006360,00120030,,2023,13436684904471.0,-387945401071.0,-419500544880.0,4885159860812.0,12822138677201.0,17707298538013.0,9482031400336.0,8796223078467.0,3046354212471.0,,,,,,,-8.59,262.47,-2.89,-3.12,,,,,17.7,40.0,50.0,2026-06-22 16:43:45
006400,00126362,,2024,16592248884388.0,363304463263.0,575512415979.0,21567237112527.0,19030107423830.0,40597344536357.0,10334312926481.0,10855694147360.0,12779917889808.0,,,,,,,2.67,88.24,2.19,3.47,,,,,42.5,53.3,50.0,2026-06-22 16:43:45
006400,00126362,,2023,22708300498633.0,1633368964768.0,2066046562201.0,19907249977522.0,14131610215445.0,34038860192967.0,9187029193265.0,8518933137070.0,12335665245892.0,,,,,,,10.38,70.99,7.19,9.1,,,,,60.7,61.2,50.0,2026-06-22 16:43:45
007660,00107613,,2024,836866961285.0,101878836049.0,74034111779.0,327526708412.0,462609658014.0,790136366426.0,522697354400.0,377363096552.0,172267493486.0,,,,,,,22.6,141.24,12.17,8.85,,,,,72.5,64.0,50.0,2026-06-22 16:43:45
007660,00107613,,2023,675332755709.0,62169058401.0,47723051484.0,266778163292.0,359658155215.0,626436318507.0,383628200131.0,290513985554.0,114366332352.0,,,,,,,17.89,134.82,9.21,7.07,,,,,64.0,60.8,50.0,2026-06-22 16:43:45
009150,00126371,,2024,10294102976435.0,735005856995.0,703215637082.0,9015854031770.0,3776548889114.0,12792402920884.0,5891746488305.0,3056860858021.0,2524929947839.0,,,,,,,7.8,41.89,7.14,6.83,,,,,61.1,62.1,50.0,2026-06-22 16:43:45
009150,00126371,,2023,8909448483915.0,639423737120.0,450482125173.0,8030324975448.0,3627546626400.0,11657871601848.0,5208418321146.0,2900459629423.0,2030411122731.0,,,,,,,5.61,45.17,7.18,5.06,,,,,57.4,60.0,50.0,2026-06-22 16:43:45
009540,00164830,,2024,25538577356000.0,1434090492000.0,1454580111000.0,14155813204000.0,22563324218000.0,36719137422000.0,20431356435000.0,19325058391000.0,15083879465000.0,,,,,,,10.28,159.39,5.62,5.7,,,,,46.0,52.3,50.0,2026-06-22 16:43:45
009540,00164830,,2023,21296205574000.0,282260719000.0,144930284000.0,12370102932000.0,19872465252000.0,32242568184000.0,17735127271000.0,17497867505000.0,14374459760000.0,,,,,,,1.17,160.65,1.33,0.68,,,,,28.7,44.9,50.0,2026-06-22 16:43:45
010120,00105855,,2024,4551837252467.0,389717122317.0,242237998768.0,1890092083448.0,2595105380936.0,4485197464384.0,3052191652183.0,1846349798510.0,1743475249718.0,,,,,,,12.82,137.3,8.56,5.32,,,,,55.5,56.5,50.0,2026-06-22 16:43:45
010120,00105855,,2023,4230482628448.0,324877723039.0,207672688149.0,1724042303163.0,2008849631067.0,3732891934230.0,2605193022178.0,1448676924745.0,1596891858077.0,,,,,,,12.05,116.52,7.68,4.91,,,,,56.7,58.0,50.0,2026-06-22 16:43:45
010130,00102858,,2024,12052918410249.0,723472208523.0,194781564506.0,7595427776993.0,7196894404555.0,14792322181548.0,7567074179254.0,6366334342627.0,7600981483812.0,,,,,,,2.56,94.75,6.0,1.62,,,,,44.4,52.6,50.0,2026-06-22 16:43:45
010130,00102858,,2023,9704521343024.0,659935424598.0,533378688122.0,9642002868870.0,2404068442780.0,12046071311650.0,5571656932735.0,1902819300929.0,7843381808493.0,,,,,,,5.53,24.93,6.8,5.5,,,,,60.0,61.9,50.0,2026-06-22 16:43:45
010140,00126478,,2024,9903077919464.0,502698683088.0,53877228765.0,3749451105353.0,13445186022785.0,17194637128138.0,9369985101261.0,12029241642640.0,-2136027131480.0,,,,,,,1.44,358.59,5.08,0.54,,,,,26.2,41.2,50.0,2026-06-22 16:43:45
010140,00126478,,2023,8009429912108.0,233344768042.0,-155556375770.0,3409207598067.0,12184181554327.0,15593389152394.0,9245491743301.0,11231917003443.0,-2168677854589.0,,,,,,,-4.56,357.39,2.91,-1.94,,,,,22.3,40.0,50.0,2026-06-22 16:43:45
010950,00138279,,2024,36637031000000.0,422177000000.0,-193042000000.0,8695647000000.0,15755786000000.0,24451433000000.0,10048039000000.0,11656683000000.0,7030470000000.0,,,,,,,-2.22,181.19,1.15,-0.53,,,,,23.7,41.9,50.0,2026-06-22 16:43:45
010950,00138279,,2023,35726694000000.0,1354582000000.0,948848000000.0,9037565000000.0,12538558000000.0,21576123000000.0,9647760000000.0,9254520000000.0,7379599000000.0,,,,,,,10.5,138.74,3.79,2.66,,,,,48.0,54.5,50.0,2026-06-22 16:43:45
011070,00105961,,2024,21200755000000.0,706043000000.0,449274000000.0,5353865000000.0,6024347000000.0,11378212000000.0,5853122000000.0,3954861000000.0,3868154000000.0,,,,,,,8.39,112.52,3.33,2.12,,,,,48.4,55.5,50.0,2026-06-22 16:43:45
011070,00105961,,2023,20605290000000.0,830824000000.0,565201000000.0,4714575000000.0,6489731000000.0,11204306000000.0,5349008000000.0,4219145000000.0,3413560000000.0,,,,,,,11.99,137.65,4.03,2.74,,,,,50.6,55.8,50.0,2026-06-22 16:43:45
011200,00164645,,2024,11700224000000.0,3512847000000.0,3782129000000.0,27855544000000.0,5993018000000.0,33848562000000.0,17996844000000.0,2357189000000.0,14114764000000.0,,,,,,,13.58,21.51,30.02,32.33,,,,,82.1,68.7,50.0,2026-06-22 16:43:45
011200,00164645,,2023,8400969000000.0,584770000000.0,968692000000.0,21440813000000.0,4272550000000.0,25713363000000.0,13179709000000.0,2001371000000.0,10889054000000.0,,,,,,,4.52,19.93,6.96,11.53,,,,,59.4,61.6,50.0,2026-06-22 16:43:45
012330,00164788,,2024,57236995000000.0,3073456000000.0,4060161000000.0,46118232000000.0,20478673000000.0,66596905000000.0,28424073000000.0,12745182000000.0,42911192000000.0,,,,,,,8.8,44.4,5.37,7.09,,,,,60.8,62.6,50.0,2026-06-22 16:43:45
012330,00164788,,2023,59254361000000.0,2295284000000.0,3423309000000.0,40655299000000.0,17930546000000.0,58585845000000.0,25565154000000.0,12052826000000.0,39639529000000.0,,,,,,,8.42,44.1,3.87,5.78,,,,,59.1,62.3,50.0,2026-06-22 16:43:45
012450,00126566,,2024,11240121484118.0,1731878825342.0,2539873460538.0,11364316747310.0,31972556938163.0,43336873685473.0,22867968340831.0,25516144577239.0,4746520391010.0,,,,,,,22.35,281.34,15.41,22.6,,,,,65.9,57.9,50.0,2026-06-22 16:43:45
012450,00126566,,2023,9359005981309.0,691114682400.0,976918345793.0,4684225317909.0,14858674607799.0,19542899925708.0,9192041562885.0,12076597878814.0,2627417653580.0,,,,,,,20.86,317.21,7.38,10.44,,,,,57.2,56.7,50.0,2026-06-22 16:43:45
015760,00159193,,2024,93398896000000.0,8364710000000.0,3621968000000.0,41362833000000.0,205444962000000.0,246807795000000.0,29255205000000.0,63968789000000.0,20128247000000.0,,,,,,,8.76,496.69,8.96,3.88,,,,,40.3,47.0,50.0,2026-06-22 16:43:45
015760,00159193,,2023,88219461000000.0,-4541648000000.0,-4716144000000.0,37264750000000.0,202450215000000.0,239714965000000.0,29536215000000.0,61248421000000.0,16338262000000.0,,,,,,,-12.66,543.28,-5.15,-5.35,,,,,15.9,40.0,50.0,2026-06-22 16:43:45
017670,00159023,,2024,17940609000000.0,1823409000000.0,1387095000000.0,11827634000000.0,18687621000000.0,30515255000000.0,7476682000000.0,9224278000000.0,22976127000000.0,,,,,,,11.73,158.0,10.16,7.73,,,,,52.0,53.6,50.0,2026-06-22 16:43:45
017670,00159023,,2023,17608511000000.0,1753204000000.0,1145937000000.0,12228399000000.0,17890828000000.0,30119227000000.0,6585602000000.0,6993980000000.0,22799981000000.0,,,,,,,9.37,146.31,9.96,6.51,,,,,50.1,52.9,50.0,2026-06-22 16:43:45
018260,00126186,,2024,13828232033800.0,911096907001.0,789501325293.0,9705449479475.0,3532880772221.0,13238330251696.0,9003786950710.0,2495408581399.0,7995006036046.0,,,,,,,8.13,36.4,6.59,5.71,,,,,62.0,62.9,50.0,2026-06-22 16:43:45
018260,00126186,,2023,13276844204872.0,808230946594.0,701325761022.0,8975571141939.0,3345453419084.0,12321024561023.0,8160300292307.0,2391861435547.0,7446854656437.0,,,,,,,7.81,37.27,6.09,5.28,,,,,61.0,62.5,50.0,2026-06-22 16:43:45
028670,00122737,,2024,5161218000000.0,471180000000.0,268143000000.0,5653383000000.0,4618123000000.0,10271506000000.0,2021806000000.0,1276861000000.0,1859636000000.0,,,,,,,4.74,81.69,9.13,5.2,,,,,52.2,55.6,50.0,2026-06-22 16:43:45
028670,00122737,,2023,4360982000000.0,385854000000.0,245041000000.0,4713351000000.0,3140595000000.0,7853946000000.0,1757323000000.0,1294029000000.0,1638233000000.0,,,,,,,5.2,66.63,8.85,5.62,,,,,54.9,57.5,50.0,2026-06-22 16:43:45
030200,00190321,,2024,26431204000000.0,809471000000.0,417094000000.0,17996549000000.0,23883408000000.0,41879957000000.0,14251937000000.0,13874734000000.0,13779776000000.0,,,,,,,2.32,132.71,3.06,1.58,,,,,36.0,48.6,50.0,2026-06-22 16:43:45
030200,00190321,,2023,26376273000000.0,1649774000000.0,988718000000.0,18561137000000.0,24148845000000.0,42709982000000.0,14518157000000.0,13147409000000.0,14494430000000.0,,,,,,,5.33,130.1,6.25,3.75,,,,,43.5,51.3,50.0,2026-06-22 16:43:45
032640,00231363,,2024,14625198000000.0,863130000000.0,314602000000.0,8768379000000.0,10939351000000.0,19707730000000.0,5263896000000.0,5116288000000.0,5203953000000.0,,,,,,,3.59,124.76,5.9,2.15,,,,,41.4,50.4,50.0,2026-06-22 16:43:45
032640,00231363,,2023,14372626000000.0,998031000000.0,630241000000.0,8756785000000.0,11343820000000.0,20100605000000.0,4964158000000.0,5606861000000.0,5167580000000.0,,,,,,,7.2,129.54,6.94,4.39,,,,,46.9,52.8,50.0,2026-06-22 16:43:45
032830,00126256,,2024,,2499751000000.0,2260255000000.0,32737931000000.0,279480913000000.0,312218844000000.0,,,19419956000000.0,,,,,,,6.9,853.69,,,,,,,30.4,45.5,50.0,2026-06-22 16:43:45
032830,00126256,,2023,,2398377000000.0,2033709000000.0,44337441000000.0,270317609000000.0,314655050000000.0,,,17978086000000.0,,,,,,,4.59,609.68,,,,,,,26.9,43.7,50.0,2026-06-22 16:43:45
034020,00159616,,2024,16233055000000.0,1017600000000.0,394689000000.0,11661092000000.0,14653743000000.0,26314835000000.0,10049022000000.0,8945820000000.0,1394448000000.0,,,,,,,3.38,125.66,6.27,2.43,,,,,41.2,50.1,50.0,2026-06-22 16:43:45
034020,00159616,,2023,17589887709510.0,1467318338124.0,517521903042.0,10841508936525.0,13799325009099.0,24640833945624.0,9641568243182.0,9596749583047.0,1184531890516.0,,,,,,,4.77,127.28,8.34,2.94,,,,,44.7,51.1,50.0,2026-06-22 16:43:45
034730,00181712,,2024,124690439000000.0,2355290000000.0,528810000000.0,80287536000000.0,134690218000000.0,214977754000000.0,67462864000000.0,71532821000000.0,11881908000000.0,,,,,,,0.66,167.76,1.89,0.42,,,,,27.3,43.8,50.0,2026-06-22 16:43:45
034730,00181712,,2023,131237878000000.0,5056378000000.0,-406387000000.0,77879050000000.0,129091214000000.0,206970264000000.0,64834622000000.0,65353291000000.0,13668066000000.0,,,,,,,-0.52,165.76,3.85,-0.31,,,,,28.2,43.4,50.0,2026-06-22 16:43:45
035420,00266961,,2024,10737719264647.0,1979263438827.0,1931976372953.0,27000911848337.0,11166964187683.0,38167876036020.0,9374912034828.0,6092160669672.0,25964961560851.0,,,,,,,7.16,41.36,18.43,17.99,,,,,69.3,61.6,50.0,2026-06-22 16:43:45
035420,00266961,,2023,9670643576585.0,1488820269608.0,985017762493.0,24237998815553.0,11499828148842.0,35737826964395.0,7028076457880.0,6305568632198.0,24544359050688.0,,,,,,,4.06,47.45,15.4,10.19,,,,,61.3,58.5,50.0,2026-06-22 16:43:45
035720,00258801,,2024,7871692199887.0,460212161525.0,-161870567171.0,13942894159737.0,11830134144725.0,25773028304462.0,10958808525169.0,8632656976873.0,1943498463402.0,,,,,,,-1.16,84.85,5.85,-2.06,,,,,42.0,51.5,50.0,2026-06-22 16:43:45
035720,00258801,,2023,7557001757272.0,460857845673.0,-1816669011014.0,13858599224126.0,11321369715195.0,25179968939321.0,8943259940386.0,6766752561041.0,1922136928615.0,,,,,,,-13.11,81.69,6.1,-24.04,,,,,42.6,51.8,50.0,2026-06-22 16:43:45
035900,00258689,,2024,601787883332.0,128262269240.0,97714913917.0,482881501386.0,195900558505.0,678782059891.0,362268599891.0,174828773094.0,389528327045.0,,,,,,,20.24,40.57,21.31,16.24,,,,,89.3,72.1,50.0,2026-06-22 16:43:45
035900,00258689,,2023,566500542871.0,169443909949.0,105016740741.0,398042670936.0,173490775206.0,571533446142.0,368755808500.0,154345051751.0,310800033061.0,,,,,,,26.38,43.59,29.91,18.54,,,,,98.0,75.6,50.0,2026-06-22 16:43:45
036930,00252135,,2024,409393371588.0,97196211588.0,106814110967.0,566590299600.0,420234495676.0,986824795276.0,398129947454.0,191704927851.0,421753870306.0,,,,,,,18.85,74.17,23.74,26.09,,,,,82.1,67.7,50.0,2026-06-22 16:43:45
036930,00252135,,2023,284745246660.0,28937462812.0,34000802285.0,514747817845.0,290513573540.0,805261391385.0,239031396471.0,61548330782.0,335192985694.0,,,,,,,6.61,56.44,10.16,11.94,,,,,59.6,59.6,50.0,2026-06-22 16:43:45
039030,00246417,,2024,320945496298.0,31201085341.0,42670270031.0,603031420844.0,49983890382.0,653015311226.0,445645616892.0,48106248426.0,523774882424.0,,,,,,,7.08,8.29,9.72,13.3,,,,,67.2,64.8,50.0,2026-06-22 16:43:45
039030,00246417,,2023,316384019477.0,28334755251.0,36393252840.0,562459514548.0,49219483901.0,611678998449.0,429338086912.0,47021471576.0,486374900936.0,,,,,,,6.47,8.75,8.96,11.5,,,,,65.6,64.3,50.0,2026-06-22 16:43:45
039440,00298340,,2024,334022337411.0,27287364136.0,27141396314.0,260790332315.0,107975821028.0,368766153343.0,260644211882.0,106626163332.0,191043632293.0,,,,,,,10.41,41.4,8.17,8.13,,,,,65.9,64.2,50.0,2026-06-22 16:43:45
039440,00298340,,2023,319462564774.0,23946351563.0,24075406070.0,237680507026.0,78523176264.0,316203683290.0,217026789134.0,77929175202.0,167601666617.0,,,,,,,10.13,33.04,7.5,7.54,,,,,66.2,64.8,50.0,2026-06-22 16:43:45
041510,00260930,,2024,989725343114.0,87296655446.0,818849820.0,829079862089.0,590028281693.0,1419108143782.0,814044282096.0,484572824709.0,319853541285.0,,,,,,,0.1,71.17,8.82,0.08,,,,,46.5,53.0,50.0,2026-06-22 16:43:45
041510,00260930,,2023,961069716545.0,113463014394.0,82683480181.0,909398072974.0,631575864424.0,1540973937398.0,858315612315.0,519297109950.0,365353916780.0,,,,,,,9.09,69.45,11.81,8.6,,,,,62.7,60.3,50.0,2026-06-22 16:43:45
042660,00111704,,2024,10776004933627.0,237876379317.0,528212898147.0,4863349890725.0,12980459270570.0,17843809161295.0,11246034307660.0,10346614469478.0,236448278992.0,,,,,,,10.86,266.9,2.21,4.9,,,,,38.1,48.7,50.0,2026-06-22 16:43:45
042660,00111704,,2023,7408312265643.0,-196498300366.0,160043854483.0,4312157120697.0,9632615571697.0,13944772692394.0,9217523943523.0,7459444078866.0,-2868157127311.0,,,,,,,3.71,223.38,-2.65,2.16,,,,,23.4,43.0,50.0,2026-06-22 16:43:45
042700,00161383,,2024,558917191547.0,255391604854.0,152614498001.0,540887863389.0,169984503289.0,710872366678.0,407791209288.0,160040613379.0,610049963397.0,,,,,,,28.22,31.43,45.69,27.31,,,,,100.0,76.9,50.0,2026-06-22 16:43:45
042700,00161383,,2023,159008528366.0,34571410992.0,267167515858.0,571898625127.0,151940478614.0,723839103741.0,319391328603.0,105009650585.0,532248974169.0,,,,,,,46.72,26.57,21.74,168.02,,,,,100.0,77.3,50.0,2026-06-22 16:43:45
047810,00309503,,2024,3633742105840.0,240718310400.0,170895410977.0,1727176882121.0,6298361527272.0,8025538409393.0,5439008063568.0,4914742846130.0,1111014146545.0,,,,,,,9.89,364.66,6.62,4.7,,,,,40.1,47.9,50.0,2026-06-22 16:43:45
047810,00309503,,2023,3819344382446.0,247510483155.0,221401119895.0,1619940517277.0,5519636411444.0,7139576928721.0,4680966964634.0,4400307820313.0,1002625836715.0,,,,,,,13.67,340.73,6.48,5.8,,,,,45.7,50.9,50.0,2026-06-22 16:43:45
051910,00356361,,2024,48916104000000.0,916798000000.0,515011000000.0,47995463000000.0,45862299000000.0,93857762000000.0,27815627000000.0,21085717000000.0,18592174000000.0,,,,,,,1.07,95.56,1.87,1.05,,,,,38.8,51.3,50.0,2026-06-22 16:43:45
051910,00356361,,2023,55249785000000.0,2529196000000.0,2053425000000.0,40938185000000.0,36528509000000.0,77466694000000.0,28859296000000.0,18390839000000.0,19650632000000.0,,,,,,,5.02,89.23,4.58,3.72,,,,,47.8,55.1,50.0,2026-06-22 16:43:45
055550,00382199,,2024,,6458670000000.0,4558170000000.0,58821033000000.0,680943223000000.0,739764256000000.0,,,39020580000000.0,,,,,,,7.75,1157.65,,,,,,,31.6,46.2,50.0,2026-06-22 16:43:45
055550,00382199,,2023,,6100850000000.0,4478000000000.0,56321865000000.0,635473468000000.0,691795333000000.0,,,36387314000000.0,,,,,,,7.95,1128.29,,,,,,,31.9,46.4,50.0,2026-06-22 16:43:45
058470,00369657,,2024,278186189427.0,124201343872.0,113279046428.0,622629112163.0,34814668593.0,657443780756.0,449498090730.0,30614692642.0,611759633069.0,,,,,,,18.19,5.59,44.65,40.72,,,,,91.4,74.0,50.0,2026-06-22 16:43:45
058470,00369657,,2023,255573034656.0,114378400291.0,110923015440.0,557074198066.0,25795267228.0,582869465294.0,372372898847.0,23110842940.0,546204718972.0,,,,,,,19.91,4.63,44.75,43.4,,,,,94.2,75.5,50.0,2026-06-22 16:43:45
064350,00302926,,2024,4376597857000.0,456565534000.0,405259414000.0,2009085189000.0,3276309551000.0,5285394740000.0,3686316730000.0,3019853718000.0,688613752000.0,,,,,,,20.17,163.07,10.43,9.26,,,,,64.1,59.8,50.0,2026-06-22 16:43:45
064350,00302926,,2023,3587382453000.0,210046594000.0,156778978000.0,1646976156000.0,3594508619000.0,5241484775000.0,3690167249000.0,3204670379000.0,317176751000.0,,,,,,,9.52,218.25,5.86,4.37,,,,,39.0,47.6,50.0,2026-06-22 16:43:45
066970,00398701,,2024,1907478512809.0,-558685355192.0,-380729239417.0,723347931361.0,2076483586372.0,2799831517733.0,1089837750806.0,1552202559623.0,-22707262796.0,,,,,,,-52.63,287.07,-29.29,-19.96,,,,,10.0,40.0,50.0,2026-06-22 16:43:45
066970,00398701,,2023,4644090367589.0,-222296651919.0,-194922089742.0,1109988603801.0,2241456006787.0,3351444610588.0,1969480525059.0,1747319185275.0,357864909593.0,,,,,,,-17.56,201.94,-4.79,-4.2,,,,,16.2,40.0,50.0,2026-06-22 16:43:45
067310,00445054,,2024,1250692575645.0,106792878899.0,-11157290055.0,605829084189.0,1338819768429.0,1944648852618.0,615552798363.0,620248022180.0,32042843524.0,,,,,,,-1.84,220.99,8.54,-0.89,,,,,26.8,40.0,50.0,2026-06-22 16:43:45
067310,00445054,,2023,967971484717.0,57904676214.0,963094987.0,544387369437.0,1180702762437.0,1725090131874.0,431596263534.0,644682194150.0,60218387021.0,,,,,,,0.18,216.89,5.98,0.1,,,,,25.1,40.1,50.0,2026-06-22 16:43:45
068270,00413046,,2024,3557303554371.0,492015534847.0,418883310404.0,17580062368691.0,3475160069015.0,21055222437706.0,5584129149603.0,3187120605915.0,3744280141368.0,,,,,,,2.38,19.77,13.83,11.78,,,,,61.7,59.9,50.0,2026-06-22 16:43:45
068270,00413046,,2023,2176431531380.0,651481422157.0,539706505110.0,17125794307235.0,2791739989934.0,19917534297169.0,5009357806990.0,2470579210688.0,3963573529273.0,,,,,,,3.15,16.3,29.93,24.8,,,,,67.3,60.9,50.0,2026-06-22 16:43:45
078930,00500254,,2024,25297467000000.0,3060163000000.0,863517000000.0,18470356000000.0,16593042000000.0,35063398000000.0,5706980000000.0,6060442000000.0,14458597000000.0,,,,,,,4.68,89.84,12.1,3.41,,,,,53.2,54.8,50.0,2026-06-22 16:43:45
078930,00500254,,2023,25978494000000.0,3721802000000.0,1578711000000.0,17625195000000.0,16823230000000.0,34448425000000.0,5982341000000.0,6573930000000.0,14147282000000.0,,,,,,,8.96,95.45,14.33,6.08,,,,,60.6,57.6,50.0,2026-06-22 16:43:45
079550,00503668,,2024,3276339508425.0,229779392271.0,216648719554.0,1237435235062.0,4887829418155.0,6125264653217.0,3894568274428.0,4616518043951.0,907139560022.0,,,,,,,17.51,395.0,7.01,6.61,,,,,51.9,54.0,50.0,2026-06-22 16:43:45
079550,00503668,,2023,2308571092877.0,186378438940.0,174962143119.0,1052359009288.0,2763399823997.0,3815758833285.0,2535880560459.0,2650650421124.0,727926949100.0,,,,,,,16.63,262.59,8.07,7.58,,,,,51.4,53.3,50.0,2026-06-22 16:43:45
086280,00360595,,2024,28407374301315.0,1752867442226.0,1099486986046.0,8809364261941.0,8039781176784.0,16849145438725.0,9861432178173.0,5310609012498.0,8359165908836.0,,,,,,,12.48,91.26,6.17,3.87,,,,,60.0,60.9,50.0,2026-06-22 16:43:45
086280,00360595,,2023,25683197164064.0,1554032510087.0,1070090664293.0,7783923620253.0,6941096283685.0,14725019903938.0,8771518130998.0,4467588471380.0,7512974461311.0,,,,,,,13.75,89.17,6.05,4.17,,,,,62.1,62.1,50.0,2026-06-22 16:43:45
086520,00536541,,2024,3127853158129.0,-293038698088.0,-295367033134.0,3838462173266.0,4299802389265.0,8138264562531.0,2654323460355.0,2184548910738.0,748427832494.0,,,,,,,-7.69,112.02,-9.37,-9.44,,,,,25.7,48.8,50.0,2026-06-22 16:43:45
086520,00536541,,2023,7260200345722.0,298172334242.0,135268663790.0,3486135726801.0,4070843048271.0,7556978775072.0,3977045752111.0,2743576237480.0,457815317407.0,,,,,,,3.88,116.77,4.11,1.86,,,,,41.6,51.4,50.0,2026-06-22 16:43:45
086790,00547583,,2024,,4855182000000.0,3768529000000.0,43576927000000.0,594270586000000.0,637847513000000.0,,,27640143000000.0,,,,,,,8.65,1363.73,,,,,,,33.0,46.9,50.0,2026-06-22 16:43:45
086790,00547583,,2023,,4693407000000.0,3468356000000.0,40181717000000.0,551744278000000.0,591925995000000.0,,,25126145000000.0,,,,,,,8.63,1373.12,,,,,,,32.9,46.9,50.0,2026-06-22 16:43:45
086900,00580199,,2024,228621969000.0,20348723000.0,16073771000.0,470784826000.0,144377993000.0,615162819000.0,186568195000.0,117552959000.0,425210592000.0,,,,,,,3.41,30.67,8.9,7.03,,,,,57.6,59.7,50.0,2026-06-22 16:43:45
086900,00580199,,2023,221120682597.0,17322328805.0,9689821433.0,474482206410.0,137140514991.0,611622721401.0,166232131380.0,126556432404.0,406664596953.0,,,,,,,2.04,28.9,7.83,4.38,,,,,55.0,58.7,50.0,2026-06-22 16:43:45
089030,00535676,,2024,185507171034.0,23411077264.0,-21970453220.0,188303434692.0,317917190961.0,506220625653.0,156076110331.0,218505563731.0,146226836993.0,,,,,,,-11.67,168.83,12.62,-11.84,,,,,34.8,43.1,50.0,2026-06-22 16:43:45
089030,00535676,,2023,133604260260.0,3160487054.0,-11097331447.0,215586935429.0,270300485244.0,485887420673.0,143794835264.0,139213885144.0,172490179998.0,,,,,,,-5.15,125.38,2.37,-8.31,,,,,33.1,47.5,50.0,2026-06-22 16:43:45
090360,00536523,,2024,89140364461.0,148546186.0,2217180980.0,91989903584.0,20606274061.0,112596177645.0,75791860679.0,20362069432.0,28322964350.0,,,,,,,2.41,22.4,0.17,2.49,,,,,50.4,59.7,50.0,2026-06-22 16:43:45
090360,00536523,,2023,102679156147.0,1135968686.0,693544237.0,89949938518.0,25980999097.0,115930937615.0,74275605027.0,25746737092.0,26343431693.0,,,,,,,0.77,28.88,1.11,0.68,,,,,47.7,57.7,50.0,2026-06-22 16:43:45
095340,00572905,,2024,174480093980.0,44784268057.0,54898977342.0,523141601304.0,59741369182.0,582882970486.0,405104881247.0,52271209748.0,222040652982.0,,,,,,,10.49,11.42,25.67,31.46,,,,,79.0,67.2,50.0,2026-06-22 16:43:45
095340,00572905,,2023,140221939908.0,10736706776.0,13583247114.0,473452647667.0,68360512034.0,541813159701.0,361800586509.0,58252321706.0,173300467714.0,,,,,,,2.87,14.44,7.66,9.69,,,,,58.3,60.9,50.0,2026-06-22 16:43:45
096770,00631518,,2024,74716970174000.0,315488338000.0,-2372482956000.0,39648908994000.0,70881188555000.0,110530097549000.0,36318431920000.0,37725576071000.0,8231276686000.0,,,,,,,-5.98,178.77,0.42,-3.18,,,,,23.5,42.1,50.0,2026-06-22 16:43:45
096770,00631518,,2023,77288485864000.0,1903886320000.0,554894277000.0,30019967513000.0,50815545738000.0,80835513251000.0,33279589404000.0,29399178862000.0,11252835251000.0,,,,,,,1.85,169.27,2.46,0.72,,,,,29.4,44.6,50.0,2026-06-22 16:43:45
103590,00683469,,2024,1577247371000.0,79742010000.0,,500309704000.0,748728568000.0,1249038272000.0,702238015000.0,606533501000.0,232430107000.0,,,,,,,,149.65,5.06,,,,,,46.6,45.0,50.0,2026-06-22 16:43:45
103590,00683469,,2023,1246731647188.0,60756520579.0,,371142176219.0,557745967855.0,928888144074.0,433757560045.0,384892900350.0,197135778768.0,,,,,,,,150.28,4.87,,,,,,46.4,45.0,50.0,2026-06-22 16:43:45
105560,00688996,,2024,,8045261000000.0,5028606000000.0,59815181000000.0,698030351000000.0,757845532000000.0,,,34808220000000.0,,,,,,,8.41,1166.98,,,,,,,32.6,46.7,50.0,2026-06-22 16:43:45
105560,00688996,,2023,,6435319000000.0,4563431000000.0,58873310000000.0,656864842000000.0,715738152000000.0,,,32029199000000.0,,,,,,,7.75,1115.73,,,,,,,31.6,46.2,50.0,2026-06-22 16:43:45
108320,00525934,,2024,1865621538499.0,167076803816.0,130509153930.0,1079586526506.0,420215422354.0,1499801948860.0,1124302602321.0,351838480250.0,994959607809.0,,,,,,,12.09,38.92,8.96,7.0,,,,,69.5,65.8,50.0,2026-06-22 16:43:45
108320,00525934,,2023,1901444975029.0,129035656339.0,101203533006.0,976763737232.0,228301207505.0,1205064944737.0,902885508054.0,207337013241.0,893361335387.0,,,,,,,10.36,23.37,6.79,5.32,,,,,67.5,66.0,50.0,2026-06-22 16:43:45
108490,00946030,,2024,30038231053.0,-2973503944.0,-3038577530.0,96006772289.0,4239672714.0,100246445003.0,53196902516.0,3851569684.0,12527678432.0,,,,,,,-3.16,4.42,-9.9,-10.12,,,,,41.4,59.6,50.0,2026-06-22 16:43:45
108490,00946030,,2023,29127949488.0,-5298796747.0,-1299719460.0,95840881737.0,19154455762.0,114995337499.0,81163877545.0,18766996278.0,15669663631.0,,,,,,,-1.36,19.99,-18.19,-4.46,,,,,37.0,58.0,50.0,2026-06-22 16:43:45
121600,00439965,,2024,87767284001.0,2987662289.0,-1853023018.0,244175095854.0,198041577200.0,442216673054.0,303805189900.0,10390185097.0,83455131491.0,,,,,,,-0.76,81.11,3.4,-2.11,,,,,40.6,51.9,50.0,2026-06-22 16:43:45
121600,00439965,,2023,83170197743.0,11892080207.0,16774215500.0,239501924329.0,190539608600.0,430041532929.0,332260551629.0,18434810362.0,89809480605.0,,,,,,,7.0,79.56,14.3,20.17,,,,,60.0,57.6,50.0,2026-06-22 16:43:45
128940,00828497,,2024,1495501575568.0,216186188006.0,140431062099.0,1240751591638.0,780088902015.0,2020840493653.0,746306484262.0,682758544357.0,680887990617.0,,,,,,,11.32,62.87,14.46,9.39,,,,,69.1,62.8,50.0,2026-06-22 16:43:45
128940,00828497,,2023,1490887463726.0,220691065020.0,165366177835.0,1100210644155.0,798457731813.0,1898668375968.0,730623667543.0,704762991483.0,581978729520.0,,,,,,,15.03,72.57,14.8,11.09,,,,,73.5,64.8,50.0,2026-06-22 16:43:45
131970,00563545,,2024,373117930000.0,37923282000.0,36781312000.0,437666508000.0,350030052000.0,787696560000.0,113602076000.0,183136544000.0,292945481000.0,,,,,,,8.4,79.98,10.16,9.86,,,,,58.7,58.7,50.0,2026-06-22 16:43:45
131970,00563545,,2023,338652254525.0,60778799323.0,49077381672.0,403637414864.0,359477895356.0,763115310220.0,125288352988.0,139355059870.0,258800204537.0,,,,,,,12.16,89.06,17.95,14.49,,,,,69.2,60.8,50.0,2026-06-22 16:43:45
138040,00860332,,2024,46574506350960.0,3188889251285.0,2333433638351.0,10930036028008.0,104648211084850.0,115578247112858.0,,,8790694338024.0,,,,,,,21.35,957.44,6.85,5.01,,,,,57.5,57.1,50.0,2026-06-22 16:43:45
138040,00860332,,2023,58558358469900.0,2933502360678.0,2125376583433.0,10097185065931.0,92138657614258.0,102235842680189.0,,,7610654308103.0,,,,,,,21.05,912.52,5.01,3.63,,,,,55.6,56.8,50.0,2026-06-22 16:43:45
145020,00888347,,2024,373046885998.0,166229170618.0,143134582847.0,840812000743.0,98627325098.0,939439325841.0,522925414568.0,61079734078.0,1070537840537.0,,,,,,,17.02,11.73,44.56,38.37,,,,,88.8,72.4,50.0,2026-06-22 16:43:45
145020,00888347,,2023,319699941151.0,117781785955.0,97660299628.0,779678035474.0,149572606527.0,929250642001.0,567772402738.0,57425431475.0,936330800646.0,,,,,,,12.53,19.18,36.84,30.55,,,,,80.9,68.1,50.0,2026-06-22 16:43:45
196170,00989619,,2024,102854620800.0,25403990856.0,60690355931.0,274091061091.0,134920913122.0,409011974213.0,211784660785.0,129185745943.0,76871953333.0,,,,,,,22.14,49.22,24.7,59.01,,,,,90.8,72.8,50.0,2026-06-22 16:43:45
196170,00989619,,2023,96522928887.0,-9736838487.0,-3582208686.0,147841734336.0,108258260247.0,256099994583.0,144075802572.0,100415323198.0,14619634335.0,,,,,,,-2.42,73.23,-10.09,-3.71,,,,,30.9,52.7,50.0,2026-06-22 16:43:45
207940,00877059,,2024,4547322176421.0,1320052380133.0,1083315885986.0,10904676062018.0,6431620287493.0,17336296349511.0,5518117814577.0,3853188425809.0,5086608620197.0,,,,,,,9.93,58.98,29.03,23.82,,,,,71.0,62.0,50.0,2026-06-22 16:43:45
207940,00877059,,2023,3694588767068.0,1113680009715.0,857691298384.0,9830492412345.0,6215704796851.0,16046197209196.0,5521987756539.0,4157860817418.0,4003292734211.0,,,,,,,8.72,63.23,30.14,23.21,,,,,68.6,60.7,50.0,2026-06-22 16:43:45
214150,01061327,,2024,242938965374.0,122442594301.0,97543753801.0,452643914758.0,155734894073.0,608378808831.0,234201823223.0,128903651305.0,336059467641.0,,,,,,,21.55,34.41,50.4,40.15,,,,,92.2,73.8,50.0,2026-06-22 16:43:45
214150,01061327,,2023,180122798016.0,89622382063.0,74225203196.0,283500499663.0,91942522091.0,375443021754.0,185737483070.0,29246386638.0,270984078034.0,,,,,,,26.18,32.43,49.76,41.21,,,,,99.4,76.8,50.0,2026-06-22 16:43:45
214450,00970453,,2024,350115068641.0,126050757121.0,88943035620.0,569440798163.0,286260118189.0,855700916352.0,554541963954.0,82817556411.0,343061463412.0,,,,,,,15.62,50.27,36.0,25.4,,,,,80.9,67.5,50.0,2026-06-22 16:43:45
214450,00970453,,2023,261010910564.0,92257786628.0,77264652455.0,462194597084.0,73086592473.0,535281189557.0,256465270267.0,65899494138.0,260787363807.0,,,,,,,16.72,15.81,35.35,29.6,,,,,87.7,71.8,50.0,2026-06-22 16:43:45
222800,01095722,,2024,1231421381070.0,-46969220820.0,-31044704373.0,448475401000.0,994803895879.0,1443279296879.0,509727948750.0,780155095194.0,298623366588.0,,,,,,,-6.92,221.82,-3.81,-2.52,,,,,17.0,40.0,50.0,2026-06-22 16:43:45
222800,01095722,,2023,1041895724977.0,-88124119458.0,-115143871777.0,470437819665.0,705622729689.0,1176060549354.0,280223052607.0,488445096807.0,337766875297.0,,,,,,,-24.48,149.99,-8.46,-11.05,,,,,20.7,45.0,50.0,2026-06-22 16:43:45
240810,01135941,,2024,748176487524.0,10641636214.0,20748346848.0,887460172581.0,236686893210.0,1124147065791.0,645135490548.0,228970241659.0,514504153630.0,,,,,,,2.34,26.67,1.42,2.77,,,,,50.6,59.2,50.0,2026-06-22 16:43:45
240810,01135941,,2023,690337586778.0,-18074991250.0,-13507700947.0,866702595508.0,218160246280.0,1084862841788.0,587550843984.0,209555443957.0,494184153909.0,,,,,,,-1.56,25.17,-2.62,-1.96,,,,,44.1,57.5,50.0,2026-06-22 16:43:45
247540,01160363,,2024,2766837750152.0,-34109364109.0,-58508991346.0,1977019769174.0,2346640328950.0,4323660098124.0,1377994380074.0,1297207589056.0,275409232154.0,,,,,,,-2.96,118.7,-1.23,-2.11,,,,,31.2,48.1,50.0,2026-06-22 16:43:45
247540,01160363,,2023,6900867843535.0,156029935394.0,54685871623.0,1599392286411.0,2762382311340.0,4361774597751.0,2443491616196.0,2131306763902.0,375341057003.0,,,,,,,3.42,172.71,2.26,0.79,,,,,31.0,45.5,50.0,2026-06-22 16:43:45
259960,00760971,,2024,2709774106588.0,1182487684188.0,1302592653712.0,6829131602227.0,1090331965788.0,7919463568015.0,5004427032417.0,784829947760.0,5081464676060.0,,,,,,,19.07,15.97,43.64,48.07,,,,,91.2,73.7,50.0,2026-06-22 16:43:45
259960,00760971,,2023,1910576180288.0,768045608970.0,594060314352.0,5558820261031.0,881636358567.0,6440456619598.0,3964417087694.0,520690696023.0,3894954771671.0,,,,,,,10.69,15.86,40.2,31.09,,,,,78.7,67.0,50.0,2026-06-22 16:43:45
267260,01205851,,2024,3322349007529.0,668970713547.0,498409535389.0,1507517124598.0,2288027971862.0,3795545096460.0,2763740978393.0,2001078594202.0,815876343990.0,,,,,,,33.06,151.77,20.14,15.0,,,,,82.2,64.8,50.0,2026-06-22 16:43:45
267260,01205851,,2023,2702799337370.0,315218290721.0,259455508262.0,1057030326170.0,1853129751520.0,2910160077690.0,1972953333108.0,1497428721709.0,396620702346.0,,,,,,,24.55,175.31,11.66,9.6,,,,,69.9,62.1,50.0,2026-06-22 16:43:45
272210,00339391,,2024,2803686058274.0,219345297682.0,445378843124.0,2416416895456.0,3307593220262.0,5724010115718.0,2286147317733.0,2677051475212.0,589291868217.0,,,,,,,18.43,136.88,7.82,15.89,,,,,63.4,61.1,50.0,2026-06-22 16:43:45
272210,00339391,,2023,2453079541922.0,92870721114.0,343083288939.0,2154126164004.0,2329084660742.0,4483210824746.0,1890139661377.0,1951414761805.0,212472263052.0,,,,,,,15.93,108.12,3.79,13.99,,,,,60.7,61.9,50.0,2026-06-22 16:43:45
277810,01261644,,2024,19346780087.0,-2978979764.0,,132751303410.0,7129702269.0,139881005679.0,113965181694.0,5788485094.0,-5908002188.0,,,,,,,,5.37,-15.4,,,,,,54.2,59.5,50.0,2026-06-22 16:43:45
277810,01261644,,2023,15258134872.0,-44589778382.0,-842680471.0,130656200153.0,1955287162.0,132611487315.0,121223137827.0,1035402952.0,-7837731636.0,,,,,,,-0.64,1.5,-292.24,-5.52,,,,,39.8,59.9,50.0,2026-06-22 16:43:45
278280,00897752,,2024,144912632914.0,-22751764756.0,-32319407781.0,414905026173.0,592946027624.0,1007851053797.0,247445272389.0,489821657202.0,143997043356.0,,,,,,,-7.79,142.91,-15.7,-22.3,,,,,18.6,45.7,50.0,2026-06-22 16:43:45
278280,00897752,,2023,182697745919.0,-8044807665.0,-45466112224.0,350528760483.0,583161645145.0,933690405628.0,281863280572.0,233399463468.0,171950030627.0,,,,,,,-12.97,166.37,-4.4,-24.89,,,,,21.5,43.4,50.0,2026-06-22 16:43:45
278470,01190568,,2024,722753862301.0,122705544449.0,107590435967.0,323524073990.0,241619489197.0,565143563187.0,286027445388.0,145136758580.0,229092205925.0,,,,,,,33.26,74.68,16.98,14.89,,,,,92.4,72.5,50.0,2026-06-22 16:43:45
278470,01190568,,2023,523809364559.0,104193724865.0,81546050952.0,196948868778.0,90360619465.0,287309488243.0,219307995672.0,82296421377.0,123704427689.0,,,,,,,41.4,45.88,19.89,15.57,,,,,98.1,75.4,50.0,2026-06-22 16:43:45
293490,01137383,,2024,627227484059.0,19148863191.0,-128088854882.0,1478357269717.0,1694881787634.0,3173239057351.0,1069083664606.0,1199409097707.0,188098036230.0,,,,,,,-8.66,114.65,3.05,-20.42,,,,,35.2,48.5,50.0,2026-06-22 16:43:45
293490,01137383,,2023,1025085964285.0,74516883006.0,-322405861214.0,1625527793504.0,1845488692378.0,3471016485882.0,1020759793411.0,710111348746.0,277393323535.0,,,,,,,-19.83,113.53,7.27,-31.45,,,,,38.8,48.6,50.0,2026-06-22 16:43:45
298040,01316245,,2024,4894979612220.0,362479487133.0,222929444192.0,2055618494514.0,4163194426688.0,6218812921202.0,3036422654447.0,3092775159627.0,353099108919.0,,,,,,,10.84,202.53,7.41,4.55,,,,,42.2,48.7,50.0,2026-06-22 16:43:45
298040,01316245,,2023,4300571503251.0,257836947601.0,131922316419.0,1224159409651.0,3537140808779.0,4761300218430.0,2351430099777.0,2811484808084.0,175547848189.0,,,,,,,10.78,288.94,6.0,3.07,,,,,41.0,48.6,50.0,2026-06-22 16:43:45
326030,00878696,,2024,547596283214.0,96339659521.0,226973435375.0,573984249312.0,462826530311.0,1036810779623.0,651371301562.0,396276252761.0,-621531523416.0,,,,,,,39.54,80.63,17.59,41.45,,,,,92.0,71.9,50.0,2026-06-22 16:43:45
326030,00878696,,2023,354891555524.0,-37522197049.0,-35379488498.0,320951194568.0,402219382621.0,723170577189.0,488722241295.0,241618588520.0,-861560729006.0,,,,,,,-11.02,125.32,-10.57,-9.97,,,,,22.7,47.5,50.0,2026-06-22 16:43:45
329180,01390344,,2024,14486453544000.0,705223483000.0,621509420000.0,5704448501000.0,13686498249000.0,19390946750000.0,10403121877000.0,11796215796000.0,1288341189000.0,,,,,,,10.9,239.93,4.87,4.29,,,,,40.2,48.7,50.0,2026-06-22 16:43:45
329180,01390344,,2023,11963925991000.0,178639965000.0,24689214000.0,5207440310000.0,11926177799000.0,17133618109000.0,8799684121000.0,9945027489000.0,772843969000.0,,,,,,,0.47,229.02,1.49,0.21,,,,,21.9,40.4,50.0,2026-06-22 16:43:45
352820,01204056,,2024,2255648536000.0,184045287000.0,-3431847000.0,3513778658000.0,1965408202000.0,5479186860000.0,1787698519000.0,830931772000.0,1400600116000.0,,,,,,,-0.1,55.93,8.16,-0.15,,,,,48.1,54.4,50.0,2026-06-22 16:43:45
352820,01204056,,2023,2178088207000.0,295643307000.0,183449559000.0,3109914968000.0,2235766519000.0,5345681487000.0,1888752497000.0,1772168712000.0,1420376781000.0,,,,,,,5.9,71.89,13.57,8.42,,,,,58.9,57.5,50.0,2026-06-22 16:43:45
353200,01478712,,2024,892135903752.0,11259489061.0,23762727122.0,875513939249.0,213209811638.0,1088723750887.0,465866345845.0,159688137695.0,24674718487.0,,,,,,,2.71,24.35,1.26,2.66,,,,,51.4,59.7,50.0,2026-06-22 16:43:45
353200,01478712,,2023,909651486895.0,23732043885.0,25377820749.0,868336080497.0,259199449761.0,1127535530258.0,433050450649.0,176728997546.0,37368065649.0,,,,,,,2.92,29.85,2.61,2.79,,,,,52.0,59.4,50.0,2026-06-22 16:43:45
373220,01515323,,2024,25619585000000.0,575387000000.0,338602000000.0,30966543000000.0,29340248000000.0,60306791000000.0,15327395000000.0,12054922000000.0,1397211000000.0,,,,,,,1.09,94.75,2.25,1.32,,,,,39.2,51.4,50.0,2026-06-22 16:43:45
373220,01515323,,2023,33745470000000.0,2163234000000.0,1637985000000.0,24373509000000.0,21063635000000.0,45437144000000.0,17208396000000.0,10937185000000.0,2364496000000.0,,,,,,,6.72,86.42,6.41,4.85,,,,,52.2,56.7,50.0,2026-06-22 16:43:45
375500,01524093,,2024,8318442435057.0,270944859542.0,229223745163.0,4845710111118.0,4866692108869.0,9712402219987.0,6005539219289.0,3854535631268.0,1076158962835.0,,,,,,,4.73,100.43,3.26,2.76,,,,,44.6,53.7,50.0,2026-06-22 16:43:45
375500,01524093,,2023,7991063616680.0,330659390232.0,202169475522.0,4768781215299.0,4575277542881.0,9344058758180.0,5782745971638.0,3748597999373.0,990488915347.0,,,,,,,4.24,95.94,4.14,2.53,,,,,45.3,53.8,50.0,2026-06-22 16:43:45
402340,01596425,,2024,1906611000000.0,3912583000000.0,3650515000000.0,19585415000000.0,2335636000000.0,21921051000000.0,2702773000000.0,1396345000000.0,3908275000000.0,,,,,,,18.64,11.93,205.21,191.47,,,,,91.2,73.7,50.0,2026-06-22 16:43:45
402340,01596425,,2023,2276508000000.0,-2339698000000.0,-1314834000000.0,15816517000000.0,2153491000000.0,17970008000000.0,2288523000000.0,1380605000000.0,320369000000.0,,,,,,,-8.31,13.62,-102.78,-57.76,,,,,38.0,58.6,50.0,2026-06-22 16:43:45
403870,01288827,,2024,,93945693775.0,86280231062.0,277910828155.0,41985505352.0,319896333507.0,237711760468.0,40960057034.0,253432828213.0,,,,,,,31.05,15.11,,,,,,,87.7,78.5,50.0,2026-06-22 16:43:45
403870,01288827,,2023,179086660832.0,95206074427.0,80432402487.0,277080288653.0,43607317988.0,320687606641.0,275836046536.0,41554582599.0,174755293581.0,,,,,,,29.03,15.74,53.16,44.91,,,,,100.0,78.4,50.0,2026-06-22 16:43:45
454910,01105153,,2024,46829943837.0,-41202116246.0,-36560851475.0,402501180228.0,19189791718.0,421690971946.0,342028598622.0,15446451719.0,-136709021061.0,,,,,,,-9.08,4.77,-87.98,-78.07,,,,,39.3,59.5,50.0,2026-06-22 16:43:45
454910,01105153,,2023,53038372299.0,-19167549522.0,-15873538546.0,438808093399.0,17613986323.0,456422079722.0,426104997914.0,13352660263.0,-98756840949.0,,,,,,,-3.62,4.01,-36.14,-29.93,,,,,39.4,59.6,50.0,2026-06-22 16:43:45
018880,00161125,,2024,9998723268169.0,95537353794.0,-358595798106.0,2998738468366.0,7621513909130.0,10620252377496.0,4439022125072.0,5033806802743.0,1701525876344.0,,,,,,,-11.96,254.16,0.96,-3.59,,,,,20.8,40.0,50.0,2026-06-29 09:54:18
018880,00161125,,2023,9559328248400.0,277278601609.0,58886775463.0,2508486580608.0,6735917853522.0,9244404434130.0,3696903747606.0,3576141197593.0,2103103495994.0,,,,,,,2.35,268.53,2.9,0.62,,,,,25.8,41.9,50.0,2026-06-29 09:54:18
018880,,한온시스템,2026,,,,,,,,,,,,14.5293,,1026251342.0,3473860722688.0,-3.005,92.25,3.54,-0.98,5.0,,,,38.0,60.0,55.0,2026-07-20
133690,,133690,2026,,,,,,,,,,,,,,,,,,,,,,,,,,,2026-07-20
360750,,360750,2026,,,,,,,,,,,,,,,,,,,,,,,,,,,2026-07-20
381180,,381180,2026,,,,,,,,,,,,,,,,,,,,,,,,,,,2026-07-20
458730,,458730,2026,,,,,,,,,,,,,,,,,,,,,,,,,,,2026-07-20
000100,00145109,,2025,2186637586358.0,104374493823.0,185318996567.0,2362284335746.0,858641498243.0,3220925833989.0,1511630227301.0,733553439318.0,2188471830336.0,,,,,,,7.84,36.35,4.77,8.48,,,,,60.1,62.6,50.0,2026-07-20 09:36:34
000270,00106641,,2025,114140919000000.0,9078148000000.0,7554174000000.0,61190464000000.0,37788591000000.0,98979055000000.0,44425929000000.0,28378332000000.0,54519590000000.0,,,,,,,12.35,61.76,7.95,6.62,,,,,65.6,63.7,50.0,2026-07-20 09:36:34
000660,00164779,,2025,97146675000000.0,47206319000000.0,42947902000000.0,120666751000000.0,55440908000000.0,176107659000000.0,69458073000000.0,37378999000000.0,106576548000000.0,,,,,,,35.59,45.95,48.59,44.21,,,,,98.1,75.4,50.0,2026-07-20 09:36:34
000720,00164478,,2025,31062912000000.0,653006000000.0,559068000000.0,10112865000000.0,17678843000000.0,27791708000000.0,21958006000000.0,14842910000000.0,6403339000000.0,,,,,,,5.53,174.82,2.1,1.8,,,,,33.8,46.9,50.0,2026-07-20 09:36:34
000810,00139214,,2025,,2659143002144.0,2020287132255.0,21292379956314.0,75158009988554.0,96450389944868.0,,,14643162683264.0,,,,,,,9.49,352.98,,,,,,,34.2,47.6,50.0,2026-07-20 09:36:34
000990,00160843,,2025,1397233307039.0,277294561174.0,252582440798.0,2243995457046.0,748586290599.0,2992581747645.0,1435680643640.0,579178189189.0,1926419642845.0,,,,,,,11.26,33.36,19.85,18.08,,,,,76.9,65.7,50.0,2026-07-20 09:36:34
001440,00113207,,2025,3636018215712.0,128613046536.0,89877397889.0,1632342790538.0,1860939394871.0,3493282185409.0,2422681174185.0,1683734347194.0,469671939233.0,,,,,,,5.51,114.0,3.54,2.47,,,,,44.0,53.0,50.0,2026-07-20 09:36:34
003490,00113526,,2025,25225542379502.0,1113589428051.0,647272880287.0,11459098427293.0,38946973671652.0,50406072098945.0,9709042248026.0,15081470974297.0,3949392383231.0,,,,,,,5.65,339.88,4.41,2.57,,,,,32.0,44.5,50.0,2026-07-20 09:36:34
003550,00120021,,2025,7252547000000.0,912174000000.0,1000121000000.0,30334813000000.0,3648076000000.0,33982889000000.0,5697754000000.0,2337847000000.0,21396512000000.0,,,,,,,3.3,12.03,12.58,13.79,,,,,63.2,61.4,50.0,2026-07-20 09:36:34
003620,00138242,,2025,4303636808271.0,36155571131.0,46571489864.0,1484549777823.0,1884654616602.0,3369204394425.0,1276828853305.0,1036937610386.0,-1102855367997.0,,,,,,,3.14,126.95,0.84,1.08,,,,,36.3,49.8,50.0,2026-07-20 09:36:34
003670,00155276,,2025,2938698184392.0,32827283494.0,36521891144.0,4512079082909.0,4631817432921.0,9143896515830.0,2170138457850.0,1658340777683.0,770861474563.0,,,,,,,0.81,102.65,1.12,1.24,,,,,36.7,50.4,50.0,2026-07-20 09:36:34
004020,00145880,,2025,22733237259727.0,219235156230.0,1389012026.0,19840176064055.0,14602128875438.0,34442304939493.0,11317571986110.0,7410535432859.0,13303473335216.0,,,,,,,0.01,73.6,0.96,0.01,,,,,39.7,52.6,50.0,2026-07-20 09:36:34
005070,00129989,,2025,456295847107.0,2378317974.0,-522850678.0,496843668444.0,224256681492.0,721100349936.0,187224446025.0,211337181533.0,94822101052.0,,,,,,,-0.11,45.14,0.52,-0.11,,,,,43.6,55.5,50.0,2026-07-20 09:36:34
005380,00164742,,2025,186254472000000.0,11467851000000.0,10364775000000.0,127648237000000.0,241196612000000.0,368844849000000.0,120777363000000.0,88579290000000.0,101311761000000.0,,,,,,,8.12,188.95,6.16,5.56,,,,,38.8,47.6,50.0,2026-07-20 09:36:34
005490,00155319,,2025,69094886192787.0,1827063210829.0,504403472266.0,62377691037383.0,42814746926182.0,105192437963565.0,43483869368419.0,23131653619869.0,53177472361053.0,,,,,,,0.81,68.64,2.64,0.73,,,,,43.0,53.8,50.0,2026-07-20 09:36:34
005930,00126380,,2025,333605938000000.0,43601051000000.0,45206805000000.0,436320337000000.0,130621773000000.0,566942110000000.0,247684612000000.0,106411348000000.0,402135600000000.0,,,,,,,10.36,29.94,13.07,13.55,,,,,71.5,65.3,50.0,2026-07-20 09:36:34
006260,00105952,,2025,31870031000000.0,1052554000000.0,485145000000.0,7679588000000.0,17315204000000.0,24994792000000.0,16414864000000.0,13775531000000.0,5024553000000.0,,,,,,,6.32,225.47,3.3,1.52,,,,,32.1,45.1,50.0,2026-07-20 09:36:34
006340,00260392,,2025,624542487406.0,9351244955.0,12916455490.0,152048393291.0,194400272027.0,346448665318.0,256086529987.0,146014269439.0,70349184311.0,,,,,,,8.49,127.85,1.5,2.07,,,,,44.8,54.0,50.0,2026-07-20 09:36:34
006360,00120030,,2025,12450347000000.0,437809000000.0,93423000000.0,5523557000000.0,12936285000000.0,18459842000000.0,9074153000000.0,7832139000000.0,3342093000000.0,,,,,,,1.69,234.2,3.52,0.75,,,,,25.4,41.4,50.0,2026-07-20 09:36:34
006400,00126362,,2025,13266730679499.0,-1722360788760.0,-584875358534.0,23570113159830.0,18685225421089.0,42255338580919.0,8739928568764.0,9794852795190.0,12088785935947.0,,,,,,,-2.48,79.28,-12.98,-4.41,,,,,28.1,52.1,50.0,2026-07-20 09:36:34
007660,00107613,,2025,1088025119176.0,204724531402.0,160482561697.0,756197181444.0,533312849236.0,1289510030680.0,862769924036.0,416473904433.0,325777749470.0,,,,,,,21.22,70.53,18.82,14.75,,,,,86.3,69.9,50.0,2026-07-20 09:36:34
009150,00126371,,2025,11314459238100.0,913331178557.0,730989517218.0,9797343882863.0,4798551372605.0,14595895255468.0,7097622667422.0,3819497359666.0,2782232181588.0,,,,,,,7.46,48.98,8.07,6.46,,,,,60.3,61.1,50.0,2026-07-20 09:36:34
009540,00164830,,2025,29933215227000.0,3904489578000.0,2928395265000.0,16908352832000.0,22633860456000.0,39542213288000.0,23424477841000.0,20010814307000.0,16667529658000.0,,,,,,,17.32,133.86,13.04,9.78,,,,,66.3,60.5,50.0,2026-07-20 09:36:34
010120,00105855,,2025,4965798552980.0,426407143017.0,284256733172.0,2141298852376.0,2815381465996.0,4956680318372.0,3356846142791.0,1864659912559.0,1939179544999.0,,,,,,,13.27,131.48,8.59,5.72,,,,,57.1,57.5,50.0,2026-07-20 09:36:34
010130,00102858,,2025,16587850779912.0,1231926775791.0,770249337092.0,11184217875641.0,9211501849078.0,20395719724719.0,12069316661153.0,6127539235858.0,6542819899592.0,,,,,,,6.89,82.36,7.43,4.64,,,,,53.9,57.3,50.0,2026-07-20 09:36:34
010140,00126478,,2025,10650010702818.0,862210880029.0,535753735212.0,4095039935055.0,10853831158873.0,14948871093928.0,7407076766362.0,9422232390200.0,-1602845166946.0,,,,,,,13.08,265.05,8.1,5.03,,,,,46.1,50.5,50.0,2026-07-20 09:36:34
010950,00138279,,2025,34246957000000.0,235631000000.0,176952000000.0,8887401000000.0,17669556000000.0,26556957000000.0,8615556000000.0,12210859000000.0,7221564000000.0,,,,,,,1.99,198.82,0.69,0.52,,,,,23.7,41.7,50.0,2026-07-20 09:36:34
011070,00105961,,2025,21896603000000.0,665007000000.0,341262000000.0,5763054000000.0,6167829000000.0,11930883000000.0,6778361000000.0,4507244000000.0,4191229000000.0,,,,,,,5.92,107.02,3.04,1.56,,,,,45.3,54.0,50.0,2026-07-20 09:36:34
011200,00164645,,2025,10891443000000.0,1461202000000.0,1878732000000.0,26571277000000.0,6991856000000.0,33563133000000.0,15117543000000.0,2601963000000.0,13280054000000.0,,,,,,,7.07,26.31,13.42,17.25,,,,,67.4,63.0,50.0,2026-07-20 09:36:34
012330,00164788,,2025,61118127000000.0,3357456000000.0,3664736000000.0,49212795000000.0,21187737000000.0,70400532000000.0,30366398000000.0,13057963000000.0,45224557000000.0,,,,,,,7.45,43.05,5.49,6.0,,,,,59.1,61.7,50.0,2026-07-20 09:36:34
012450,00126566,,2025,26702901249000.0,3089320181000.0,2201983086000.0,16788184672000.0,37165484932000.0,53953669604000.0,30705420001000.0,29976396731000.0,5982735731000.0,,,,,,,13.12,221.38,11.57,8.25,,,,,48.9,50.5,50.0,2026-07-20 09:36:34
015760,00159193,,2025,97429346000000.0,13490557000000.0,8666656000000.0,49322944000000.0,205604513000000.0,254927457000000.0,30715388000000.0,67107317000000.0,28500584000000.0,,,,,,,17.57,416.85,13.85,8.9,,,,,57.4,54.1,50.0,2026-07-20 09:36:34
017670,00159023,,2025,17099213000000.0,1073215000000.0,375084000000.0,12955292000000.0,17152491000000.0,30107783000000.0,6727130000000.0,6529775000000.0,22938268000000.0,,,,,,,2.9,132.4,6.28,2.19,,,,,39.5,49.1,50.0,2026-07-20 09:36:34
018260,00126186,,2025,13929868497711.0,957102744609.0,782669219514.0,10262899983419.0,3190804215776.0,13453704199195.0,9405728578305.0,2331826662742.0,8530229302596.0,,,,,,,7.63,31.09,6.87,5.62,,,,,62.3,63.0,50.0,2026-07-20 09:36:34
018880,00161125,,2025,10883728406019.0,270371633168.0,-197268294891.0,3912981016446.0,6579267399714.0,10492248416160.0,4412507003269.0,3984822273916.0,1520687875732.0,,,,,,,-5.04,168.14,2.48,-1.81,,,,,26.8,43.2,50.0,2026-07-20 09:36:34
028670,00122737,,2025,5432888000000.0,491948000000.0,301407000000.0,5723482000000.0,5130186000000.0,10853668000000.0,1854075000000.0,1366156000000.0,2096794000000.0,,,,,,,5.27,89.63,9.05,5.55,,,,,51.7,55.3,50.0,2026-07-20 09:36:34
030200,00190321,,2025,28244161000000.0,2469133000000.0,1836770000000.0,19458023000000.0,23490550000000.0,42948573000000.0,13977536000000.0,11692764000000.0,14964332000000.0,,,,,,,9.44,120.72,8.74,6.5,,,,,53.0,55.5,50.0,2026-07-20 09:36:34
032640,00231363,,2025,15451745000000.0,892131000000.0,509226000000.0,9067527000000.0,10614265000000.0,19681792000000.0,5414363000000.0,4676319000000.0,5474436000000.0,,,,,,,5.62,117.06,5.77,3.3,,,,,45.5,52.8,50.0,2026-07-20 09:36:34
032830,00126256,,2025,,2580469000000.0,2451515000000.0,64835318000000.0,285850383000000.0,350685701000000.0,,,21085481000000.0,,,,,,,3.78,440.89,,,,,,,25.7,43.0,50.0,2026-07-20 09:36:34
034020,00159616,,2025,17057876000000.0,762712000000.0,205163000000.0,12009370000000.0,15503853000000.0,27513223000000.0,10771711000000.0,10107067000000.0,1696327000000.0,,,,,,,1.71,129.1,4.47,1.2,,,,,36.8,48.5,50.0,2026-07-20 09:36:34
034730,00181712,,2025,122703338000000.0,1818476000000.0,3555246000000.0,85691335000000.0,127828333000000.0,213519668000000.0,71676598000000.0,67125293000000.0,13011427000000.0,,,,,,,4.15,149.17,1.48,2.9,,,,,35.0,48.4,50.0,2026-07-20 09:36:34
035420,00266961,,2025,12035007218975.0,2208138388720.0,1818746310015.0,28953013365595.0,12131482961723.0,41084496327318.0,10928462735839.0,8018876510291.0,27625675371074.0,,,,,,,6.28,41.9,18.35,15.11,,,,,67.8,60.8,50.0,2026-07-20 09:36:34
035720,00258801,,2025,8099147815086.0,732036535379.0,517959587282.0,15224922016050.0,12558602529761.0,27783524545811.0,12374175844165.0,8779746217432.0,2684520360647.0,,,,,,,3.4,82.49,9.04,6.4,,,,,50.0,54.5,50.0,2026-07-20 09:36:34
035900,00258689,,2025,821854634614.0,155246094076.0,160563476080.0,624947719298.0,226142470880.0,851090190178.0,496447845291.0,206243158446.0,532624244530.0,,,,,,,25.69,36.19,18.89,19.54,,,,,98.1,76.4,50.0,2026-07-20 09:36:34
036930,00252135,,2025,310692584812.0,31257811742.0,35693416702.0,590456566398.0,297436347858.0,887892914256.0,246007880650.0,68048964888.0,444596307787.0,,,,,,,6.05,50.37,10.06,11.49,,,,,59.6,59.8,50.0,2026-07-20 09:36:34
039030,00246417,,2025,380890608578.0,80753274993.0,57564773290.0,687899216493.0,89852215834.0,777751432327.0,546296543980.0,87824922520.0,604926512134.0,,,,,,,8.37,13.06,21.2,15.11,,,,,75.6,65.4,50.0,2026-07-20 09:36:34
039440,00298340,,2025,328058707879.0,19718973861.0,15417982866.0,286972864255.0,79295634591.0,366268498846.0,254436466844.0,78092687197.0,198654220879.0,,,,,,,5.37,27.63,6.01,4.7,,,,,58.7,61.5,50.0,2026-07-20 09:36:34
041510,00260930,,2025,1174934814159.0,183033876467.0,359364113602.0,1358745854879.0,648965438984.0,2007711293863.0,980488931078.0,497220002839.0,618477909583.0,,,,,,,26.45,47.76,15.58,30.59,,,,,95.0,75.2,50.0,2026-07-20 09:36:34
042660,00111704,,2025,12783512278323.0,1167590137928.0,1245921538208.0,6175006995811.0,13965907018538.0,20140914014349.0,12082155480715.0,11200499198877.0,1551926230287.0,,,,,,,20.18,226.17,9.13,9.75,,,,,57.6,56.1,50.0,2026-07-20 09:36:34
042700,00161383,,2025,576684619527.0,251390142142.0,214007548411.0,690327519537.0,123004106583.0,813331626120.0,493274637718.0,120120329892.0,639253488501.0,,,,,,,31.0,17.82,43.59,37.11,,,,,100.0,78.2,50.0,2026-07-20 09:36:34
047810,00309503,,2025,3696379351601.0,269190196660.0,187312615904.0,1897346862036.0,8472910028151.0,10370256890187.0,7595249864608.0,6351261361490.0,1235363106759.0,,,,,,,9.87,446.57,7.28,5.07,,,,,40.6,47.9,50.0,2026-07-20 09:36:34
051910,00356361,,2025,45932167000000.0,1180900000000.0,-977063000000.0,47105545000000.0,53956116000000.0,101061661000000.0,32526899000000.0,26137148000000.0,16999267000000.0,,,,,,,-2.07,114.54,2.57,-2.13,,,,,34.9,48.5,50.0,2026-07-20 09:36:34
055550,00382199,,2025,,7023357000000.0,5084519000000.0,60372324000000.0,725641161000000.0,786013485000000.0,,,41796129000000.0,,,,,,,8.42,1201.94,,,,,,,32.6,46.7,50.0,2026-07-20 09:36:34
058470,00369657,,2025,372534084608.0,176997188289.0,151960670406.0,731218952370.0,60709212955.0,791928165325.0,532616632485.0,54792158052.0,720349473276.0,,,,,,,20.78,8.3,47.51,40.79,,,,,94.9,75.8,50.0,2026-07-20 09:36:34
064350,00302926,,2025,5839031553000.0,1005640509000.0,770492199000.0,3041233616000.0,6276800158000.0,9318033774000.0,7163040505000.0,5776355182000.0,1434221631000.0,,,,,,,25.33,206.39,17.22,13.2,,,,,71.8,60.0,50.0,2026-07-20 09:36:34
066970,00398701,,2025,2154938965103.0,-156849943423.0,-534701333152.0,676823890646.0,2457280374466.0,3134104265112.0,1346612596636.0,2060463508384.0,-75803182644.0,,,,,,,-79.0,363.06,-7.28,-24.81,,,,,14.2,40.0,50.0,2026-07-20 09:36:34
067310,00445054,,2025,1534418874072.0,127689329155.0,65578519945.0,652675603467.0,1365163250751.0,2017838854218.0,700533709131.0,827150434007.0,86172610836.0,,,,,,,10.05,209.16,8.32,4.27,,,,,41.7,48.0,50.0,2026-07-20 09:36:34
068270,00413046,,2025,4162495108881.0,1168471345595.0,1031483789240.0,17352529819114.0,4982370370686.0,22334900189800.0,6205267557980.0,4453815745874.0,4407125786902.0,,,,,,,5.94,28.71,28.07,24.78,,,,,69.6,61.9,50.0,2026-07-20 09:36:34
078930,00500254,,2025,25184127000000.0,2936061000000.0,1038137000000.0,19194117000000.0,16513794000000.0,35707911000000.0,5409932000000.0,5776230000000.0,15151702000000.0,,,,,,,5.41,86.04,11.66,4.12,,,,,54.5,55.7,50.0,2026-07-20 09:36:34
079550,00503668,,2025,4306936127418.0,319442306790.0,237479536396.0,1476107505166.0,6588665379014.0,8064772884180.0,5622222859236.0,6215510761700.0,1105911811849.0,,,,,,,16.09,446.35,7.42,5.51,,,,,50.1,52.9,50.0,2026-07-20 09:36:34
086280,00360595,,2025,29566409336616.0,2073007545910.0,1734697253045.0,10388453580786.0,8198766369501.0,18587219950287.0,10338745413583.0,5158244813294.0,9826277506947.0,,,,,,,16.7,78.92,7.01,5.87,,,,,68.8,65.5,50.0,2026-07-20 09:36:34
086520,00536541,,2025,3413021590101.0,213763514884.0,-105539603168.0,4487316128905.0,5291398401591.0,9778714530496.0,3059141185222.0,3056039508054.0,587622018649.0,,,,,,,-2.35,117.92,6.26,-3.09,,,,,37.3,48.2,50.0,2026-07-20 09:36:34
086790,00547583,,2025,,5350898000000.0,4036638000000.0,45645554000000.0,628945122000000.0,674590676000000.0,,,29690875000000.0,,,,,,,8.84,1377.89,,,,,,,33.3,47.1,50.0,2026-07-20 09:36:34
086900,00580199,,2025,247290289368.0,17004372389.0,15658989552.0,454285916603.0,127471065752.0,581756982355.0,155337091596.0,104817391635.0,435868193845.0,,,,,,,3.45,28.06,6.88,6.33,,,,,56.5,60.0,50.0,2026-07-20 09:36:34
089030,00535676,,2025,159128398402.0,15837572847.0,8996126448.0,212119683580.0,421579670529.0,633699354109.0,264156995714.0,153794926293.0,148761904960.0,,,,,,,4.24,198.75,9.95,5.65,,,,,34.5,43.5,50.0,2026-07-20 09:36:34
090360,00536523,,2025,75735139041.0,-5660781243.0,-5200635442.0,86810119833.0,22332301386.0,109142421219.0,76330498769.0,22041433666.0,23125092892.0,,,,,,,-5.99,25.73,-7.47,-6.87,,,,,40.2,57.4,50.0,2026-07-20 09:36:34
095340,00572905,,2025,220194751972.0,60053887115.0,56343270511.0,537260669443.0,85159587468.0,622420256911.0,446710161792.0,82881898530.0,260800558799.0,,,,,,,10.49,15.85,27.27,25.59,,,,,78.4,66.8,50.0,2026-07-20 09:36:34
096770,00631518,,2025,80296054243000.0,448683859000.0,-5436441431000.0,36391495746000.0,69216985650000.0,105608481396000.0,42795276125000.0,41057102110000.0,4304259813000.0,,,,,,,-14.94,190.2,0.56,-6.77,,,,,21.9,41.0,50.0,2026-07-20 09:36:34
103590,00683469,,2025,2044552052000.0,151226606000.0,103889478000.0,588671403000.0,937325117000.0,1525996520000.0,967476668000.0,834541618000.0,319977184000.0,,,,,,,17.65,159.23,7.4,5.08,,,,,58.5,58.2,50.0,2026-07-20 09:36:34
105560,00688996,,2025,,8517711000000.0,5840715000000.0,60829989000000.0,737093044000000.0,797923033000000.0,,,38333741000000.0,,,,,,,9.6,1211.73,,,,,,,34.4,47.7,50.0,2026-07-20 09:36:34
108320,00525934,,2025,1639070665791.0,108856055553.0,82633081344.0,1125606564582.0,274236911903.0,1399843476485.0,1062105944395.0,240341464360.0,1041374777732.0,,,,,,,7.34,24.36,6.64,5.04,,,,,62.7,63.4,50.0,2026-07-20 09:36:34
108490,00946030,,2025,38942547006.0,3346038655.0,5303138634.0,314078968337.0,5629112400.0,319708080737.0,247812586127.0,5411950957.0,17601231580.0,,,,,,,1.69,1.79,8.59,13.62,,,,,59.1,61.2,50.0,2026-07-20 09:36:34
121600,00439965,,2025,111745369751.0,4681087390.0,1634979902.0,247341171951.0,208035014251.0,455376186202.0,310347554457.0,206824365130.0,82130404562.0,,,,,,,0.66,84.11,4.19,1.46,,,,,41.7,52.1,50.0,2026-07-20 09:36:34
128940,00828497,,2025,1547531098763.0,257799090185.0,187135533539.0,1422853222734.0,714744458123.0,2137597680857.0,893949426110.0,605201553858.0,836489101629.0,,,,,,,13.15,50.23,16.66,12.09,,,,,75.5,65.5,50.0,2026-07-20 09:36:34
131970,00563545,,2025,303874072000.0,-940826000.0,1510043000.0,437076674000.0,266698790000.0,703775464000.0,160044574000.0,116831209000.0,292216972000.0,,,,,,,0.35,61.02,-0.31,0.5,,,,,41.1,54.2,50.0,2026-07-20 09:36:34
138040,00860332,,2025,,2872733957980.0,2350134643625.0,11261208003790.0,124196775797045.0,135457983800835.0,,,9237934579505.0,,,,,,,20.87,1102.87,,,,,,,51.3,56.7,50.0,2026-07-20 09:36:34
145020,00888347,,2025,425109983561.0,200851332915.0,146974291500.0,980161908525.0,96676011599.0,1076837920124.0,679366714930.0,93048915139.0,1159931945468.0,,,,,,,14.99,9.86,47.25,34.57,,,,,86.0,71.0,50.0,2026-07-20 09:36:34
196170,00989619,,2025,215858918957.0,106900077097.0,145172981930.0,454442940148.0,244299577022.0,698742517170.0,480795147662.0,239684162427.0,218537978043.0,,,,,,,31.95,53.76,49.52,67.25,,,,,96.9,74.6,50.0,2026-07-20 09:36:34
207940,00877059,,2025,4556971695180.0,2069221266630.0,1784352060593.0,7451110647985.0,3609631328852.0,11060741976837.0,4408366515907.0,2532917332501.0,6870960680790.0,,,,,,,23.95,48.44,45.41,39.16,,,,,93.7,74.3,50.0,2026-07-20 09:36:34
214150,01061327,,2025,336819637856.0,170600874067.0,131970250448.0,551674456160.0,152975464048.0,704649920208.0,295772307395.0,80204074856.0,547533443932.0,,,,,,,23.92,27.73,50.65,39.18,,,,,96.7,76.4,50.0,2026-07-20 09:36:34
214450,00970453,,2025,536289118812.0,214395758571.0,168255434874.0,723877585619.0,320010430799.0,1043888016418.0,759541747785.0,110473363955.0,492070692938.0,,,,,,,23.24,44.21,39.98,31.37,,,,,93.2,74.2,50.0,2026-07-20 09:36:34
222800,01095722,,2025,1410559919451.0,11868602919.0,-164580357473.0,576366152429.0,1043963591400.0,1620329743829.0,725636625841.0,794474625938.0,130916662758.0,,,,,,,-28.55,181.13,0.84,-11.67,,,,,23.5,41.9,50.0,2026-07-20 09:36:34
240810,01135941,,2025,909795691103.0,73814129967.0,84028556164.0,970015555952.0,194620663488.0,1164636219440.0,699221942000.0,188109671299.0,596933071940.0,,,,,,,8.66,20.06,8.11,9.24,,,,,66.5,64.9,50.0,2026-07-20 09:36:34
247540,01160363,,2025,2531576384113.0,143309899725.0,91587534892.0,2016007934583.0,2866014511120.0,4882022445703.0,1390244218752.0,1922081128259.0,296416867939.0,,,,,,,4.54,142.16,5.66,3.62,,,,,40.0,49.4,50.0,2026-07-20 09:36:34
259960,00760971,,2025,3326553694966.0,1054380980188.0,733703643561.0,7184144206229.0,2249503836253.0,9433648042482.0,4866326456279.0,1583266779747.0,5637474831053.0,,,,,,,10.21,31.31,31.7,22.06,,,,,75.6,65.0,50.0,2026-07-20 09:36:34
267260,01205851,,2025,4079497658529.0,995313437790.0,731816191305.0,2032934924019.0,2736880469339.0,4769815393358.0,3426275170373.0,2548719075384.0,1322719258029.0,,,,,,,36.0,134.63,24.4,17.94,,,,,84.8,66.5,50.0,2026-07-20 09:36:34
272210,00339391,,2025,3664150568020.0,119898725355.0,209145275418.0,5000999101579.0,5326266452919.0,10327265554498.0,2928529633577.0,3334859793337.0,708708933966.0,,,,,,,4.18,106.5,3.27,5.71,,,,,42.9,52.7,50.0,2026-07-20 09:36:34
277810,01261644,,2025,34123110054.0,-2480266118.0,,133830651193.0,9474666430.0,143305317623.0,100289159753.0,7922767870.0,-4789812944.0,,,,,,,,7.08,-7.27,,,,,,58.1,59.3,50.0,2026-07-20 09:36:34
278280,00897752,,2025,133849589627.0,3710962944.0,-60014543541.0,467388735135.0,382156012250.0,849544747385.0,125882707064.0,320278904496.0,86332036611.0,,,,,,,-12.84,81.76,2.77,-44.84,,,,,40.0,51.8,50.0,2026-07-20 09:36:34
278470,01190568,,2025,1527344973381.0,365520628934.0,289654813287.0,445799810314.0,325937736580.0,771737546894.0,545836014029.0,238368989084.0,427251110004.0,,,,,,,64.97,73.11,23.93,18.96,,,,,94.0,72.7,50.0,2026-07-20 09:36:34
293490,01137383,,2025,465018566528.0,-39590701112.0,-143084637075.0,1197974368242.0,1478800075861.0,2676774444103.0,941159141285.0,514237530641.0,137234770119.0,,,,,,,-11.94,123.44,-8.51,-30.77,,,,,24.7,47.7,50.0,2026-07-20 09:36:34
298040,01316245,,2025,5968511616609.0,746968417289.0,502837667965.0,2489720957283.0,4738162049013.0,7227883006296.0,3738227618774.0,3561457465146.0,829390616372.0,,,,,,,20.2,190.31,12.52,8.42,,,,,61.8,57.1,50.0,2026-07-20 09:36:34
326030,00878696,,2025,706740960308.0,203938471064.0,253253847619.0,826269525829.0,372039049706.0,1198308575535.0,683228666346.0,295199737074.0,-354141961320.0,,,,,,,30.65,45.03,28.86,35.83,,,,,98.2,75.5,50.0,2026-07-20 09:36:34
329180,01390344,,2025,17580633257000.0,2037510103000.0,1415484565000.0,9341620098000.0,16821424437000.0,26163044535000.0,14980009479000.0,15332586082000.0,2393864230000.0,,,,,,,15.15,180.07,11.59,8.05,,,,,55.0,54.1,50.0,2026-07-20 09:36:34
352820,01204056,,2025,2649870246000.0,49318276000.0,-254385318000.0,3551456465000.0,1934017978000.0,5485474443000.0,2363993529000.0,734356143000.0,1154720769000.0,,,,,,,-7.16,54.46,1.86,-9.6,,,,,43.3,54.6,50.0,2026-07-20 09:36:34
353200,01478712,,2025,1065294559811.0,49061483387.0,47605327690.0,897305160164.0,280701384139.0,1178006544303.0,588417854745.0,248098651061.0,75993061844.0,,,,,,,5.31,31.28,4.61,4.47,,,,,57.0,61.1,50.0,2026-07-20 09:36:34
373220,01515323,,2025,23671759000000.0,1346120000000.0,80803000000.0,29321676000000.0,37826277000000.0,67147953000000.0,18412127000000.0,16785357000000.0,332209000000.0,,,,,,,0.28,129.0,5.69,0.34,,,,,35.6,47.3,50.0,2026-07-20 09:36:34
375500,01524093,,2025,7402425126660.0,386953267819.0,370189019489.0,5244091831162.0,4425196264818.0,9669288095980.0,5634748961558.0,3726528854254.0,1423181661542.0,,,,,,,7.06,84.38,5.23,5.0,,,,,52.1,57.2,50.0,2026-07-20 09:36:34
402340,01596425,,2025,1411521000000.0,8797421000000.0,8818695000000.0,27983163000000.0,2521383000000.0,30504546000000.0,2255464000000.0,974637000000.0,12513997000000.0,,,,,,,31.51,9.01,623.26,624.77,,,,,100.0,79.1,50.0,2026-07-20 09:36:34
403870,01288827,,2025,172964572189.0,89902342748.0,72662225546.0,308230752232.0,61476437245.0,369707189477.0,289037616641.0,60742547063.0,277921014422.0,,,,,,,23.57,19.94,51.98,42.01,,,,,97.4,76.9,50.0,2026-07-20 09:36:34
454910,01105153,,2025,32978338354.0,-59472307590.0,-55495341539.0,348594990774.0,50775509168.0,399370499942.0,266961428428.0,27821714644.0,-192227859473.0,,,,,,,-15.92,14.57,-180.34,-168.28,,,,,37.8,58.5,50.0,2026-07-20 09:36:34
