symbol,market,ok,currentPrice,current_price,last_price,priceTime,priceSource,source,priceSourceType,priceSourceFile,priceSourceDate,kis_quote_success,quote_available,error,updated_at,prevClose,changePct
000100,kr,true,72700.0,72700.0,72700.0,2026-09-30 21:39:05 KST,KIS 현재가,KIS 현재가,kis_snapshot,reports/kis_current_price_kr.csv,2026-09-30 21:39:05 KST,true,true,,2026-09-30 21:40:07 KST,73000.0,-0.41
000270,kr,true,113600.0,113600.0,113600.0,2026-09-30 21:39:06 KST,KIS 현재가,KIS 현재가,kis_snapshot,reports/kis_current_price_kr.csv,2026-09-30 21:39:06 KST,true,true,,2026-09-30 21:40:07 KST,116000.0,-2.07
000660,kr,true,1783000.0,1783000.0,1783000.0,2026-09-30 21:39:06 KST,KIS 현재가,KIS 현재가,kis_snapshot,reports/kis_current_price_kr.csv,2026-09-30 21:39:06 KST,true,true,,2026-09-30 21:40:07 KST,1765000.0,1.02
000720,kr,true,118100.0,118100.0,118100.0,2026-09-30 21:39:07 KST,KIS 현재가,KIS 현재가,kis_snapshot,reports/kis_current_price_kr.csv,2026-09-30 21:39:07 KST,true,true,,2026-09-30 21:40:07 KST,117000.0,0.94
000810,kr,true,634000.0,634000.0,634000.0,2026-09-30 21:39:08 KST,KIS 현재가,KIS 현재가,kis_snapshot,reports/kis_current_price_kr.csv,2026-09-30 21:39:08 KST,true,true,,2026-09-30 21:40:07 KST,653000.0,-2.91
000990,kr,true,137700.0,137700.0,137700.0,2026-09-30 21:39:08 KST,KIS 현재가,KIS 현재가,kis_snapshot,reports/kis_current_price_kr.csv,2026-09-30 21:39:08 KST,true,true,,2026-09-30 21:40:07 KST,139800.0,-1.5
001440,kr,true,29850.0,29850.0,29850.0,2026-09-30 21:39:09 KST,KIS 현재가,KIS 현재가,kis_snapshot,reports/kis_current_price_kr.csv,2026-09-30 21:39:09 KST,true,true,,2026-09-30 21:40:07 KST,29500.0,1.19
003490,kr,true,32050.0,32050.0,32050.0,2026-09-30 21:39:09 KST,KIS 현재가,KIS 현재가,kis_snapshot,reports/kis_current_price_kr.csv,2026-09-30 21:39:09 KST,true,true,,2026-09-30 21:40:07 KST,31400.0,2.07
003550,kr,true,110800.0,110800.0,110800.0,2026-09-30 21:39:10 KST,KIS 현재가,KIS 현재가,kis_snapshot,reports/kis_current_price_kr.csv,2026-09-30 21:39:10 KST,true,true,,2026-09-30 21:40:07 KST,111400.0,-0.54
003620,kr,true,2495.0,2495.0,2495.0,2026-09-30 21:39:11 KST,KIS 현재가,KIS 현재가,kis_snapshot,reports/kis_current_price_kr.csv,2026-09-30 21:39:11 KST,true,true,,2026-09-30 21:40:07 KST,2485.0,0.4
003670,kr,true,179300.0,179300.0,179300.0,2026-09-30 21:39:11 KST,KIS 현재가,KIS 현재가,kis_snapshot,reports/kis_current_price_kr.csv,2026-09-30 21:39:11 KST,true,true,,2026-09-30 21:40:07 KST,175400.0,2.22
004020,kr,true,30400.0,30400.0,30400.0,2026-09-30 21:39:12 KST,KIS 현재가,KIS 현재가,kis_snapshot,reports/kis_current_price_kr.csv,2026-09-30 21:39:12 KST,true,true,,2026-09-30 21:40:07 KST,30000.0,1.33
005070,kr,true,43500.0,43500.0,43500.0,2026-09-30 21:39:13 KST,KIS 현재가,KIS 현재가,kis_snapshot,reports/kis_current_price_kr.csv,2026-09-30 21:39:13 KST,true,true,,2026-09-30 21:40:07 KST,43050.0,1.05
005380,kr,true,347000.0,347000.0,347000.0,2026-09-30 21:39:13 KST,KIS 현재가,KIS 현재가,kis_snapshot,reports/kis_current_price_kr.csv,2026-09-30 21:39:13 KST,true,true,,2026-09-30 21:40:07 KST,350000.0,-0.86
005490,kr,true,306500.0,306500.0,306500.0,2026-09-30 21:39:14 KST,KIS 현재가,KIS 현재가,kis_snapshot,reports/kis_current_price_kr.csv,2026-09-30 21:39:14 KST,true,true,,2026-09-30 21:40:07 KST,304000.0,0.82
005930,kr,true,269500.0,269500.0,269500.0,2026-09-30 21:39:15 KST,KIS 현재가,KIS 현재가,kis_snapshot,reports/kis_current_price_kr.csv,2026-09-30 21:39:15 KST,true,true,,2026-09-30 21:40:07 KST,272500.0,-1.1
006260,kr,true,310000.0,310000.0,310000.0,2026-09-30 21:39:15 KST,KIS 현재가,KIS 현재가,kis_snapshot,reports/kis_current_price_kr.csv,2026-09-30 21:39:15 KST,true,true,,2026-09-30 21:40:07 KST,315500.0,-1.74
006340,kr,true,12980.0,12980.0,12980.0,2026-09-30 21:39:16 KST,KIS 현재가,KIS 현재가,kis_snapshot,reports/kis_current_price_kr.csv,2026-09-30 21:39:16 KST,true,true,,2026-09-30 21:40:07 KST,13000.0,-0.15
006360,kr,true,34100.0,34100.0,34100.0,2026-09-30 21:39:17 KST,KIS 현재가,KIS 현재가,kis_snapshot,reports/kis_current_price_kr.csv,2026-09-30 21:39:17 KST,true,true,,2026-09-30 21:40:07 KST,34000.0,0.29
006400,kr,true,513000.0,513000.0,513000.0,2026-09-30 21:39:17 KST,KIS 현재가,KIS 현재가,kis_snapshot,reports/kis_current_price_kr.csv,2026-09-30 21:39:17 KST,true,true,,2026-09-30 21:40:07 KST,511000.0,0.39
007660,kr,true,115400.0,115400.0,115400.0,2026-09-30 21:39:18 KST,KIS 현재가,KIS 현재가,kis_snapshot,reports/kis_current_price_kr.csv,2026-09-30 21:39:18 KST,true,true,,2026-09-30 21:40:07 KST,118000.0,-2.2
009150,kr,true,1514000.0,1514000.0,1514000.0,2026-09-30 21:39:18 KST,KIS 현재가,KIS 현재가,kis_snapshot,reports/kis_current_price_kr.csv,2026-09-30 21:39:18 KST,true,true,,2026-09-30 21:40:07 KST,1528000.0,-0.92
009540,kr,true,326500.0,326500.0,326500.0,2026-09-30 21:39:19 KST,KIS 현재가,KIS 현재가,kis_snapshot,reports/kis_current_price_kr.csv,2026-09-30 21:39:19 KST,true,true,,2026-09-30 21:40:07 KST,323500.0,0.93
010120,kr,true,205500.0,205500.0,205500.0,2026-09-30 21:39:20 KST,KIS 현재가,KIS 현재가,kis_snapshot,reports/kis_current_price_kr.csv,2026-09-30 21:39:20 KST,true,true,,2026-09-30 21:40:07 KST,205000.0,0.24
010130,kr,true,1069000.0,1069000.0,1069000.0,2026-09-30 21:39:20 KST,KIS 현재가,KIS 현재가,kis_snapshot,reports/kis_current_price_kr.csv,2026-09-30 21:39:20 KST,true,true,,2026-09-30 21:40:07 KST,1064000.0,0.47
010140,kr,true,19840.0,19840.0,19840.0,2026-09-30 21:39:21 KST,KIS 현재가,KIS 현재가,kis_snapshot,reports/kis_current_price_kr.csv,2026-09-30 21:39:21 KST,true,true,,2026-09-30 21:40:07 KST,19330.0,2.64
010950,kr,true,162000.0,162000.0,162000.0,2026-09-30 21:39:21 KST,KIS 현재가,KIS 현재가,kis_snapshot,reports/kis_current_price_kr.csv,2026-09-30 21:39:21 KST,true,true,,2026-09-30 21:40:07 KST,157800.0,2.66
011070,kr,true,564000.0,564000.0,564000.0,2026-09-30 21:39:22 KST,KIS 현재가,KIS 현재가,kis_snapshot,reports/kis_current_price_kr.csv,2026-09-30 21:39:22 KST,true,true,,2026-09-30 21:40:07 KST,585000.0,-3.59
011200,kr,true,20900.0,20900.0,20900.0,2026-09-30 21:39:23 KST,KIS 현재가,KIS 현재가,kis_snapshot,reports/kis_current_price_kr.csv,2026-09-30 21:39:23 KST,true,true,,2026-09-30 21:40:07 KST,21000.0,-0.48
012330,kr,true,384500.0,384500.0,384500.0,2026-09-30 21:39:23 KST,KIS 현재가,KIS 현재가,kis_snapshot,reports/kis_current_price_kr.csv,2026-09-30 21:39:23 KST,true,true,,2026-09-30 21:40:07 KST,367000.0,4.77
012450,kr,true,1009000.0,1009000.0,1009000.0,2026-09-30 21:39:24 KST,KIS 현재가,KIS 현재가,kis_snapshot,reports/kis_current_price_kr.csv,2026-09-30 21:39:24 KST,true,true,,2026-09-30 21:40:07 KST,1012000.0,-0.3
015760,kr,true,30050.0,30050.0,30050.0,2026-09-30 21:39:25 KST,KIS 현재가,KIS 현재가,kis_snapshot,reports/kis_current_price_kr.csv,2026-09-30 21:39:25 KST,true,true,,2026-09-30 21:40:07 KST,30100.0,-0.17
017670,kr,true,85700.0,85700.0,85700.0,2026-09-30 21:39:25 KST,KIS 현재가,KIS 현재가,kis_snapshot,reports/kis_current_price_kr.csv,2026-09-30 21:39:25 KST,true,true,,2026-09-30 21:40:07 KST,86200.0,-0.58
018260,kr,true,218500.0,218500.0,218500.0,2026-09-30 21:39:26 KST,KIS 현재가,KIS 현재가,kis_snapshot,reports/kis_current_price_kr.csv,2026-09-30 21:39:26 KST,true,true,,2026-09-30 21:40:07 KST,216500.0,0.92
028670,kr,true,5750.0,5750.0,5750.0,2026-09-30 21:39:26 KST,KIS 현재가,KIS 현재가,kis_snapshot,reports/kis_current_price_kr.csv,2026-09-30 21:39:26 KST,true,true,,2026-09-30 21:40:07 KST,5700.0,0.88
030200,kr,true,52200.0,52200.0,52200.0,2026-09-30 21:39:27 KST,KIS 현재가,KIS 현재가,kis_snapshot,reports/kis_current_price_kr.csv,2026-09-30 21:39:27 KST,true,true,,2026-09-30 21:40:07 KST,52900.0,-1.32
032640,kr,true,14570.0,14570.0,14570.0,2026-09-30 21:39:28 KST,KIS 현재가,KIS 현재가,kis_snapshot,reports/kis_current_price_kr.csv,2026-09-30 21:39:28 KST,true,true,,2026-09-30 21:40:07 KST,14800.0,-1.55
032830,kr,true,283000.0,283000.0,283000.0,2026-09-30 21:39:28 KST,KIS 현재가,KIS 현재가,kis_snapshot,reports/kis_current_price_kr.csv,2026-09-30 21:39:28 KST,true,true,,2026-09-30 21:40:07 KST,290500.0,-2.58
034020,kr,true,81900.0,81900.0,81900.0,2026-09-30 21:39:29 KST,KIS 현재가,KIS 현재가,kis_snapshot,reports/kis_current_price_kr.csv,2026-09-30 21:39:29 KST,true,true,,2026-09-30 21:40:07 KST,79700.0,2.76
034730,kr,true,588000.0,588000.0,588000.0,2026-09-30 21:39:30 KST,KIS 현재가,KIS 현재가,kis_snapshot,reports/kis_current_price_kr.csv,2026-09-30 21:39:30 KST,true,true,,2026-09-30 21:40:07 KST,586000.0,0.34
035420,kr,true,193500.0,193500.0,193500.0,2026-09-30 21:39:30 KST,KIS 현재가,KIS 현재가,kis_snapshot,reports/kis_current_price_kr.csv,2026-09-30 21:39:30 KST,true,true,,2026-09-30 21:40:07 KST,194800.0,-0.67
035720,kr,true,33600.0,33600.0,33600.0,2026-09-30 21:39:31 KST,KIS 현재가,KIS 현재가,kis_snapshot,reports/kis_current_price_kr.csv,2026-09-30 21:39:31 KST,true,true,,2026-09-30 21:40:07 KST,33700.0,-0.3
035900,kr,true,37650.0,37650.0,37650.0,2026-09-30 21:39:31 KST,KIS 현재가,KIS 현재가,kis_snapshot,reports/kis_current_price_kr.csv,2026-09-30 21:39:31 KST,true,true,,2026-09-30 21:40:07 KST,38000.0,-0.92
036930,kr,true,232500.0,232500.0,232500.0,2026-09-30 21:39:32 KST,KIS 현재가,KIS 현재가,kis_snapshot,reports/kis_current_price_kr.csv,2026-09-30 21:39:32 KST,true,true,,2026-09-30 21:40:07 KST,222000.0,4.73
039030,kr,true,515000.0,515000.0,515000.0,2026-09-30 21:39:33 KST,KIS 현재가,KIS 현재가,kis_snapshot,reports/kis_current_price_kr.csv,2026-09-30 21:39:33 KST,true,true,,2026-09-30 21:40:07 KST,495500.0,3.94
039440,kr,true,23200.0,23200.0,23200.0,2026-09-30 21:39:33 KST,KIS 현재가,KIS 현재가,kis_snapshot,reports/kis_current_price_kr.csv,2026-09-30 21:39:33 KST,true,true,,2026-09-30 21:40:07 KST,22750.0,1.98
041510,kr,true,82200.0,82200.0,82200.0,2026-09-30 21:39:34 KST,KIS 현재가,KIS 현재가,kis_snapshot,reports/kis_current_price_kr.csv,2026-09-30 21:39:34 KST,true,true,,2026-09-30 21:40:07 KST,83800.0,-1.91
042660,kr,true,78800.0,78800.0,78800.0,2026-09-30 21:39:35 KST,KIS 현재가,KIS 현재가,kis_snapshot,reports/kis_current_price_kr.csv,2026-09-30 21:39:35 KST,true,true,,2026-09-30 21:40:07 KST,78600.0,0.25
042700,kr,true,258000.0,258000.0,258000.0,2026-09-30 21:39:35 KST,KIS 현재가,KIS 현재가,kis_snapshot,reports/kis_current_price_kr.csv,2026-09-30 21:39:35 KST,true,true,,2026-09-30 21:40:07 KST,252000.0,2.38
047810,kr,true,126700.0,126700.0,126700.0,2026-09-30 21:39:36 KST,KIS 현재가,KIS 현재가,kis_snapshot,reports/kis_current_price_kr.csv,2026-09-30 21:39:36 KST,true,true,,2026-09-30 21:40:07 KST,127400.0,-0.55
051910,kr,true,251000.0,251000.0,251000.0,2026-09-30 21:39:36 KST,KIS 현재가,KIS 현재가,kis_snapshot,reports/kis_current_price_kr.csv,2026-09-30 21:39:36 KST,true,true,,2026-09-30 21:40:07 KST,250000.0,0.4
055550,kr,true,106500.0,106500.0,106500.0,2026-09-30 21:39:37 KST,KIS 현재가,KIS 현재가,kis_snapshot,reports/kis_current_price_kr.csv,2026-09-30 21:39:37 KST,true,true,,2026-09-30 21:40:07 KST,110500.0,-3.62
058470,kr,true,73700.0,73700.0,73700.0,2026-09-30 21:39:38 KST,KIS 현재가,KIS 현재가,kis_snapshot,reports/kis_current_price_kr.csv,2026-09-30 21:39:38 KST,true,true,,2026-09-30 21:40:07 KST,73500.0,0.27
064350,kr,true,113200.0,113200.0,113200.0,2026-09-30 21:39:38 KST,KIS 현재가,KIS 현재가,kis_snapshot,reports/kis_current_price_kr.csv,2026-09-30 21:39:38 KST,true,true,,2026-09-30 21:40:07 KST,112300.0,0.8
066970,kr,true,112000.0,112000.0,112000.0,2026-09-30 21:39:39 KST,KIS 현재가,KIS 현재가,kis_snapshot,reports/kis_current_price_kr.csv,2026-09-30 21:39:39 KST,true,true,,2026-09-30 21:40:07 KST,109000.0,2.75
067310,kr,true,47600.0,47600.0,47600.0,2026-09-30 21:39:39 KST,KIS 현재가,KIS 현재가,kis_snapshot,reports/kis_current_price_kr.csv,2026-09-30 21:39:39 KST,true,true,,2026-09-30 21:40:07 KST,46500.0,2.37
068270,kr,true,177800.0,177800.0,177800.0,2026-09-30 21:39:40 KST,KIS 현재가,KIS 현재가,kis_snapshot,reports/kis_current_price_kr.csv,2026-09-30 21:39:40 KST,true,true,,2026-09-30 21:40:07 KST,178900.0,-0.61
078930,kr,true,106600.0,106600.0,106600.0,2026-09-30 21:39:41 KST,KIS 현재가,KIS 현재가,kis_snapshot,reports/kis_current_price_kr.csv,2026-09-30 21:39:41 KST,true,true,,2026-09-30 21:40:07 KST,108700.0,-1.93
079550,kr,true,682000.0,682000.0,682000.0,2026-09-30 21:39:41 KST,KIS 현재가,KIS 현재가,kis_snapshot,reports/kis_current_price_kr.csv,2026-09-30 21:39:41 KST,true,true,,2026-09-30 21:40:07 KST,678000.0,0.59
086280,kr,true,197900.0,197900.0,197900.0,2026-09-30 21:39:42 KST,KIS 현재가,KIS 현재가,kis_snapshot,reports/kis_current_price_kr.csv,2026-09-30 21:39:42 KST,true,true,,2026-09-30 21:40:07 KST,197500.0,0.2
086520,kr,true,80100.0,80100.0,80100.0,2026-09-30 21:39:43 KST,KIS 현재가,KIS 현재가,kis_snapshot,reports/kis_current_price_kr.csv,2026-09-30 21:39:43 KST,true,true,,2026-09-30 21:40:07 KST,78800.0,1.65
086790,kr,true,130700.0,130700.0,130700.0,2026-09-30 21:39:43 KST,KIS 현재가,KIS 현재가,kis_snapshot,reports/kis_current_price_kr.csv,2026-09-30 21:39:43 KST,true,true,,2026-09-30 21:40:07 KST,135300.0,-3.4
086900,kr,true,67100.0,67100.0,67100.0,2026-09-30 21:39:44 KST,KIS 현재가,KIS 현재가,kis_snapshot,reports/kis_current_price_kr.csv,2026-09-30 21:39:44 KST,true,true,,2026-09-30 21:40:07 KST,,
089030,kr,true,52400.0,52400.0,52400.0,2026-09-30 21:39:45 KST,KIS 현재가,KIS 현재가,kis_snapshot,reports/kis_current_price_kr.csv,2026-09-30 21:39:45 KST,true,true,,2026-09-30 21:40:07 KST,51100.0,2.54
090360,kr,true,75300.0,75300.0,75300.0,2026-09-30 21:39:45 KST,KIS 현재가,KIS 현재가,kis_snapshot,reports/kis_current_price_kr.csv,2026-09-30 21:39:45 KST,true,true,,2026-09-30 21:40:07 KST,76000.0,-0.92
095340,kr,true,213000.0,213000.0,213000.0,2026-09-30 21:39:46 KST,KIS 현재가,KIS 현재가,kis_snapshot,reports/kis_current_price_kr.csv,2026-09-30 21:39:46 KST,true,true,,2026-09-30 21:40:07 KST,209500.0,1.67
096770,kr,true,149200.0,149200.0,149200.0,2026-09-30 21:39:46 KST,KIS 현재가,KIS 현재가,kis_snapshot,reports/kis_current_price_kr.csv,2026-09-30 21:39:46 KST,true,true,,2026-09-30 21:40:07 KST,145900.0,2.26
103590,kr,true,82600.0,82600.0,82600.0,2026-09-30 21:39:47 KST,KIS 현재가,KIS 현재가,kis_snapshot,reports/kis_current_price_kr.csv,2026-09-30 21:39:47 KST,true,true,,2026-09-30 21:40:07 KST,80900.0,2.1
105560,kr,true,169800.0,169800.0,169800.0,2026-09-30 21:39:48 KST,KIS 현재가,KIS 현재가,kis_snapshot,reports/kis_current_price_kr.csv,2026-09-30 21:39:48 KST,true,true,,2026-09-30 21:40:07 KST,173500.0,-2.13
108320,kr,true,36800.0,36800.0,36800.0,2026-09-30 21:39:48 KST,KIS 현재가,KIS 현재가,kis_snapshot,reports/kis_current_price_kr.csv,2026-09-30 21:39:48 KST,true,true,,2026-09-30 21:40:07 KST,36750.0,0.14
108490,kr,true,288500.0,288500.0,288500.0,2026-09-30 21:39:49 KST,KIS 현재가,KIS 현재가,kis_snapshot,reports/kis_current_price_kr.csv,2026-09-30 21:39:49 KST,true,true,,2026-09-30 21:40:07 KST,285000.0,1.23
121600,kr,true,55700.0,55700.0,55700.0,2026-09-30 21:39:50 KST,KIS 현재가,KIS 현재가,kis_snapshot,reports/kis_current_price_kr.csv,2026-09-30 21:39:50 KST,true,true,,2026-09-30 21:40:07 KST,54100.0,2.96
128940,kr,true,498500.0,498500.0,498500.0,2026-09-30 21:39:50 KST,KIS 현재가,KIS 현재가,kis_snapshot,reports/kis_current_price_kr.csv,2026-09-30 21:39:50 KST,true,true,,2026-09-30 21:40:07 KST,507000.0,-1.68
131970,kr,true,97900.0,97900.0,97900.0,2026-09-30 21:39:51 KST,KIS 현재가,KIS 현재가,kis_snapshot,reports/kis_current_price_kr.csv,2026-09-30 21:39:51 KST,true,true,,2026-09-30 21:40:07 KST,96300.0,1.66
138040,kr,true,126900.0,126900.0,126900.0,2026-09-30 21:39:51 KST,KIS 현재가,KIS 현재가,kis_snapshot,reports/kis_current_price_kr.csv,2026-09-30 21:39:51 KST,true,true,,2026-09-30 21:40:07 KST,132700.0,-4.37
145020,kr,true,179600.0,179600.0,179600.0,2026-09-30 21:39:52 KST,KIS 현재가,KIS 현재가,kis_snapshot,reports/kis_current_price_kr.csv,2026-09-30 21:39:52 KST,true,true,,2026-09-30 21:40:07 KST,183300.0,-2.02
196170,kr,true,255500.0,255500.0,255500.0,2026-09-30 21:39:53 KST,KIS 현재가,KIS 현재가,kis_snapshot,reports/kis_current_price_kr.csv,2026-09-30 21:39:53 KST,true,true,,2026-09-30 21:40:07 KST,253500.0,0.79
207940,kr,true,1394000.0,1394000.0,1394000.0,2026-09-30 21:39:53 KST,KIS 현재가,KIS 현재가,kis_snapshot,reports/kis_current_price_kr.csv,2026-09-30 21:39:53 KST,true,true,,2026-09-30 21:40:07 KST,1385000.0,0.65
214150,kr,true,30350.0,30350.0,30350.0,2026-09-30 21:39:54 KST,KIS 현재가,KIS 현재가,kis_snapshot,reports/kis_current_price_kr.csv,2026-09-30 21:39:54 KST,true,true,,2026-09-30 21:40:07 KST,30750.0,-1.3
214450,kr,true,309500.0,309500.0,309500.0,2026-09-30 21:39:54 KST,KIS 현재가,KIS 현재가,kis_snapshot,reports/kis_current_price_kr.csv,2026-09-30 21:39:54 KST,true,true,,2026-09-30 21:40:07 KST,316500.0,-2.21
222800,kr,true,150400.0,150400.0,150400.0,2026-09-30 21:39:55 KST,KIS 현재가,KIS 현재가,kis_snapshot,reports/kis_current_price_kr.csv,2026-09-30 21:39:55 KST,true,true,,2026-09-30 21:40:07 KST,152200.0,-1.18
240810,kr,true,131700.0,131700.0,131700.0,2026-09-30 21:39:56 KST,KIS 현재가,KIS 현재가,kis_snapshot,reports/kis_current_price_kr.csv,2026-09-30 21:39:56 KST,true,true,,2026-09-30 21:40:07 KST,130300.0,1.07
247540,kr,true,109000.0,109000.0,109000.0,2026-09-30 21:39:56 KST,KIS 현재가,KIS 현재가,kis_snapshot,reports/kis_current_price_kr.csv,2026-09-30 21:39:56 KST,true,true,,2026-09-30 21:40:07 KST,106100.0,2.73
259960,kr,true,195500.0,195500.0,195500.0,2026-09-30 21:39:57 KST,KIS 현재가,KIS 현재가,kis_snapshot,reports/kis_current_price_kr.csv,2026-09-30 21:39:57 KST,true,true,,2026-09-30 21:40:07 KST,198700.0,-1.61
267260,kr,true,667000.0,667000.0,667000.0,2026-09-30 21:39:57 KST,KIS 현재가,KIS 현재가,kis_snapshot,reports/kis_current_price_kr.csv,2026-09-30 21:39:57 KST,true,true,,2026-09-30 21:40:07 KST,681000.0,-2.06
272210,kr,true,75200.0,75200.0,75200.0,2026-09-30 21:39:58 KST,KIS 현재가,KIS 현재가,kis_snapshot,reports/kis_current_price_kr.csv,2026-09-30 21:39:58 KST,true,true,,2026-09-30 21:40:07 KST,71900.0,4.59
277810,kr,true,419500.0,419500.0,419500.0,2026-09-30 21:39:59 KST,KIS 현재가,KIS 현재가,kis_snapshot,reports/kis_current_price_kr.csv,2026-09-30 21:39:59 KST,true,true,,2026-09-30 21:40:07 KST,416500.0,0.72
278280,kr,true,35500.0,35500.0,35500.0,2026-09-30 21:39:59 KST,KIS 현재가,KIS 현재가,kis_snapshot,reports/kis_current_price_kr.csv,2026-09-30 21:39:59 KST,true,true,,2026-09-30 21:40:07 KST,35100.0,1.14
278470,kr,true,365000.0,365000.0,365000.0,2026-09-30 21:40:00 KST,KIS 현재가,KIS 현재가,kis_snapshot,reports/kis_current_price_kr.csv,2026-09-30 21:40:00 KST,true,true,,2026-09-30 21:40:07 KST,362500.0,0.69
293490,kr,true,9290.0,9290.0,9290.0,2026-09-30 21:40:01 KST,KIS 현재가,KIS 현재가,kis_snapshot,reports/kis_current_price_kr.csv,2026-09-30 21:40:01 KST,true,true,,2026-09-30 21:40:07 KST,9520.0,-2.42
298040,kr,true,2787000.0,2787000.0,2787000.0,2026-09-30 21:40:01 KST,KIS 현재가,KIS 현재가,kis_snapshot,reports/kis_current_price_kr.csv,2026-09-30 21:40:01 KST,true,true,,2026-09-30 21:40:07 KST,2804000.0,-0.61
326030,kr,true,74600.0,74600.0,74600.0,2026-09-30 21:40:02 KST,KIS 현재가,KIS 현재가,kis_snapshot,reports/kis_current_price_kr.csv,2026-09-30 21:40:02 KST,true,true,,2026-09-30 21:40:07 KST,74900.0,-0.4
329180,kr,true,434500.0,434500.0,434500.0,2026-09-30 21:40:02 KST,KIS 현재가,KIS 현재가,kis_snapshot,reports/kis_current_price_kr.csv,2026-09-30 21:40:02 KST,true,true,,2026-09-30 21:40:07 KST,429000.0,1.28
352820,kr,true,156900.0,156900.0,156900.0,2026-09-30 21:40:03 KST,KIS 현재가,KIS 현재가,kis_snapshot,reports/kis_current_price_kr.csv,2026-09-30 21:40:03 KST,true,true,,2026-09-30 21:40:07 KST,158700.0,-1.13
353200,kr,true,132300.0,132300.0,132300.0,2026-09-30 21:40:04 KST,KIS 현재가,KIS 현재가,kis_snapshot,reports/kis_current_price_kr.csv,2026-09-30 21:40:04 KST,true,true,,2026-09-30 21:40:07 KST,130200.0,1.61
373220,kr,true,355500.0,355500.0,355500.0,2026-09-30 21:40:04 KST,KIS 현재가,KIS 현재가,kis_snapshot,reports/kis_current_price_kr.csv,2026-09-30 21:40:04 KST,true,true,,2026-09-30 21:40:07 KST,352500.0,0.85
375500,kr,true,77800.0,77800.0,77800.0,2026-09-30 21:40:05 KST,KIS 현재가,KIS 현재가,kis_snapshot,reports/kis_current_price_kr.csv,2026-09-30 21:40:05 KST,true,true,,2026-09-30 21:40:07 KST,78600.0,-1.02
402340,kr,true,1132000.0,1132000.0,1132000.0,2026-09-30 21:40:06 KST,KIS 현재가,KIS 현재가,kis_snapshot,reports/kis_current_price_kr.csv,2026-09-30 21:40:06 KST,true,true,,2026-09-30 21:40:07 KST,1118000.0,1.25
403870,kr,true,63500.0,63500.0,63500.0,2026-09-30 21:40:06 KST,KIS 현재가,KIS 현재가,kis_snapshot,reports/kis_current_price_kr.csv,2026-09-30 21:40:06 KST,true,true,,2026-09-30 21:40:07 KST,61000.0,4.1
454910,kr,true,68500.0,68500.0,68500.0,2026-09-30 21:40:07 KST,KIS 현재가,KIS 현재가,kis_snapshot,reports/kis_current_price_kr.csv,2026-09-30 21:40:07 KST,true,true,,2026-09-30 21:40:07 KST,,
