predictionId,captureDate,symbol,name,setup,regime,entry,stop,target,rsi14,distMa20Pct,calibrationGate,sizeMultiplier,validationWindowDays,status,exitDate,grossPnlPct,netPnlPct,outcome
44b4ff6baac9fab3,2026-07-20,010950,010950,BREAKOUT,BEAR,148600.0,142656,160488,84.7,24.2,ACTIVE,1.48,10,SETTLED,2026-07-21,-4.0,-4.5,LOSS
096424b3b3674f2c,2026-07-20,196170,196170,BOTTOM_CATCH,BEAR,282500.0,264965,305100,25.1,-14.5,SUPPRESSED_LOW_EDGE,0.0,10,SETTLED,2026-07-21,-6.207,-6.707,LOSS
11f8787ab74cfaa1,2026-07-20,009150,009150,BOTTOM_CATCH,BEAR,1345000.0,1184955,1452600,30.8,-23.4,SUPPRESSED_LOW_EDGE,0.0,10,SETTLED,2026-07-22,8.0,7.5,WIN
379b626d385b100b,2026-07-20,000660,000660,BOTTOM_CATCH,BEAR,1881000.0,1708975,2031480,31.7,-19.3,SUPPRESSED_LOW_EDGE,0.0,10,SETTLED,2026-07-27,-9.145,-9.645,LOSS
08223a3af2921dda,2026-07-22,329180,HD현대중공업,BOTTOM_CATCH,BEAR,464500.0,448668,501660,17.4,-12.6,SUPPRESSED_LOW_EDGE,0.0,10,SETTLED,2026-07-23,8.0,7.5,WIN
35425b55a754dd8e,2026-07-22,006260,LS,BOTTOM_CATCH,BEAR,284500.0,275800,307260,23.8,-13.6,SUPPRESSED_LOW_EDGE,0.0,10,SETTLED,2026-07-23,8.0,7.5,WIN
dcc127b29f8e7f9b,2026-07-22,034020,두산에너빌리티,BOTTOM_CATCH,BEAR,69200.0,67078,74736,27.3,-12.1,SUPPRESSED_LOW_EDGE,0.0,10,SETTLED,2026-07-28,-3.066,-3.566,LOSS
a8e2db0ec727fc43,2026-07-22,005380,현대차,BOTTOM_CATCH,BEAR,418000.0,405328,451440,31.8,-9.5,SUPPRESSED_LOW_EDGE,0.0,10,SETTLED,2026-07-24,-3.032,-3.532,LOSS
3019703fff2b8e5d,2026-07-23,078930,GS,BREAKOUT,BEAR,88700.0,85152,95796,68.2,15.4,SUPPRESSED_LOW_EDGE,0.0,10,SETTLED,2026-07-24,8.0,7.5,WIN
49995940810d785b,2026-07-23,138040,메리츠금융지주,BREAKOUT,BEAR,116800.0,112128,126144,65.6,4.7,SUPPRESSED_LOW_EDGE,0.0,10,SETTLED,2026-07-27,8.0,7.5,WIN
b1fbd387ba83dd4b,2026-07-23,035900,JYP Ent.,BOTTOM_CATCH,BEAR,44150.0,42749,47682,17.3,-11.1,SUPPRESSED_LOW_EDGE,0.0,10,SETTLED,2026-07-29,-3.173,-3.673,LOSS
00dc059e10cf0835,2026-07-23,329180,HD현대중공업,BOTTOM_CATCH,BEAR,477000.0,457532,515160,24.1,-9.4,SUPPRESSED_LOW_EDGE,0.0,10,SETTLED,2026-07-28,-4.081,-4.581,LOSS
4fbffdd7e05444f6,2026-07-23,003490,대한항공,BOTTOM_CATCH,BEAR,25350.0,24330,27378,27.8,-6.8,SUPPRESSED_LOW_EDGE,0.0,10,SETTLED,2026-07-29,-4.024,-4.524,LOSS
be811a10ca2eca35,2026-07-23,011070,LG이노텍,BOTTOM_CATCH,BEAR,681000.0,648130,735480,28.4,-12.5,SUPPRESSED_LOW_EDGE,0.0,10,SETTLED,2026-07-24,-4.827,-5.327,LOSS
e066c2bf81971e86,2026-07-23,086900,메디톡스,BOTTOM_CATCH,BEAR,70100.0,67866,75708,28.8,-5.7,SUPPRESSED_LOW_EDGE,0.0,10,SETTLED,2026-07-29,-3.187,-3.687,LOSS
e8865e67a5e7b8fa,2026-07-23,KOSDAQ,KOSDAQ,BOTTOM_CATCH,BEAR,765.59,750,827,29.3,-8.4,SUPPRESSED_LOW_EDGE,0.0,10,SETTLED,2026-07-24,-2.036,-2.536,LOSS
41079c7ec6da196b,2026-07-23,066970,엘앤에프,BOTTOM_CATCH,BEAR,85700.0,79292,92556,31.2,-12.5,SUPPRESSED_LOW_EDGE,0.0,10,SETTLED,2026-07-28,-7.477,-7.977,LOSS
c5b38bed30dcd021,2026-07-23,012450,한화에어로스페이스,BOTTOM_CATCH,BEAR,902000.0,872710,974160,31.3,-9.6,SUPPRESSED_LOW_EDGE,0.0,10,SETTLED,2026-07-24,8.0,7.5,WIN
df8f7650ebb4d24a,2026-07-23,145020,휴젤,BOTTOM_CATCH,BEAR,231000.0,220640,249480,31.6,-5.9,SUPPRESSED_LOW_EDGE,0.0,10,SETTLED,2026-07-27,8.0,7.5,WIN
eb981c3c18f867e6,2026-07-23,103590,일진전기,BOTTOM_CATCH,BEAR,63900.0,60676,69012,31.8,-5.0,SUPPRESSED_LOW_EDGE,0.0,10,SETTLED,2026-07-28,-5.045,-5.545,LOSS
518f2b1c1284bc3f,2026-07-28,207940,삼성바이오로직스,BREAKOUT,BEAR,1549000.0,1487040,1672920,61.9,10.0,SUPPRESSED_LOW_EDGE,0.0,10,SETTLED,2026-07-29,-4.0,-4.5,LOSS
eb12f9b807160043,2026-08-05,068270,셀트리온,BREAKOUT,BEAR,190300.0,182688,205524,66.5,6.9,SUPPRESSED_LOW_EDGE,0.0,10,SETTLED,2026-08-11,8.0,7.5,WIN
066fb4a1a598d243,2026-08-06,214450,파마리서치,BREAKOUT,BEAR,394500.0,378720,426060,62.1,12.7,SUPPRESSED_LOW_EDGE,0.0,10,SETTLED,2026-08-07,-4.0,-4.5,LOSS
9a03fc1d1ab58753,2026-08-06,068270,셀트리온,BREAKOUT,BEAR,195000.0,187200,210600,69.7,9.0,SUPPRESSED_LOW_EDGE,0.0,10,SETTLED,2026-08-11,8.0,7.5,WIN
8e23ec773d44aa2a,2026-08-07,028670,팬오션,BREAKOUT,BEAR,5980.0,5741,6458,66.7,13.2,SUPPRESSED_LOW_EDGE,0.0,10,SETTLED,2026-08-10,-3.997,-4.497,LOSS
807625e90d29e748,2026-08-07,068270,셀트리온,BREAKOUT,BEAR,196800.0,188928,212544,75.5,9.3,SUPPRESSED_LOW_EDGE,0.0,10,SETTLED,2026-08-21,-4.0,-4.5,LOSS
2dfab2ebe85af783,2026-08-07,207940,삼성바이오로직스,BREAKOUT,BEAR,1556000.0,1493760,1680480,67.4,7.3,SUPPRESSED_LOW_EDGE,0.0,10,SETTLED,2026-08-19,-4.0,-4.5,LOSS
f05d54c5db23a769,2026-08-07,011200,HMM,BREAKOUT,BEAR,21800.0,20928,23544,64.6,6.0,SUPPRESSED_LOW_EDGE,0.0,10,SETTLED,2026-08-13,-4.0,-4.5,LOSS
d29c9a8fa5dc74d1,2026-08-07,138040,메리츠금융지주,BREAKOUT,BEAR,126300.0,121248,136404,67.3,6.0,SUPPRESSED_LOW_EDGE,0.0,10,SETTLED,2026-08-10,-4.0,-4.5,LOSS
53c456e15cf3c180,2026-08-07,028670,028670,LEADER_BREAKOUT,BULL,6040.0,4880.0,8360.0,,,VALIDATED_TRADESIM,1.0,20,SETTLED,2026-09-07,-0.166,-0.666,LOSS
ad78de2b4407fcf0,2026-08-10,214450,파마리서치,BREAKOUT,BEAR,410000.0,393600,442800,63.0,14.5,SUPPRESSED_LOW_EDGE,0.0,10,SETTLED,2026-08-13,-4.0,-4.5,LOSS
d32aaa4c58af554d,2026-08-10,207940,삼성바이오로직스,BREAKOUT,BEAR,1569000.0,1506240,1694520,65.3,7.6,SUPPRESSED_LOW_EDGE,0.0,10,SETTLED,2026-08-19,-4.0,-4.5,LOSS
0156db6a67636ff7,2026-08-10,068270,셀트리온,BREAKOUT,BEAR,201000.0,192960,217080,79.1,10.7,SUPPRESSED_LOW_EDGE,0.0,10,SETTLED,2026-08-19,-4.0,-4.5,LOSS
aca3659480cf04ff,2026-08-11,207940,삼성바이오로직스,BREAKOUT,BEAR,1609000.0,1544640,1737720,70.3,9.5,SUPPRESSED_LOW_EDGE,0.0,10,SETTLED,2026-08-13,-4.0,-4.5,LOSS
03170b27b5eb8068,2026-08-11,068270,셀트리온,BREAKOUT,BEAR,210500.0,202080,227340,84.5,14.9,SUPPRESSED_LOW_EDGE,0.0,10,SETTLED,2026-08-12,-4.0,-4.5,LOSS
474159c0736dccf3,2026-08-13,078930,078930,LEADER_BREAKOUT,BULL,107400.0,69500.0,183200.0,,,VALIDATED_TRADESIM,1.0,20,SETTLED,2026-09-11,5.214,4.714,WIN
d6170cfb5987bdae,2026-08-14,352820,하이브,BOTTOM_CATCH,BEAR,179400.0,173557,193752,26.3,-4.1,ACTIVE,0.51,10,SETTLED,2026-08-18,-3.257,-3.757,LOSS
052a7c43a6434961,2026-08-14,078930,GS,BREAKOUT,BEAR,117000.0,112320,126360,72.6,25.0,SUPPRESSED_LOW_EDGE,0.0,10,SETTLED,2026-08-21,-4.0,-4.5,LOSS
7189b6baf7366b65,2026-08-14,078930,078930,LEADER_BREAKOUT,BULL,117000.0,83500.0,184000.0,,,VALIDATED_TRADESIM,1.0,20,SETTLED,2026-09-14,-1.624,-2.124,LOSS
76b7a655b7e29ff4,2026-08-18,078930,GS,BREAKOUT,SIDE,119300.0,114528,128844,79.2,25.1,ACTIVE,1.5,10,SETTLED,2026-08-19,-4.0,-4.5,LOSS
2ef32f69754a5e28,2026-08-18,010950,S-Oil,BREAKOUT,SIDE,153600.0,147456,165888,71.9,12.5,ACTIVE,1.5,10,SETTLED,2026-08-19,-4.0,-4.5,LOSS
9fbdee6fcab23d1b,2026-08-18,028670,팬오션,BREAKOUT,SIDE,6040.0,5798,6523,65.4,10.3,ACTIVE,1.5,10,SETTLED,2026-08-19,-4.007,-4.507,LOSS
01e97de8bb9d9113,2026-08-19,078930,GS,BREAKOUT,SIDE,119700.0,114912,129276,84.6,23.1,ACTIVE,1.5,10,SETTLED,2026-08-20,-4.0,-4.5,LOSS
1e3b17a41b3c78af,2026-08-20,259960,크래프톤,BOTTOM_CATCH,BEAR,222500.0,217192,240300,27.6,-6.4,ACTIVE,0.54,10,SETTLED,2026-08-21,-2.386,-2.886,LOSS
0bd890f863f11d9f,2026-08-24,214150,클래시스,BOTTOM_CATCH,BEAR,33400.0,31471,36072,27.8,-17.8,ACTIVE,0.54,10,SETTLED,2026-09-04,-5.775,-6.275,LOSS
3743a8e423c47aa3,2026-08-24,028670,028670,LEADER_BREAKOUT,BULL,6320.0,5600.0,7760.0,,,VALIDATED_TRADESIM,1.0,20,SETTLED,2026-08-26,-11.392,-11.892,LOSS
35bc3b9d7400ce62,2026-08-25,086900,메디톡스,BOTTOM_CATCH,BEAR,67800.0,64616,73224,30.6,-7.8,ACTIVE,0.47,10,SETTLED,2026-09-03,8.0,7.5,WIN
3388b07db3d3a814,2026-08-25,078930,GS,BREAKOUT,BEAR,121800.0,116928,131544,76.3,19.0,SUPPRESSED_LOW_EDGE,0.0,10,SETTLED,2026-08-26,-4.0,-4.5,LOSS
99d6564e9ff7fe44,2026-08-25,010130,고려아연,BREAKOUT,BEAR,1427000.0,1369920,1541160,71.2,24.0,SUPPRESSED_LOW_EDGE,0.0,10,SETTLED,2026-08-26,-4.0,-4.5,LOSS
2bbf363629278b71,2026-08-25,086280,현대글로비스,BREAKOUT,BEAR,213500.0,204960,230580,61.7,6.0,SUPPRESSED_LOW_EDGE,0.0,10,SETTLED,2026-08-26,-4.0,-4.5,LOSS
14aec8be8634ab54,2026-08-25,278470,278470,LEADER_BREAKOUT,BULL,440500.0,367500.0,586500.0,,,VALIDATED_TRADESIM,1.0,20,SETTLED,2026-09-09,-16.572,-17.072,LOSS
561635948633d9c0,2026-08-26,035900,JYP Ent.,BOTTOM_CATCH,BEAR,40050.0,38612,43254,28.2,-6.6,ACTIVE,0.47,10,SETTLED,2026-09-02,-3.591,-4.091,LOSS
7dd3a1d5490b7dff,2026-08-26,006360,GS건설,BREAKOUT,BEAR,37800.0,36288,40824,70.0,18.7,SUPPRESSED_LOW_EDGE,0.0,10,SETTLED,2026-08-28,-4.0,-4.5,LOSS
0015ef3b6d968457,2026-08-26,078930,GS,BREAKOUT,BEAR,127700.0,122592,137916,81.9,22.4,SUPPRESSED_LOW_EDGE,0.0,10,SETTLED,2026-08-27,-4.0,-4.5,LOSS
7727a84040a3a1c5,2026-08-26,000100,유한양행,BREAKOUT,BEAR,86700.0,83232,93636,69.2,8.7,SUPPRESSED_LOW_EDGE,0.0,10,SETTLED,2026-08-27,-4.0,-4.5,LOSS
678631e9ed5fc37a,2026-08-26,006360,006360,LEADER_BREAKOUT,BULL,37800.0,32100.0,49200.0,,,VALIDATED_TRADESIM,1.0,20,SETTLED,2026-09-02,-15.079,-15.579,LOSS
53662c818a421c8a,2026-08-26,003490,003490,LEADER_BREAKOUT,BULL,28150.0,24400.0,35650.0,,,VALIDATED_TRADESIM,1.0,20,SETTLED,2026-09-23,10.48,9.98,WIN
e9c9f35231634bfc,2026-08-27,214150,클래시스,BOTTOM_CATCH,BEAR,32400.0,31077,34992,14.9,-17.0,ACTIVE,0.33,10,SETTLED,2026-09-04,-4.083,-4.583,LOSS
7431eca1062c1b61,2026-08-27,222800,222800,LEADER_BREAKOUT,BULL,126900.0,98100.0,184500.0,,,VALIDATED_TRADESIM,1.0,20,SETTLED,2026-09-28,16.785,16.285,WIN
81b20a4bb55ad858,2026-08-28,214150,클래시스,BOTTOM_CATCH,BEAR,33250.0,31717,35910,17.1,-14.3,ACTIVE,0.58,10,SETTLED,2026-09-02,-4.611,-5.111,LOSS
28c1851ca45b0010,2026-08-28,035900,JYP Ent.,BOTTOM_CATCH,BEAR,39950.0,38661,43146,23.6,-6.3,ACTIVE,0.58,10,SETTLED,2026-09-02,-3.227,-3.727,LOSS
3dc8a699ee94612b,2026-08-28,259960,크래프톤,BOTTOM_CATCH,BEAR,221500.0,213745,239220,30.8,-4.1,ACTIVE,0.58,10,SETTLED,2026-09-07,-3.501,-4.001,LOSS
cc3ef262d8443965,2026-08-28,278470,에이피알,BREAKOUT,BEAR,461500.0,443040,498420,77.3,17.8,SUPPRESSED_LOW_EDGE,0.0,10,SETTLED,2026-09-01,-4.0,-4.5,LOSS
0a9fab95860b9f83,2026-08-28,006400,삼성SDI,BREAKOUT,BEAR,570000.0,547200,615600,71.2,18.8,SUPPRESSED_LOW_EDGE,0.0,10,SETTLED,2026-09-02,-4.0,-4.5,LOSS
74e81afbcf24a9e2,2026-08-28,214450,파마리서치,BREAKOUT,BEAR,461000.0,442560,497880,69.0,14.3,SUPPRESSED_LOW_EDGE,0.0,10,SETTLED,2026-08-31,-4.0,-4.5,LOSS
895fc86b2eee5298,2026-08-28,018260,삼성에스디에스,BREAKOUT,BEAR,242000.0,232320,261360,64.5,6.1,SUPPRESSED_LOW_EDGE,0.0,10,SETTLED,2026-08-31,-4.0,-4.5,LOSS
d09e263be3ba8edd,2026-08-28,003620,KG모빌리티,BOTTOM_CATCH,BEAR,2690.0,2595,2905,31.1,-3.8,ACTIVE,0.61,10,SETTLED,2026-09-03,-3.532,-4.032,LOSS
6499148324730564,2026-08-31,214150,클래시스,BOTTOM_CATCH,BEAR,34150.0,32012,36882,19.2,-11.2,ACTIVE,0.44,10,SETTLED,2026-09-02,-6.261,-6.761,LOSS
842f5f45e0c4d1c6,2026-08-31,086790,086790,LEADER_BREAKOUT,BULL,136300.0,122100.0,164700.0,,,VALIDATED_TRADESIM,1.0,20,SETTLED,2026-09-30,-4.035,-4.535,LOSS
c841ccbd3d254c9d,2026-08-31,039440,에스티아이,BOTTOM_CATCH,BEAR,20250.0,18922,21870,27.3,-6.4,ACTIVE,0.54,10,SETTLED,2026-09-03,-6.558,-7.058,LOSS
f3a3487bab63b084,2026-08-31,003620,KG모빌리티,BOTTOM_CATCH,BEAR,2700.0,2581,2916,27.7,-3.2,ACTIVE,0.54,10,SETTLED,2026-09-14,-1.852,-2.352,LOSS
4764e341647e2b63,2026-08-31,066970,엘앤에프,BREAKOUT,BEAR,146700.0,140832,158436,82.9,39.1,SUPPRESSED_LOW_EDGE,0.0,10,SETTLED,2026-09-01,-4.0,-4.5,LOSS
314fd3fa22de0031,2026-08-31,278470,에이피알,BREAKOUT,BEAR,464500.0,445920,501660,77.4,16.4,SUPPRESSED_LOW_EDGE,0.0,10,SETTLED,2026-09-01,-4.0,-4.5,LOSS
2d51e628ca9db478,2026-09-01,055550,신한지주,BREAKOUT,BEAR,110400.0,105984,119232,62.8,4.0,SUPPRESSED_LOW_EDGE,0.0,10,SETTLED,2026-09-15,1.359,0.859,WIN
55211ff4c91a738b,2026-09-01,086790,하나금융지주,BREAKOUT,BEAR,136500.0,131040,147420,65.6,4.2,SUPPRESSED_LOW_EDGE,0.0,10,SETTLED,2026-09-15,0.147,-0.353,LOSS
ff9cd2a67179f21f,2026-09-01,329180,HD현대중공업,BOTTOM_CATCH,BEAR,453000.0,432415,489240,29.5,-6.1,ACTIVE,0.3,10,SETTLED,2026-09-02,-4.544,-5.044,LOSS
4fb60c9bb989656b,2026-09-01,009540,HD한국조선해양,BOTTOM_CATCH,BEAR,353500.0,337855,381780,30.0,-5.1,ACTIVE,0.3,10,SETTLED,2026-09-02,-4.426,-4.926,LOSS
1da1e8867267f699,2026-09-01,003550,LG,BREAKOUT,BEAR,120300.0,115488,129924,65.5,7.8,SUPPRESSED_LOW_EDGE,0.0,10,SETTLED,2026-09-11,-4.0,-4.5,LOSS
1682b70a7cb236a0,2026-09-02,003490,대한항공,BREAKOUT,BEAR,28900.0,27744,31212,67.4,7.4,SUPPRESSED_LOW_EDGE,0.0,10,SETTLED,2026-09-16,-1.038,-1.538,LOSS
06d55886c735288c,2026-09-03,055550,신한지주,BREAKOUT,BEAR,115500.0,110880,124740,67.2,7.7,SUPPRESSED_LOW_EDGE,0.0,10,SETTLED,2026-09-04,-4.0,-4.5,LOSS
a158227e17f23a89,2026-09-03,003490,대한항공,BREAKOUT,BEAR,29550.0,28368,31914,74.1,9.3,SUPPRESSED_LOW_EDGE,0.0,10,SETTLED,2026-09-17,-1.861,-2.361,LOSS
b731d0910d0096d4,2026-09-03,138040,메리츠금융지주,BREAKOUT,BEAR,137700.0,132192,148716,79.4,13.5,SUPPRESSED_LOW_EDGE,0.0,10,SETTLED,2026-09-07,-4.0,-4.5,LOSS
b446a05e40487b35,2026-09-03,086790,하나금융지주,BREAKOUT,BEAR,140500.0,134880,151740,64.0,6.4,SUPPRESSED_LOW_EDGE,0.0,10,SETTLED,2026-09-04,-4.0,-4.5,LOSS
374b165cbcab926b,2026-09-03,105560,KB금융,BREAKOUT,BEAR,178200.0,171072,192456,63.3,5.6,SUPPRESSED_LOW_EDGE,0.0,10,SETTLED,2026-09-04,-4.0,-4.5,LOSS
aed93ad055004256,2026-09-03,035720,카카오,BOTTOM_CATCH,BEAR,36000.0,34721,38880,31.9,-4.4,SUPPRESSED_LOW_EDGE,0.0,10,SETTLED,2026-09-10,-3.553,-4.053,LOSS
3f83f36f2d8cf340,2026-09-03,138040,138040,LEADER_BREAKOUT,BULL,136900.0,113500.0,183700.0,,,VALIDATED_TRADESIM,1.0,20,SETTLED,2026-10-06,-6.209,-6.709,LOSS
53650d19ff31cdc2,2026-09-03,000810,삼성화재,BREAKOUT,BEAR,702000.0,673920,758160,68.1,8.2,SUPPRESSED_LOW_EDGE,0.0,10,SETTLED,2026-09-04,-4.0,-4.5,LOSS
47d88da672a61bf7,2026-09-03,047810,한국항공우주,BOTTOM_CATCH,BEAR,125000.0,119678,135000,21.6,-9.0,SUPPRESSED_LOW_EDGE,0.0,10,SETTLED,2026-09-17,1.12,0.62,WIN
1bd632c9f964b6d4,2026-09-03,079550,LIG넥스원,BOTTOM_CATCH,BEAR,665000.0,637295,718200,22.3,-10.5,SUPPRESSED_LOW_EDGE,0.0,10,SETTLED,2026-09-14,8.0,7.5,WIN
d43dd230beef7a9f,2026-09-03,012330,현대모비스,BOTTOM_CATCH,BEAR,423500.0,407790,457380,26.5,-12.6,SUPPRESSED_LOW_EDGE,0.0,10,SETTLED,2026-09-11,-3.71,-4.21,LOSS
65632d60ee5f4ff9,2026-09-03,064350,현대로템,BOTTOM_CATCH,BEAR,126400.0,119678,136512,28.5,-8.7,SUPPRESSED_LOW_EDGE,0.0,10,SETTLED,2026-09-16,-5.318,-5.818,LOSS
c66e56948a498f5e,2026-09-03,329180,HD현대중공업,BOTTOM_CATCH,BEAR,435000.0,406805,469800,30.8,-8.5,SUPPRESSED_LOW_EDGE,0.0,10,SETTLED,2026-09-10,8.0,7.5,WIN
4e6385fae64cf408,2026-09-03,272210,한화시스템,BOTTOM_CATCH,BEAR,68000.0,65108,73440,31.2,-7.9,SUPPRESSED_LOW_EDGE,0.0,10,SETTLED,2026-09-14,8.0,7.5,WIN
c8b1b408c9ef5fd6,2026-09-04,039030,이오테크닉스,BREAKOUT,BEAR,448500.0,430560,484380,66.3,13.1,SUPPRESSED_LOW_EDGE,0.0,10,SETTLED,2026-09-10,8.0,7.5,WIN
7e9df28d5c143d91,2026-09-04,010950,S-Oil,BREAKOUT,BEAR,160400.0,153984,173232,61.3,10.4,SUPPRESSED_LOW_EDGE,0.0,10,SETTLED,2026-09-10,-4.0,-4.5,LOSS
cc108a8228c548f4,2026-09-04,003490,대한항공,BREAKOUT,BEAR,30200.0,28992,32616,75.7,11.2,SUPPRESSED_LOW_EDGE,0.0,10,SETTLED,2026-09-11,-4.0,-4.5,LOSS
fcb4393b93a015ad,2026-09-04,138040,메리츠금융지주,BREAKOUT,BEAR,136600.0,131136,147528,83.1,12.1,SUPPRESSED_LOW_EDGE,0.0,10,SETTLED,2026-09-08,-4.0,-4.5,LOSS
8ce79c8c7da8b33e,2026-09-04,012330,현대모비스,BOTTOM_CATCH,BEAR,426500.0,418625,460620,10.7,-11.2,SUPPRESSED_LOW_EDGE,0.0,10,SETTLED,2026-09-08,-1.846,-2.346,LOSS
b789bbfbb66130c0,2026-09-04,039440,에스티아이,BOTTOM_CATCH,BEAR,19400.0,18951,20952,24.1,-8.4,SUPPRESSED_LOW_EDGE,0.0,10,SETTLED,2026-09-11,-2.314,-2.814,LOSS
2273497358601c48,2026-09-04,047810,한국항공우주,BOTTOM_CATCH,BEAR,126300.0,123224,136404,26.5,-7.2,SUPPRESSED_LOW_EDGE,0.0,10,SETTLED,2026-09-18,3.009,2.509,WIN
160e6e5fb1d132e2,2026-09-04,003620,KG모빌리티,BOTTOM_CATCH,BEAR,2670.0,2615,2884,27.1,-3.0,SUPPRESSED_LOW_EDGE,0.0,10,SETTLED,2026-09-10,-2.06,-2.56,LOSS
70fbaba371ea227b,2026-09-04,214150,클래시스,BOTTOM_CATCH,BEAR,31900.0,30978,34452,28.3,-11.3,SUPPRESSED_LOW_EDGE,0.0,10,SETTLED,2026-09-10,-2.89,-3.39,LOSS
02db2ef931081247,2026-09-04,108320,LX세미콘,BOTTOM_CATCH,BEAR,36450.0,35164,39366,30.2,-3.7,SUPPRESSED_LOW_EDGE,0.0,10,SETTLED,2026-09-08,-3.528,-4.028,LOSS
56111c75d0ab519f,2026-09-04,454910,두산로보틱스,BOTTOM_CATCH,BEAR,69600.0,66783,75168,31.0,-3.4,SUPPRESSED_LOW_EDGE,0.0,10,SETTLED,2026-09-18,-0.144,-0.644,LOSS
ffb56739eb4c8cae,2026-09-04,272210,한화시스템,BOTTOM_CATCH,BEAR,68800.0,67571,74304,31.4,-6.7,SUPPRESSED_LOW_EDGE,0.0,10,SETTLED,2026-09-14,8.0,7.5,WIN
f7fb36509df78867,2026-09-04,003490,003490,LEADER_BREAKOUT,BULL,30200.0,25650.0,39300.0,,,VALIDATED_TRADESIM,1.0,20,SETTLED,2026-10-07,1.325,0.825,WIN
b25e0d40b95fc789,2026-09-04,041510,에스엠,BREAKOUT,BEAR,79000.0,75840,85320,60.9,6.2,SUPPRESSED_LOW_EDGE,0.0,10,SETTLED,2026-09-11,8.0,7.5,WIN
902edec1f2762182,2026-09-04,095340,ISC,BREAKOUT,BEAR,182000.0,174720,196560,60.3,12.4,SUPPRESSED_LOW_EDGE,0.0,10,SETTLED,2026-09-10,8.0,7.5,WIN
55f386054e75d84a,2026-09-04,329180,HD현대중공업,BOTTOM_CATCH,BEAR,436500.0,424535,471420,24.9,-7.5,SUPPRESSED_LOW_EDGE,0.0,10,SETTLED,2026-09-10,8.0,7.5,WIN
7e4e8a0a6e15b706,2026-09-07,039030,이오테크닉스,BREAKOUT,BEAR,472500.0,453600,510300,69.4,17.1,SUPPRESSED_LOW_EDGE,0.0,10,SETTLED,2026-09-08,-4.0,-4.5,LOSS
141888ccb8d779dc,2026-09-07,003550,LG,BREAKOUT,BEAR,125100.0,120096,135108,71.7,9.1,SUPPRESSED_LOW_EDGE,0.0,10,SETTLED,2026-09-08,-4.0,-4.5,LOSS
0a60bb406afd6f72,2026-09-07,041510,에스엠,BREAKOUT,BEAR,78900.0,75744,85212,66.8,5.8,SUPPRESSED_LOW_EDGE,0.0,10,SETTLED,2026-09-11,8.0,7.5,WIN
4a2c82b0797ce2ee,2026-09-07,003490,대한항공,BREAKOUT,BEAR,30600.0,29376,33048,88.5,12.0,SUPPRESSED_LOW_EDGE,0.0,10,SETTLED,2026-09-10,-4.0,-4.5,LOSS
c543f5a220e13c5d,2026-09-07,108490,로보티즈,BREAKOUT,BEAR,325000.0,312000,351000,63.9,24.3,SUPPRESSED_LOW_EDGE,0.0,10,SETTLED,2026-09-08,-4.0,-4.5,LOSS
aaae249f2a634344,2026-09-07,095340,ISC,BREAKOUT,BEAR,190200.0,182592,205416,61.2,15.3,SUPPRESSED_LOW_EDGE,0.0,10,SETTLED,2026-09-14,-4.0,-4.5,LOSS
74ea71d42ad7723c,2026-09-07,012330,현대모비스,BOTTOM_CATCH,BEAR,432500.0,419118,467100,18.0,-9.3,SUPPRESSED_LOW_EDGE,0.0,10,SETTLED,2026-09-08,-3.094,-3.594,LOSS
1acf858b2e424e09,2026-09-07,005380,현대차,BOTTOM_CATCH,BEAR,391500.0,380702,422820,28.8,-4.0,SUPPRESSED_LOW_EDGE,0.0,10,SETTLED,2026-09-11,-2.758,-3.258,LOSS
d0981dc616452dd0,2026-09-07,375500,DL이앤씨,BREAKOUT,BEAR,78000.0,74880,84240,65.9,7.9,SUPPRESSED_LOW_EDGE,0.0,10,SETTLED,2026-09-11,8.0,7.5,WIN
6031c62a274d2937,2026-09-07,034020,두산에너빌리티,BREAKOUT,BEAR,87900.0,84384,94932,61.6,9.5,SUPPRESSED_LOW_EDGE,0.0,10,SETTLED,2026-09-15,-4.0,-4.5,LOSS
db9659cc908b96a7,2026-09-07,055550,신한지주,BREAKOUT,BEAR,113900.0,109344,123012,61.9,5.9,SUPPRESSED_LOW_EDGE,0.0,10,SETTLED,2026-09-11,-4.0,-4.5,LOSS
e62ca692dc557998,2026-09-07,403870,HPSP,BREAKOUT,BEAR,53300.0,51168,57564,74.0,15.2,SUPPRESSED_LOW_EDGE,0.0,10,SETTLED,2026-09-09,8.0,7.5,WIN
4a17f6b13466bcd4,2026-09-07,086790,하나금융지주,BREAKOUT,BEAR,138900.0,133344,150012,60.7,5.1,SUPPRESSED_LOW_EDGE,0.0,10,SETTLED,2026-09-09,-4.0,-4.5,LOSS
2f9a86def5e0cc35,2026-09-08,003550,LG,BREAKOUT,BEAR,123800.0,118848,133704,76.0,7.2,SUPPRESSED_LOW_EDGE,0.0,10,SETTLED,2026-09-09,-4.0,-4.5,LOSS
d4fcc6806e48b6fa,2026-09-08,041510,에스엠,BREAKOUT,BEAR,83200.0,79872,89856,70.2,11.0,SUPPRESSED_LOW_EDGE,0.0,10,SETTLED,2026-09-09,-4.0,-4.5,LOSS
ffc7fa31ede239be,2026-09-08,003490,대한항공,BREAKOUT,BEAR,30600.0,29376,33048,91.1,11.3,SUPPRESSED_LOW_EDGE,0.0,10,SETTLED,2026-09-10,-4.0,-4.5,LOSS
19da305abf19eee0,2026-09-08,030200,KT,BREAKOUT,BEAR,55000.0,52800,59400,70.0,2.9,SUPPRESSED_LOW_EDGE,0.0,10,SETTLED,2026-09-10,-4.0,-4.5,LOSS
f5f567f5a77e8979,2026-09-08,004020,현대제철,BREAKOUT,BEAR,32950.0,31632,35586,70.4,10.3,SUPPRESSED_LOW_EDGE,0.0,10,SETTLED,2026-09-15,8.0,7.5,WIN
c40efdd540255a71,2026-09-08,403870,HPSP,BREAKOUT,BEAR,54950.0,52752,59346,72.3,16.5,SUPPRESSED_LOW_EDGE,0.0,10,SETTLED,2026-09-10,8.0,7.5,WIN
24fffb1939a3ce1c,2026-09-09,375500,DL이앤씨,BREAKOUT,BEAR,80900.0,77664,87372,70.0,10.9,SUPPRESSED_LOW_EDGE,0.0,10,SETTLED,2026-09-15,8.0,7.5,WIN
26dbe0094ba4a997,2026-09-09,034020,두산에너빌리티,BREAKOUT,BEAR,93000.0,89280,100440,68.5,14.1,SUPPRESSED_LOW_EDGE,0.0,10,SETTLED,2026-09-10,-4.0,-4.5,LOSS
f802ac5c53a81f4e,2026-09-09,004020,현대제철,BREAKOUT,BEAR,33600.0,32256,36288,71.9,11.5,SUPPRESSED_LOW_EDGE,0.0,10,SETTLED,2026-09-15,8.0,7.5,WIN
afcc17834f2f1199,2026-09-09,403870,HPSP,BREAKOUT,BEAR,56500.0,54240,61020,71.2,17.7,SUPPRESSED_LOW_EDGE,0.0,10,SETTLED,2026-09-10,-4.0,-4.5,LOSS
5e1d8d9dfa6e2300,2026-09-09,012330,현대모비스,BOTTOM_CATCH,BEAR,417000.0,407298,450360,18.1,-11.0,SUPPRESSED_LOW_EDGE,0.0,10,SETTLED,2026-09-11,-2.327,-2.827,LOSS
78973a79a919aeaa,2026-09-09,079550,LIG넥스원,BOTTOM_CATCH,BEAR,677000.0,663890,731160,31.4,-6.6,SUPPRESSED_LOW_EDGE,0.0,10,SETTLED,2026-09-10,-1.936,-2.436,LOSS
efa87ae14927afd0,2026-09-09,039030,이오테크닉스,BREAKOUT,BEAR,470000.0,451200,507600,66.6,14.0,SUPPRESSED_LOW_EDGE,0.0,10,SETTLED,2026-09-11,-4.0,-4.5,LOSS
f566c9c4e0501eee,2026-09-09,010950,S-Oil,BREAKOUT,BEAR,165900.0,159264,179172,75.8,11.8,SUPPRESSED_LOW_EDGE,0.0,10,SETTLED,2026-09-10,-4.0,-4.5,LOSS
46f260c1f9307fd8,2026-09-09,096770,SK이노베이션,BREAKOUT,BEAR,153500.0,147360,165780,67.8,19.5,SUPPRESSED_LOW_EDGE,0.0,10,SETTLED,2026-09-11,-4.0,-4.5,LOSS
4e99fd4434fa3651,2026-09-09,222800,심텍,BREAKOUT,BEAR,132600.0,127296,143208,60.0,13.9,SUPPRESSED_LOW_EDGE,0.0,10,SETTLED,2026-09-10,-4.0,-4.5,LOSS
e24718ce0952eaa0,2026-09-09,196170,알테오젠,BOTTOM_CATCH,BEAR,279500.0,264472,301860,21.7,-8.4,SUPPRESSED_LOW_EDGE,0.0,10,SETTLED,2026-09-14,-5.377,-5.877,LOSS
4e61e051fff88adf,2026-09-10,039030,이오테크닉스,BREAKOUT,BEAR,469500.0,450720,507060,70.8,12.7,SUPPRESSED_LOW_EDGE,0.0,10,SETTLED,2026-09-11,-4.0,-4.5,LOSS
cbe6e3ac19d5acc9,2026-09-10,036930,036930,LEADER_BREAKOUT,BULL,221000.0,165000.0,333000.0,,,VALIDATED_TRADESIM,1.0,20,PENDING,,,,
b7039070c6d5049b,2026-09-10,375500,DL이앤씨,BREAKOUT,BEAR,83900.0,80544,90612,82.3,14.1,SUPPRESSED_LOW_EDGE,0.0,10,SETTLED,2026-09-23,-4.0,-4.5,LOSS
9b58caefb311c53b,2026-09-10,004020,현대제철,BREAKOUT,BEAR,33850.0,32496,36558,78.9,11.4,SUPPRESSED_LOW_EDGE,0.0,10,SETTLED,2026-09-14,-4.0,-4.5,LOSS
226d85f6a8fcbcdd,2026-09-11,375500,DL이앤씨,BREAKOUT,BEAR,85000.0,81600,91800,82.8,14.7,SUPPRESSED_LOW_EDGE,0.0,10,SETTLED,2026-09-23,-4.0,-4.5,LOSS
97bc854e1ef42bcd,2026-09-11,041510,에스엠,BREAKOUT,BEAR,84700.0,81312,91476,74.2,11.4,SUPPRESSED_LOW_EDGE,0.0,10,SETTLED,2026-09-18,-4.0,-4.5,LOSS
d7ac9208fa38f1e0,2026-09-11,006360,GS건설,BREAKOUT,BEAR,38650.0,37104,41742,64.5,9.5,SUPPRESSED_LOW_EDGE,0.0,10,SETTLED,2026-09-14,-4.0,-4.5,LOSS
c93a5e08e41f4d27,2026-09-11,004020,현대제철,BREAKOUT,BEAR,33550.0,32208,36234,74.9,9.6,SUPPRESSED_LOW_EDGE,0.0,10,SETTLED,2026-09-15,8.0,7.5,WIN
889ddc55d49cb2aa,2026-09-11,105560,KB금융,BREAKOUT,BEAR,177900.0,170784,192132,67.3,4.7,SUPPRESSED_LOW_EDGE,0.0,10,SETTLED,2026-09-28,-4.0,-4.5,LOSS
f9f4989d550adb3a,2026-09-11,017670,SK텔레콤,BOTTOM_CATCH,BEAR,90900.0,87271,98172,26.4,-5.1,SUPPRESSED_LOW_EDGE,0.0,10,SETTLED,2026-09-16,-3.992,-4.492,LOSS
44f28b872e774c5b,2026-09-14,041510,에스엠,BREAKOUT,BEAR,84100.0,80736,90828,73.4,9.9,SUPPRESSED_LOW_EDGE,0.0,10,SETTLED,2026-09-16,8.0,7.5,WIN
7778ff517e4d970d,2026-09-14,105560,KB금융,BREAKOUT,BEAR,178800.0,171648,193104,65.3,4.9,SUPPRESSED_LOW_EDGE,0.0,10,SETTLED,2026-09-28,-4.0,-4.5,LOSS
af3be3544069dc4a,2026-09-14,375500,DL이앤씨,BREAKOUT,BEAR,85800.0,82368,92664,82.2,14.8,SUPPRESSED_LOW_EDGE,0.0,10,SETTLED,2026-09-23,-4.0,-4.5,LOSS
77a9fba8c095f62d,2026-09-14,055550,신한지주,BREAKOUT,BEAR,114300.0,109728,123444,64.9,4.7,SUPPRESSED_LOW_EDGE,0.0,10,SETTLED,2026-09-23,-4.0,-4.5,LOSS
34fa90c6a5f3de31,2026-09-14,086790,하나금융지주,BREAKOUT,BEAR,140000.0,134400,151200,63.4,4.6,SUPPRESSED_LOW_EDGE,0.0,10,SETTLED,2026-09-18,-4.0,-4.5,LOSS
58718577222b2843,2026-09-15,375500,DL이앤씨,BREAKOUT,BEAR,85200.0,81792,92016,74.1,13.1,SUPPRESSED_LOW_EDGE,0.0,10,SETTLED,2026-09-23,-4.0,-4.5,LOSS
b29c2374c4293657,2026-09-15,041510,에스엠,BREAKOUT,BEAR,89200.0,85632,96336,73.6,15.0,SUPPRESSED_LOW_EDGE,0.0,10,SETTLED,2026-09-17,-4.0,-4.5,LOSS
890f5a3f21e6b5d7,2026-09-15,004020,현대제철,BREAKOUT,BEAR,35950.0,34512,38826,73.8,15.5,SUPPRESSED_LOW_EDGE,0.0,10,SETTLED,2026-09-16,-4.0,-4.5,LOSS
a96190f51eab8c21,2026-09-15,068270,셀트리온,BOTTOM_CATCH,BEAR,178500.0,174936,192780,15.3,-4.7,SUPPRESSED_LOW_EDGE,0.0,10,SETTLED,2026-10-01,-0.168,-0.668,LOSS
450d31eb8c0c4de1,2026-09-15,207940,삼성바이오로직스,BOTTOM_CATCH,BEAR,1408000.0,1381955,1520640,21.3,-6.1,SUPPRESSED_LOW_EDGE,0.0,10,SETTLED,2026-09-23,-1.85,-2.35,LOSS
f60440c16ef094a9,2026-09-15,012330,현대모비스,BOTTOM_CATCH,BEAR,399500.0,386120,431460,22.3,-10.5,SUPPRESSED_LOW_EDGE,0.0,10,SETTLED,2026-09-16,-3.349,-3.849,LOSS
e74fde18f6b27cfd,2026-09-15,017670,SK텔레콤,BOTTOM_CATCH,BEAR,89700.0,87370,96876,28.4,-5.3,SUPPRESSED_LOW_EDGE,0.0,10,SETTLED,2026-09-16,-2.598,-3.098,LOSS
8f9dd344bda37e8b,2026-09-15,005380,현대차,BOTTOM_CATCH,BEAR,371000.0,360510,400680,30.1,-6.2,SUPPRESSED_LOW_EDGE,0.0,10,SETTLED,2026-09-16,-2.827,-3.327,LOSS
e55230b9d83cbbf9,2026-09-15,326030,SK바이오팜,BOTTOM_CATCH,BEAR,78300.0,76534,84564,15.2,-7.9,SUPPRESSED_LOW_EDGE,0.0,10,SETTLED,2026-09-22,-2.255,-2.755,LOSS
9562aed69c01b577,2026-09-16,326030,SK바이오팜,BOTTOM_CATCH,BEAR,78500.0,76239,84780,19.7,-7.3,SUPPRESSED_LOW_EDGE,0.0,10,SETTLED,2026-09-23,-2.88,-3.38,LOSS
04cb082f9a979889,2026-09-16,079550,LIG넥스원,BOTTOM_CATCH,BEAR,670500.0,652070,724140,30.9,-3.2,SUPPRESSED_LOW_EDGE,0.0,10,SETTLED,2026-09-18,8.0,7.5,WIN
b4d9201fdb82ed05,2026-09-17,214450,파마리서치,BOTTOM_CATCH,BEAR,335500.0,321602,362340,8.8,-13.0,SUPPRESSED_LOW_EDGE,0.0,10,SETTLED,2026-09-21,-4.142,-4.642,LOSS
bfbcab8b642549f5,2026-09-17,278470,에이피알,BOTTOM_CATCH,BEAR,359000.0,346228,387720,15.3,-10.1,SUPPRESSED_LOW_EDGE,0.0,10,SETTLED,2026-10-06,0.0,-0.5,LOSS
9cf7938a2ab2526f,2026-09-17,064350,현대로템,BOTTOM_CATCH,BEAR,122600.0,118102,132408,23.5,-4.6,SUPPRESSED_LOW_EDGE,0.0,10,SETTLED,2026-09-22,-3.669,-4.169,LOSS
0801b216e5a63095,2026-09-17,068270,셀트리온,BOTTOM_CATCH,BEAR,180100.0,174739,194508,25.5,-3.0,SUPPRESSED_LOW_EDGE,0.0,10,SETTLED,2026-10-06,1.277,0.777,WIN
bd8e29eba2e3e8fe,2026-09-17,326030,SK바이오팜,BOTTOM_CATCH,BEAR,79200.0,76928,85536,23.2,-6.1,SUPPRESSED_LOW_EDGE,0.0,10,SETTLED,2026-09-22,-2.869,-3.369,LOSS
836bd1c34e0b62d6,2026-09-17,145020,휴젤,BOTTOM_CATCH,BEAR,232000.0,224580,250560,25.0,-4.1,SUPPRESSED_LOW_EDGE,0.0,10,SETTLED,2026-09-18,-3.198,-3.698,LOSS
3ed066f2ff669a92,2026-09-17,035720,카카오,BOTTOM_CATCH,BEAR,33800.0,32850,36504,27.1,-4.7,SUPPRESSED_LOW_EDGE,0.0,10,SETTLED,2026-09-21,-2.811,-3.311,LOSS
acdd6ba33cabfc4f,2026-09-18,272210,한화시스템,BREAKOUT,BEAR,80100.0,76896,86508,60.4,10.9,SUPPRESSED_LOW_EDGE,0.0,10,SETTLED,2026-09-21,-4.0,-4.5,LOSS
4629c44dae21ee1f,2026-09-18,278470,에이피알,BOTTOM_CATCH,BEAR,362000.0,345242,390960,15.3,-9.0,SUPPRESSED_LOW_EDGE,0.0,10,SETTLED,2026-10-07,0.276,-0.224,LOSS
5dedd94af82a6ff1,2026-09-18,103590,일진전기,BREAKOUT,BEAR,76500.0,73440,82620,60.3,9.0,SUPPRESSED_LOW_EDGE,0.0,10,SETTLED,2026-09-21,-4.0,-4.5,LOSS
b88c83e863da75d8,2026-09-18,011070,LG이노텍,BOTTOM_CATCH,BEAR,533000.0,510722,575640,28.1,-5.2,SUPPRESSED_LOW_EDGE,0.0,10,SETTLED,2026-09-28,8.0,7.5,WIN
da6a975de0b85993,2026-09-18,064350,현대로템,BOTTOM_CATCH,BEAR,123500.0,119776,133380,28.2,-3.6,SUPPRESSED_LOW_EDGE,0.0,10,SETTLED,2026-09-21,-3.015,-3.515,LOSS
4c12478ff9869a55,2026-09-21,196170,알테오젠,BOTTOM_CATCH,BEAR,258500.0,250190,279180,21.5,-8.6,SUPPRESSED_LOW_EDGE,0.0,10,PENDING,,,,
36bccfa6cc43449c,2026-09-21,039030,이오테크닉스,BREAKOUT,BEAR,484000.0,464640,522720,69.6,11.4,SUPPRESSED_LOW_EDGE,0.0,10,PENDING,,,,
9e86bb0f191605fb,2026-09-21,000990,DB하이텍,BREAKOUT,BEAR,131000.0,125760,141480,76.0,24.4,SUPPRESSED_LOW_EDGE,0.0,10,PENDING,,,,
52019f2b1c590445,2026-09-21,086900,메디톡스,BOTTOM_CATCH,BEAR,68100.0,65502,73548,23.7,-1.4,SUPPRESSED_LOW_EDGE,0.0,10,PENDING,,,,
e4206e0cfad71a94,2026-09-21,010130,고려아연,BOTTOM_CATCH,BEAR,1136000.0,1099260,1226880,19.3,-7.8,SUPPRESSED_LOW_EDGE,0.0,10,PENDING,,,,
ad1bb30b3972d895,2026-09-21,207940,삼성바이오로직스,BOTTOM_CATCH,BEAR,1403000.0,1368165,1515240,20.9,-4.4,SUPPRESSED_LOW_EDGE,0.0,10,PENDING,,,,
4555e8a7cd2ce35b,2026-09-22,103590,일진전기,BREAKOUT,BEAR,78200.0,75072,84456,69.3,9.9,SUPPRESSED_LOW_EDGE,0.0,10,PENDING,,,,
99cbb118d70fafca,2026-09-22,067310,하나마이크론,BREAKOUT,BEAR,46750.0,44880,50490,77.4,27.2,SUPPRESSED_LOW_EDGE,0.0,10,PENDING,,,,
12ace0690ca40953,2026-09-22,000990,DB하이텍,BREAKOUT,BEAR,131900.0,126624,142452,81.4,22.8,SUPPRESSED_LOW_EDGE,0.0,10,PENDING,,,,
04b42543b3495c73,2026-09-22,012330,현대모비스,BOTTOM_CATCH,BEAR,381000.0,370852,411480,30.9,-8.4,SUPPRESSED_LOW_EDGE,0.0,10,PENDING,,,,
22acb62169a39ff5,2026-09-22,222800,222800,LEADER_BREAKOUT,BULL,147000.0,121500.0,198000.0,,,VALIDATED_TRADESIM,1.0,20,PENDING,,,,
8fb655b8057de14e,2026-09-22,003490,003490,LEADER_BREAKOUT,BULL,31200.0,28400.0,36800.0,,,VALIDATED_TRADESIM,1.0,20,PENDING,,,,
8deb149a0b0bcfd4,2026-09-22,KOSDAQ,KOSDAQ,BREAKOUT,BEAR,844.55,811,912,63.6,2.7,SUPPRESSED_LOW_EDGE,0.0,10,PENDING,,,,
7f37c9f75e427539,2026-09-22,003490,대한항공,BREAKOUT,BEAR,31200.0,29952,33696,66.7,6.5,SUPPRESSED_LOW_EDGE,0.0,10,PENDING,,,,
7e17aa1f24bd61bd,2026-09-23,103590,일진전기,BREAKOUT,BEAR,79600.0,76416,85968,70.7,11.1,SUPPRESSED_LOW_EDGE,0.0,10,PENDING,,,,
75661e53db2c1950,2026-09-23,KOSDAQ,KOSDAQ,BREAKOUT,BEAR,834.38,801,901,60.7,1.5,SUPPRESSED_LOW_EDGE,0.0,10,PENDING,,,,
8c1e59d107c1152d,2026-09-23,214450,파마리서치,BOTTOM_CATCH,BEAR,326000.0,315692,352080,14.7,-11.2,SUPPRESSED_LOW_EDGE,0.0,10,PENDING,,,,
5a779c34feb909e7,2026-09-23,278280,천보,BOTTOM_CATCH,BEAR,34850.0,33786,37638,23.7,-10.2,SUPPRESSED_LOW_EDGE,0.0,10,PENDING,,,,
27e58459a501da8c,2026-09-23,352820,하이브,BOTTOM_CATCH,BEAR,158100.0,151592,170748,24.9,-8.5,SUPPRESSED_LOW_EDGE,0.0,10,PENDING,,,,
4a2af9baf9ea810e,2026-09-23,003490,대한항공,BREAKOUT,BEAR,31500.0,30240,34020,66.2,6.8,SUPPRESSED_LOW_EDGE,0.0,10,PENDING,,,,
7741812f7a9b839c,2026-09-23,007660,이수페타시스,BREAKOUT,BEAR,118500.0,113760,127980,65.4,7.4,SUPPRESSED_LOW_EDGE,0.0,10,PENDING,,,,
0bcb825f59a86010,2026-09-23,005930,삼성전자,BREAKOUT,BEAR,285500.0,274080,308340,72.6,8.9,SUPPRESSED_LOW_EDGE,0.0,10,PENDING,,,,
94e12f0ce6cd2af1,2026-09-23,278470,에이피알,BOTTOM_CATCH,BEAR,367500.0,351645,396900,31.9,-5.4,SUPPRESSED_LOW_EDGE,0.0,10,PENDING,,,,
44d88b236de3fa47,2026-09-23,196170,알테오젠,BOTTOM_CATCH,BEAR,251500.0,244772,271620,24.8,-9.2,SUPPRESSED_LOW_EDGE,0.0,10,PENDING,,,,
5bb023a16101d4f3,2026-09-28,KOSDAQ,KOSDAQ,BREAKOUT,BEAR,844.48,811,912,69.5,2.6,SUPPRESSED_LOW_EDGE,0.0,10,PENDING,,,,
1f64e1b4062f234c,2026-09-28,121600,나노신소재,BREAKOUT,BEAR,54600.0,52416,58968,69.0,9.7,SUPPRESSED_LOW_EDGE,0.0,10,PENDING,,,,
81d602b1dc118e5f,2026-09-28,145020,휴젤,BOTTOM_CATCH,BEAR,188200.0,179566,203256,14.0,-17.9,SUPPRESSED_LOW_EDGE,0.0,10,PENDING,,,,
36ec308643b094f4,2026-09-28,326030,SK바이오팜,BOTTOM_CATCH,BEAR,76700.0,74762,82836,17.2,-6.4,SUPPRESSED_LOW_EDGE,0.0,10,PENDING,,,,
83c610113c90833d,2026-09-28,012330,현대모비스,BOTTOM_CATCH,BEAR,376000.0,363465,406080,23.6,-7.6,SUPPRESSED_LOW_EDGE,0.0,10,PENDING,,,,
9147928dc42ab5bc,2026-09-28,000270,기아,BOTTOM_CATCH,BEAR,116700.0,113866,126036,24.5,-6.1,SUPPRESSED_LOW_EDGE,0.0,10,PENDING,,,,
17c09a161ce570a5,2026-09-28,196170,알테오젠,BOTTOM_CATCH,BEAR,258000.0,250190,278640,26.0,-5.9,SUPPRESSED_LOW_EDGE,0.0,10,PENDING,,,,
4c0fc819968bbd73,2026-09-28,000100,유한양행,BOTTOM_CATCH,BEAR,75200.0,72496,81216,27.5,-5.0,SUPPRESSED_LOW_EDGE,0.0,10,PENDING,,,,
a0ba019cb456a09b,2026-09-28,259960,크래프톤,BOTTOM_CATCH,BEAR,201500.0,194144,217620,30.3,-4.8,SUPPRESSED_LOW_EDGE,0.0,10,PENDING,,,,
97652718eb2b24f5,2026-09-28,064350,현대로템,BOTTOM_CATCH,BEAR,118700.0,111798,128196,30.4,-4.8,SUPPRESSED_LOW_EDGE,0.0,10,PENDING,,,,
37b79dc2393ce49e,2026-09-28,003490,대한항공,BREAKOUT,BEAR,31600.0,30336,34128,61.1,6.5,SUPPRESSED_LOW_EDGE,0.0,10,PENDING,,,,
06f52aa78be02d08,2026-09-28,352820,하이브,BOTTOM_CATCH,BEAR,162300.0,155827,175284,28.3,-5.6,SUPPRESSED_LOW_EDGE,0.0,10,PENDING,,,,
49da825452d29c9a,2026-09-28,035420,NAVER,BOTTOM_CATCH,BEAR,196900.0,191386,212652,28.9,-4.9,SUPPRESSED_LOW_EDGE,0.0,10,PENDING,,,,
f010124cdfd0a8ec,2026-09-28,278280,천보,BOTTOM_CATCH,BEAR,35550.0,33490,38394,29.4,-7.8,SUPPRESSED_LOW_EDGE,0.0,10,PENDING,,,,
55e7ee8c6c95ad16,2026-09-28,035720,카카오,BOTTOM_CATCH,BEAR,34000.0,32998,36720,30.7,-2.7,SUPPRESSED_LOW_EDGE,0.0,10,PENDING,,,,
ddf78ef3a23c8c98,2026-09-28,035900,JYP Ent.,BOTTOM_CATCH,BEAR,38050.0,37036,41094,31.9,-2.4,SUPPRESSED_LOW_EDGE,0.0,10,PENDING,,,,
33de89216636ced9,2026-09-29,KOSDAQ,KOSDAQ,BREAKOUT,BEAR,846.58,813,914,64.0,2.8,SUPPRESSED_LOW_EDGE,0.0,10,PENDING,,,,
31dc6de59ca265a6,2026-09-29,000990,DB하이텍,BREAKOUT,BEAR,136800.0,131328,147744,74.2,21.1,SUPPRESSED_LOW_EDGE,0.0,10,PENDING,,,,
a35fba293788a681,2026-09-29,403870,HPSP,BREAKOUT,BEAR,60800.0,58368,65664,67.6,13.6,SUPPRESSED_LOW_EDGE,0.0,10,PENDING,,,,
cf11a4993a38ab44,2026-09-29,196170,알테오젠,BOTTOM_CATCH,BEAR,254000.0,240340,274320,22.4,-6.1,SUPPRESSED_LOW_EDGE,0.0,10,PENDING,,,,
6c22fe6720b59554,2026-09-29,067310,하나마이크론,BREAKOUT,BEAR,47100.0,45216,50868,75.3,23.7,SUPPRESSED_LOW_EDGE,0.0,10,PENDING,,,,
1932ae1f6b61ccf1,2026-09-29,035900,JYP Ent.,BOTTOM_CATCH,BEAR,38050.0,36938,41094,27.7,-2.1,SUPPRESSED_LOW_EDGE,0.0,10,PENDING,,,,
fd74896dba81368a,2026-09-30,KOSDAQ,KOSDAQ,BREAKOUT,BEAR,849.8,816,918,62.3,3.1,SUPPRESSED_LOW_EDGE,0.0,10,PENDING,,,,
67c41086f77b8399,2026-09-30,103590,일진전기,BREAKOUT,BEAR,83000.0,79680,89640,78.0,13.4,SUPPRESSED_LOW_EDGE,0.0,10,PENDING,,,,
4945801ab2723894,2026-09-30,067310,하나마이크론,BREAKOUT,BEAR,47000.0,45120,50760,77.5,21.6,SUPPRESSED_LOW_EDGE,0.0,10,PENDING,,,,
42021aaf9fcd174b,2026-09-30,121600,나노신소재,BREAKOUT,BEAR,56300.0,54048,60804,74.7,11.9,SUPPRESSED_LOW_EDGE,0.0,10,PENDING,,,,
07751a09d442df9f,2026-09-30,015760,한국전력,BOTTOM_CATCH,BEAR,30350.0,29673,32778,16.2,-4.3,SUPPRESSED_LOW_EDGE,0.0,10,PENDING,,,,
a1cb58b753987af4,2026-09-30,035420,NAVER,BOTTOM_CATCH,BEAR,195000.0,191681,210600,19.8,-4.7,SUPPRESSED_LOW_EDGE,0.0,10,PENDING,,,,
f4e745d73783e999,2026-09-30,064350,현대로템,BOTTOM_CATCH,BEAR,114800.0,110812,123984,26.1,-6.1,SUPPRESSED_LOW_EDGE,0.0,10,PENDING,,,,
2b9367382d0449f8,2026-09-30,000100,유한양행,BOTTOM_CATCH,BEAR,73400.0,70920,79272,26.4,-5.9,SUPPRESSED_LOW_EDGE,0.0,10,PENDING,,,,
cdbd4cc6bc82fb98,2026-09-30,042660,한화오션,BOTTOM_CATCH,BEAR,79800.0,78504,86184,31.1,-4.9,SUPPRESSED_LOW_EDGE,0.0,10,PENDING,,,,
6603d34e4003f8ab,2026-09-30,003490,대한항공,BREAKOUT,BEAR,32100.0,30816,34668,65.4,7.0,SUPPRESSED_LOW_EDGE,0.0,10,PENDING,,,,
f863a2fb9352a424,2026-09-30,039030,이오테크닉스,BREAKOUT,BEAR,518000.0,497280,559440,65.1,13.5,SUPPRESSED_LOW_EDGE,0.0,10,PENDING,,,,
e7dc957fb520e242,2026-09-30,012330,현대모비스,BOTTOM_CATCH,BEAR,380500.0,357555,410940,26.2,-4.6,SUPPRESSED_LOW_EDGE,0.0,10,PENDING,,,,
5cf20febb80875a0,2026-09-30,196170,알테오젠,BOTTOM_CATCH,BEAR,255500.0,248712,275940,28.7,-4.7,SUPPRESSED_LOW_EDGE,0.0,10,PENDING,,,,
2a01bbc88ce5bab2,2026-09-30,278280,천보,BOTTOM_CATCH,BEAR,35500.0,34672,38340,32.0,-6.2,SUPPRESSED_LOW_EDGE,0.0,10,PENDING,,,,
0ab4ce3685a77e82,2026-09-30,089030,테크윙,BREAKOUT,BEAR,52400.0,50304,56592,64.3,10.3,SUPPRESSED_LOW_EDGE,0.0,10,PENDING,,,,
36cecc05e62309ee,2026-10-01,KOSDAQ,KOSDAQ,BREAKOUT,BEAR,855.91,822,924,70.4,3.7,SUPPRESSED_LOW_EDGE,0.0,10,PENDING,,,,
d5757717a9bacdb4,2026-10-01,000990,DB하이텍,BREAKOUT,BEAR,139200.0,133632,150336,68.6,18.4,SUPPRESSED_LOW_EDGE,0.0,10,PENDING,,,,
596547e744f05345,2026-10-01,089030,테크윙,BREAKOUT,BEAR,54600.0,52416,58968,64.6,14.1,SUPPRESSED_LOW_EDGE,0.0,10,PENDING,,,,
417f80b28eadfc4e,2026-10-01,403870,HPSP,BREAKOUT,BEAR,67700.0,64992,73116,72.9,22.9,SUPPRESSED_LOW_EDGE,0.0,10,PENDING,,,,
e26cee21294596e0,2026-10-01,095340,ISC,BREAKOUT,BEAR,219000.0,210240,236520,68.2,13.5,SUPPRESSED_LOW_EDGE,0.0,10,PENDING,,,,
2dc6b11ad0277173,2026-10-01,039030,이오테크닉스,BREAKOUT,BEAR,545000.0,523200,588600,65.6,17.5,SUPPRESSED_LOW_EDGE,0.0,10,PENDING,,,,
721da47ebc6d6fbd,2026-10-01,036930,주성엔지니어링,BREAKOUT,BEAR,243500.0,233760,262980,68.5,19.4,SUPPRESSED_LOW_EDGE,0.0,10,PENDING,,,,
220d6ba67c35d462,2026-10-01,067310,하나마이크론,BREAKOUT,BEAR,49500.0,47520,53460,80.9,25.6,SUPPRESSED_LOW_EDGE,0.0,10,PENDING,,,,
e24557c9e677030e,2026-10-01,131970,두산테스나,BREAKOUT,BEAR,102800.0,98688,111024,65.8,19.6,SUPPRESSED_LOW_EDGE,0.0,10,PENDING,,,,
182b994c2b235d8f,2026-10-01,121600,나노신소재,BREAKOUT,BEAR,56300.0,54048,60804,69.3,11.2,SUPPRESSED_LOW_EDGE,0.0,10,PENDING,,,,
b31ff069e434d2b5,2026-10-01,214450,파마리서치,BOTTOM_CATCH,BEAR,313500.0,300918,338580,11.1,-8.6,SUPPRESSED_LOW_EDGE,0.0,10,PENDING,,,,
0fff3eddb8993c9b,2026-10-01,326030,SK바이오팜,BOTTOM_CATCH,BEAR,75800.0,73087,81864,20.1,-5.2,SUPPRESSED_LOW_EDGE,0.0,10,PENDING,,,,
6006d14bab3d9e61,2026-10-01,051910,LG화학,BOTTOM_CATCH,BEAR,255500.0,244772,275940,27.5,-4.8,SUPPRESSED_LOW_EDGE,0.0,10,PENDING,,,,
643e834ae9200ca0,2026-10-01,000100,유한양행,BOTTOM_CATCH,BEAR,74800.0,71314,80784,30.9,-3.6,SUPPRESSED_LOW_EDGE,0.0,10,PENDING,,,,
b53e7057eb4f95ea,2026-10-01,003620,KG모빌리티,BOTTOM_CATCH,BEAR,2510.0,2438,2711,31.5,-3.7,SUPPRESSED_LOW_EDGE,0.0,10,PENDING,,,,
e383409d88afe9cd,2026-10-01,058470,리노공업,BREAKOUT,BEAR,80800.0,77568,87264,66.5,16.2,SUPPRESSED_LOW_EDGE,0.0,10,PENDING,,,,
954f211e5aef374f,2026-10-01,222800,심텍,BREAKOUT,BEAR,158400.0,152064,171072,68.5,18.7,SUPPRESSED_LOW_EDGE,0.0,10,PENDING,,,,
6f08d86a821e0990,2026-10-01,240810,원익IPS,BREAKOUT,BEAR,141900.0,136224,153252,67.8,17.6,SUPPRESSED_LOW_EDGE,0.0,10,PENDING,,,,
78b5a1d1c24c55f4,2026-10-01,145020,휴젤,BOTTOM_CATCH,BEAR,180200.0,172868,194616,13.3,-17.5,SUPPRESSED_LOW_EDGE,0.0,10,PENDING,,,,
e105530c03bf91dc,2026-10-01,267260,HD현대일렉트릭,BOTTOM_CATCH,BEAR,670000.0,633355,723600,17.6,-6.5,SUPPRESSED_LOW_EDGE,0.0,10,PENDING,,,,
3c5b40b9219dbfc9,2026-10-01,017670,SK텔레콤,BOTTOM_CATCH,BEAR,86100.0,83430,92988,26.4,-3.4,SUPPRESSED_LOW_EDGE,0.0,10,PENDING,,,,
6f039eeccd4c1add,2026-10-01,035900,JYP Ent.,BOTTOM_CATCH,BEAR,37700.0,36396,40716,30.5,-2.5,SUPPRESSED_LOW_EDGE,0.0,10,PENDING,,,,
a9f72740a97c96be,2026-10-01,103590,일진전기,BREAKOUT,BEAR,83300.0,79968,89964,73.8,12.9,SUPPRESSED_LOW_EDGE,0.0,10,PENDING,,,,
de89c0bd2cbaaac0,2026-10-01,005380,현대차,BOTTOM_CATCH,BEAR,349000.0,338348,376920,16.4,-5.6,SUPPRESSED_LOW_EDGE,0.0,10,PENDING,,,,
7c76611b71732a0f,2026-10-02,KOSDAQ,KOSDAQ,BREAKOUT,BEAR,894.29,859,966,75.0,7.9,SUPPRESSED_LOW_EDGE,0.0,10,PENDING,,,,
4e75308e3e8d1a8d,2026-10-02,272210,한화시스템,BREAKOUT,BEAR,82100.0,78816,88668,62.8,11.5,SUPPRESSED_LOW_EDGE,0.0,10,PENDING,,,,
8360535591eb8b45,2026-10-02,005070,코스모신소재,BREAKOUT,BEAR,47100.0,45216,50868,71.0,13.8,SUPPRESSED_LOW_EDGE,0.0,10,PENDING,,,,
71acf071be8270e0,2026-10-02,222800,심텍,BREAKOUT,BEAR,167600.0,160896,181008,71.7,23.5,SUPPRESSED_LOW_EDGE,0.0,10,PENDING,,,,
02fd7475571e0960,2026-10-02,009150,삼성전기,BREAKOUT,BEAR,1576000.0,1512960,1702080,68.9,10.0,SUPPRESSED_LOW_EDGE,0.0,10,PENDING,,,,
471fa90debb1daa0,2026-10-02,121600,나노신소재,BREAKOUT,BEAR,59400.0,57024,64152,76.0,15.8,SUPPRESSED_LOW_EDGE,0.0,10,PENDING,,,,
9f9fd567d8b75e2c,2026-10-02,010130,고려아연,BOTTOM_CATCH,BEAR,1077000.0,1050010,1163160,10.7,-6.2,SUPPRESSED_LOW_EDGE,0.0,10,PENDING,,,,
479ae97536fa5c9f,2026-10-02,267260,HD현대일렉트릭,BOTTOM_CATCH,BEAR,675000.0,649115,729000,21.6,-5.5,SUPPRESSED_LOW_EDGE,0.0,10,PENDING,,,,
4460c2744572d3f7,2026-10-02,003620,KG모빌리티,BOTTOM_CATCH,BEAR,2540.0,2462,2743,26.5,-2.4,SUPPRESSED_LOW_EDGE,0.0,10,PENDING,,,,
422e023c55a9434a,2026-10-02,005490,POSCO홀딩스,BOTTOM_CATCH,BEAR,311000.0,299932,335880,28.1,-4.0,SUPPRESSED_LOW_EDGE,0.0,10,PENDING,,,,
7bf03ef6fa9b5a2d,2026-10-02,012330,현대모비스,BOTTOM_CATCH,BEAR,383500.0,369375,414180,29.5,-2.8,SUPPRESSED_LOW_EDGE,0.0,10,PENDING,,,,
f7260f88656a48c1,2026-10-02,293490,카카오게임즈,BREAKOUT,BEAR,10180.0,9773,10994,61.2,9.3,SUPPRESSED_LOW_EDGE,0.0,10,PENDING,,,,
fe9bb418544ff290,2026-10-02,042660,한화오션,BOTTOM_CATCH,BEAR,78700.0,76633,84996,21.7,-5.5,SUPPRESSED_LOW_EDGE,0.0,10,PENDING,,,,
70191cf9c72dc742,2026-10-06,KOSDAQ,KOSDAQ,BREAKOUT,BEAR,893.29,858,965,73.0,7.2,SUPPRESSED_LOW_EDGE,0.0,10,PENDING,,,,
47f43b42391ea604,2026-10-06,089030,테크윙,BREAKOUT,BEAR,57200.0,54912,61776,73.5,16.9,SUPPRESSED_LOW_EDGE,0.0,10,PENDING,,,,
ea3f004fe4ab7412,2026-10-06,403870,HPSP,BREAKOUT,BEAR,68700.0,65952,74196,75.2,20.8,SUPPRESSED_LOW_EDGE,0.0,10,PENDING,,,,
8cf74f0f4bd6ad2f,2026-10-06,353200,대덕전자,BREAKOUT,BEAR,157100.0,150816,169668,93.1,37.4,SUPPRESSED_LOW_EDGE,0.0,10,PENDING,,,,
8df35ad29003c708,2026-10-06,058470,리노공업,BREAKOUT,BEAR,86700.0,83232,93636,79.3,20.8,SUPPRESSED_LOW_EDGE,0.0,10,PENDING,,,,
ab5fc9ba2f59bd20,2026-10-06,222800,심텍,BREAKOUT,BEAR,179800.0,172608,194184,77.9,29.4,SUPPRESSED_LOW_EDGE,0.0,10,PENDING,,,,
bc4fcd25ebd454e0,2026-10-06,373220,LG에너지솔루션,BREAKOUT,BEAR,386000.0,370560,416880,64.8,6.9,SUPPRESSED_LOW_EDGE,0.0,10,PENDING,,,,
0681c70e0310cc2f,2026-10-06,009150,삼성전기,BREAKOUT,BEAR,1671000.0,1604160,1804680,74.2,15.4,SUPPRESSED_LOW_EDGE,0.0,10,PENDING,,,,
248bb60dfa71f2f8,2026-10-06,015760,한국전력,BOTTOM_CATCH,BEAR,30250.0,29501,32670,13.0,-3.8,SUPPRESSED_LOW_EDGE,0.0,10,PENDING,,,,
3ff354721c47aa7f,2026-10-06,352820,하이브,BOTTOM_CATCH,BEAR,156500.0,153364,169020,22.4,-6.2,SUPPRESSED_LOW_EDGE,0.0,10,PENDING,,,,
d13ad8ed044f4d16,2026-10-06,035900,JYP Ent.,BOTTOM_CATCH,BEAR,38000.0,36938,41040,29.2,-1.5,SUPPRESSED_LOW_EDGE,0.0,10,PENDING,,,,
89d64ba9b18293b1,2026-10-06,086900,메디톡스,BOTTOM_CATCH,BEAR,67300.0,65896,72684,31.7,-1.2,SUPPRESSED_LOW_EDGE,0.0,10,PENDING,,,,
1b77f7328906ce34,2026-10-06,036930,036930,LEADER_BREAKOUT,BULL,279500.0,200500.0,437500.0,,,VALIDATED_TRADESIM,1.0,20,PENDING,,,,
5d44b2561773cd04,2026-10-06,086520,에코프로,BREAKOUT,BEAR,95200.0,91392,102816,67.4,14.3,SUPPRESSED_LOW_EDGE,0.0,10,PENDING,,,,
2b38b2a300343408,2026-10-06,005070,코스모신소재,BREAKOUT,BEAR,47550.0,45648,51354,74.7,13.6,SUPPRESSED_LOW_EDGE,0.0,10,PENDING,,,,
35af56ce4c91b618,2026-10-06,010120,LS ELECTRIC,BREAKOUT,BEAR,216500.0,207840,233820,63.2,5.5,SUPPRESSED_LOW_EDGE,0.0,10,PENDING,,,,
62e3a417286c4c79,2026-10-06,036930,주성엔지니어링,BREAKOUT,BEAR,279500.0,268320,301860,81.7,31.5,SUPPRESSED_LOW_EDGE,0.0,10,PENDING,,,,
fb7bd69c59220602,2026-10-06,103590,일진전기,BREAKOUT,BEAR,87800.0,84288,94824,83.9,16.0,SUPPRESSED_LOW_EDGE,0.0,10,PENDING,,,,
f250b0c7eb018a5b,2026-10-06,003670,포스코퓨처엠,BREAKOUT,BEAR,203000.0,194880,219240,61.3,9.8,SUPPRESSED_LOW_EDGE,0.0,10,PENDING,,,,
8a31200024516827,2026-10-06,042700,한미반도체,BREAKOUT,BEAR,277500.0,266400,299700,79.6,13.9,SUPPRESSED_LOW_EDGE,0.0,10,PENDING,,,,
54658d3770ab0e0a,2026-10-06,121600,나노신소재,BREAKOUT,BEAR,64100.0,61536,69228,88.2,22.9,SUPPRESSED_LOW_EDGE,0.0,10,PENDING,,,,
2145eface925aba8,2026-10-06,145020,휴젤,BOTTOM_CATCH,BEAR,181500.0,176216,196020,16.0,-14.5,SUPPRESSED_LOW_EDGE,0.0,10,PENDING,,,,
814e0f7cb5bfb630,2026-10-06,259960,크래프톤,BOTTOM_CATCH,BEAR,200500.0,192666,216540,31.2,-2.3,SUPPRESSED_LOW_EDGE,0.0,10,PENDING,,,,
f92eff951ec6ccde,2026-10-06,128940,한미약품,BREAKOUT,BEAR,529000.0,507840,571320,75.0,6.8,SUPPRESSED_LOW_EDGE,0.0,10,PENDING,,,,
97bdd0b4f7dce130,2026-10-06,007660,이수페타시스,BREAKOUT,BEAR,132200.0,126912,142776,67.3,16.8,SUPPRESSED_LOW_EDGE,0.0,10,PENDING,,,,
16c6dae61954201f,2026-10-06,454910,두산로보틱스,BREAKOUT,BEAR,75700.0,72672,81756,60.4,7.3,SUPPRESSED_LOW_EDGE,0.0,10,PENDING,,,,
1886ae57e5268753,2026-10-06,006400,삼성SDI,BREAKOUT,BEAR,577000.0,553920,623160,60.7,7.0,SUPPRESSED_LOW_EDGE,0.0,10,PENDING,,,,
631c6b4e6d733850,2026-10-06,131970,두산테스나,BREAKOUT,BEAR,120500.0,115680,130140,77.3,34.0,SUPPRESSED_LOW_EDGE,0.0,10,PENDING,,,,
cb4a358ba5f0b95d,2026-10-06,010130,고려아연,BOTTOM_CATCH,BEAR,1107000.0,1063800,1195560,29.1,-3.1,SUPPRESSED_LOW_EDGE,0.0,10,PENDING,,,,
6d73ff6dbf63d3f5,2026-10-07,KOSDAQ,KOSDAQ,BREAKOUT,BEAR,919.92,883,994,87.4,9.5,SUPPRESSED_LOW_EDGE,0.0,10,PENDING,,,,
4eb3ec7db6f4ed6f,2026-10-07,010950,S-Oil,BREAKOUT,BEAR,171200.0,164352,184896,67.4,9.5,SUPPRESSED_LOW_EDGE,0.0,10,PENDING,,,,
067826b37fbb4764,2026-10-07,058470,리노공업,BREAKOUT,BEAR,88000.0,84480,95040,85.2,20.8,SUPPRESSED_LOW_EDGE,0.0,10,PENDING,,,,
d7bb02688ad15ebb,2026-10-07,006400,삼성SDI,BREAKOUT,BEAR,572000.0,549120,617760,64.5,5.9,SUPPRESSED_LOW_EDGE,0.0,10,PENDING,,,,
f60450d1d3fc3213,2026-10-07,373220,LG에너지솔루션,BREAKOUT,BEAR,392500.0,376800,423900,74.3,8.2,SUPPRESSED_LOW_EDGE,0.0,10,PENDING,,,,
2d466ca719208faf,2026-10-07,145020,휴젤,BOTTOM_CATCH,BEAR,184600.0,179467,199368,19.8,-11.8,SUPPRESSED_LOW_EDGE,0.0,10,PENDING,,,,
a8b58b9ff7c77820,2026-10-07,214450,파마리서치,BOTTOM_CATCH,BEAR,309750.0,302395,334530,20.2,-6.5,SUPPRESSED_LOW_EDGE,0.0,10,PENDING,,,,
1ca986947b1807d1,2026-10-07,105560,KB금융,BOTTOM_CATCH,BEAR,168200.0,163707,181656,26.4,-3.3,SUPPRESSED_LOW_EDGE,0.0,10,PENDING,,,,
