market,mode,modeLabel,horizon,horizonLabel,primaryMode,primaryHorizon,profileReason,symbol,name,asOfDate,decisionBucket,timingLabel,timingReason,expectedEntryPrice,newEntryDecision,holderDecision,buyTiming,sellTiming,entry,stop,target,rawEntry,rawStop,rawTarget,rawModelScore,scoreComponentsJson,scoreWeightsJson,correctionInputContractVersion,probability,probabilityText,probabilityMeasured,probabilitySource,probabilitySampleCount,modelScore,expectedPrice,opportunityScore,entryScore,riskScore,eventRiskScore,newsReliabilityScore,newsRiskPenalty,newsSentimentSource,finalRankScore,finalScore,baseScore,upsideScore,momentumScore,rrScore,qualityScore,expectedValue,evNegative,rrActual,maConvergence,roe,per,pbr,peg,debtRatio,operatingMargin,revenueGrowth,epsGrowth,finValueScore,finGrowthScore,finQualityScore,isUndervaluedGrowth,finReason,sector,instBuy5d,foreignBuy5d,supplySignal,supplyScoreAdj,surgeLabel,eventBadges,marketRegime,marketRegimeLabel,marketRegimeAdjust,executionStatus,exitStatus,pnlText,excludedFromReturn,sourceBucket,dataStatus,priceSource,currentPrice,generatedAt,correctionApplied,correctionConfidence,correctionSummary,appliedCorrectionVersion,modelVersion,codeVersion,verifiedWinRate,winRateSampleCount,winRateConfidenceWeight,rsi14,volumeRatio20,distanceToMa20,atr14Pct,maFullAlign,mdd20,recentMomentum5,setupScore,setupBucket,setupReason,accumulationScore,convergenceScore,pullbackPreScore,sectorLeadScore,supplyPreScore,catalystScore,overextensionRisk,overextensionReasons,momentumContinuationScore,trendStrengthScore,relativeStrengthScore,nearHighScore,volumeConfirmationScore,sectorLeaderScore,supplyContinuationScore
kr,aggressive,공격,mid,중기,aggressive,mid,"volume expansion, short momentum",005070,코스모신소재,2026-10-07,대기 관찰,3~5일 후 진입,20일선 +9.9% — ATR 기준 4일 눌림 예상,"45,472원",조건부 진입,보유자는 목표가·손절가 대응,기준가 도달 대기,목표가 도달 시 분할익절 / 손절가 이탈 시 종료 / 보유기간 종료 시 재검토,"46,400원","41,864원","58,873원",46400.0,41864,58873,77.0703,"{""entryScore"": 35.0, ""momentumScore"": 84.0, ""qualityScore"": 80.0, ""riskScore"": 58.1, ""rrScore"": 59.2, ""upsideScore"": 82.2}","{""entryScore"": 0.1, ""momentumScore"": 0.25, ""newsRiskPenalty"": 0.05, ""qualityScore"": 0.0, ""riskScore"": 0.1, ""rrScore"": 0.15, ""upsideScore"": 0.35}",correction-shadow-input-v1,33.9,실측 기반 33.9%,True,OBSERVED_WIN_RATE,51,77.1,"47,656원",82.9,35.0,58.1,0.0,50.0,0.0,none,77.1,77.1,78.0,82.2,84.0,59.2,80.0,0.92,False,2.75,False,15.484,52.4559,,,96.977,2.28,61.0,1.3,35.0,75.0,65.0,False,ROE 15.5%,Materials/Parts,38633.0,-40362.0,INST_BUY,4.0,기관 순매수 | 거래대금증가 | 모멘텀강세,기관 순매수,SIDE,횡보장,0.0,대기,,,False,ohlcv_quant,NORMAL,kis,46400.0,2026-10-07T07:17:30.173814+00:00,False,0.0,correction quarantined: no valid promotion lineage,922,mone-v36-deterministic-ranker-v1,3831bfaf2e46d7ad79b82acf1c76c04b181e3d9c,33.9,51,0.51,73.8,2.44,9.87,4.89,True,-5.79,6.42,26.0,섹터후발,"섹터 전반 강세, 이 종목은 아직 후발 — 대장주 추세 확인 후 검토",8.0,3.0,0.0,8.0,4.0,3.0,0.0,,32.7,9.0,12.7,0.0,7.0,0.0,4.0
kr,aggressive,공격,mid,중기,aggressive,mid,short momentum,403870,HPSP,2026-10-07,대기 관찰,3~5일 후 진입,20일선 +14.1% — ATR 기준 5일 눌림 예상,"64,484원",조건부 진입,보유자는 목표가·손절가 대응,기준가 도달 대기,목표가 도달 시 분할익절 / 손절가 이탈 시 종료 / 보유기간 종료 시 재검토,"65,800원","58,429원","86,071원",65800.0,58429,86071,78.852,"{""entryScore"": 35.0, ""momentumScore"": 77.2, ""qualityScore"": 80.0, ""riskScore"": 54.1, ""rrScore"": 70.0, ""upsideScore"": 83.2}","{""entryScore"": 0.1, ""momentumScore"": 0.25, ""newsRiskPenalty"": 0.05, ""qualityScore"": 0.0, ""riskScore"": 0.1, ""rrScore"": 0.15, ""upsideScore"": 0.35}",correction-shadow-input-v1,33.8,실측 기반 33.8%,True,OBSERVED_WIN_RATE,51,78.9,"67,698원",80.8,35.0,54.1,0.0,50.0,0.0,none,78.9,78.9,77.8,83.2,77.2,70.0,80.0,1.08,False,2.75,False,,,,,,,,,,,,False,,Semiconductor,895458.0,-38248.0,INST_BUY,6.0,기관 순매수 | 모멘텀강세,기관 순매수,SIDE,횡보장,0.0,대기,,,False,ohlcv_quant,NORMAL,kis,65800.0,2026-10-07T07:17:30.173814+00:00,False,0.0,correction quarantined: no valid promotion lineage,922,mone-v36-deterministic-ranker-v1,3831bfaf2e46d7ad79b82acf1c76c04b181e3d9c,33.8,51,0.51,72.9,1.11,14.07,5.6,True,-9.11,6.81,8.0,관찰후보,아직 준비 신호 부족 — 관심종목으로만 유지,4.0,0.0,0.0,0.0,4.0,0.0,0.0,,31.2,10.2,13.4,0.0,0.0,3.6,4.0
kr,aggressive,공격,mid,중기,aggressive,mid,short momentum,039030,이오테크닉스,2026-10-07,대기 관찰,1~2일 후 진입,20일선 +7.6% — ATR 기준 단기 눌림 가능,"507,640원",조건부 진입,보유자는 목표가·손절가 대응,기준가 도달 대기,목표가 도달 시 분할익절 / 손절가 이탈 시 종료 / 보유기간 종료 시 재검토,"518,000원","458,071원","682,804원",518000.0,458071,682804,75.2143,"{""entryScore"": 55.0, ""momentumScore"": 68.2, ""qualityScore"": 90.0, ""riskScore"": 63.6, ""rrScore"": 70.0, ""upsideScore"": 76.8}","{""entryScore"": 0.1, ""momentumScore"": 0.25, ""newsRiskPenalty"": 0.05, ""qualityScore"": 0.0, ""riskScore"": 0.1, ""rrScore"": 0.15, ""upsideScore"": 0.35}",correction-shadow-input-v1,33.4,실측 기반 33.4%,True,OBSERVED_WIN_RATE,51,75.2,"531,061원",73.4,55.0,63.6,0.0,50.0,0.0,none,75.2,75.2,76.3,76.8,68.2,70.0,90.0,0.95,False,2.75,False,11.272,20.5423,,,0.998,25.89,35.7,112.9,53.0,90.0,85.0,True,영업이익률 25.9% · EPS성장 112.9%,Semiconductor,33968.0,-16759.0,INST_BUY,4.0,기관 순매수 | 저평가성장주 | 모멘텀강세,기관 순매수 | 저평가성장주,SIDE,횡보장,0.0,대기,,,False,ohlcv_quant,NORMAL,kis,518000.0,2026-10-07T07:17:30.173814+00:00,False,0.0,correction quarantined: no valid promotion lineage,922,mone-v36-deterministic-ranker-v1,3831bfaf2e46d7ad79b82acf1c76c04b181e3d9c,33.4,51,0.51,67.3,0.62,7.6,5.78,True,-9.47,3.39,17.9,섹터후발,"섹터 전반 강세, 이 종목은 아직 후발 — 대장주 추세 확인 후 검토",4.0,0.0,0.0,6.4,4.0,3.5,0.0,,22.6,8.3,10.3,0.0,0.0,0.0,4.0
kr,aggressive,공격,mid,중기,aggressive,mid,short momentum,096770,SK이노베이션,2026-10-07,대기 관찰,1~2일 후 진입,20일선 +9.6% — ATR 기준 단기 눌림 가능,"156,212원",조건부 진입,보유자는 목표가·손절가 대응,기준가 도달 대기,목표가 도달 시 분할익절 / 손절가 이탈 시 종료 / 보유기간 종료 시 재검토,"159,400원","140,071원","212,554원",159400.0,140071,212554,76.9959,"{""entryScore"": 35.0, ""momentumScore"": 73.3, ""qualityScore"": 90.0, ""riskScore"": 59.7, ""rrScore"": 64.4, ""upsideScore"": 81.8}","{""entryScore"": 0.1, ""momentumScore"": 0.25, ""newsRiskPenalty"": 0.05, ""qualityScore"": 0.0, ""riskScore"": 0.1, ""rrScore"": 0.15, ""upsideScore"": 0.35}",correction-shadow-input-v1,33.3,실측 기반 33.3%,True,OBSERVED_WIN_RATE,51,77.0,"163,703원",78.4,35.0,59.7,0.0,50.0,0.0,none,77.0,77.0,76.1,81.8,73.3,64.4,90.0,0.99,False,2.75,False,-10.496,19.541,,,108.0,8.6,15.2,,53.0,62.0,38.0,False,,Battery/EV,-154884.0,737957.0,FOREIGN_BUY,6.0,외국인 순매수 | 모멘텀강세,외국인 순매수,SIDE,횡보장,0.0,대기,,,False,ohlcv_quant,NORMAL,kis,159400.0,2026-10-07T07:17:30.173814+00:00,False,0.0,correction quarantined: no valid promotion lineage,922,mone-v36-deterministic-ranker-v1,3831bfaf2e46d7ad79b82acf1c76c04b181e3d9c,33.3,51,0.51,65.8,0.87,9.56,6.06,True,-12.77,7.95,12.5,관찰후보,아직 준비 신호 부족 — 관심종목으로만 유지,4.0,3.0,0.0,0.0,4.0,1.5,0.0,,38.8,8.9,11.4,8.0,0.0,6.5,4.0
kr,aggressive,공격,mid,중기,aggressive,mid,"volume expansion, short momentum",007660,이수페타시스,2026-10-07,대기 관찰,1~2일 후 진입,20일선 +7.4% — ATR 기준 단기 눌림 가능,"119,756원",조건부 진입,보유자는 목표가·손절가 대응,기준가 도달 대기,목표가 도달 시 분할익절 / 손절가 이탈 시 종료 / 보유기간 종료 시 재검토,"122,200원","105,186원","168,989원",122200.0,105186,168989,68.3408,"{""entryScore"": 55.0, ""momentumScore"": 73.6, ""qualityScore"": 90.0, ""riskScore"": 71.7, ""rrScore"": 64.4, ""upsideScore"": 70.8}","{""entryScore"": 0.1, ""momentumScore"": 0.25, ""newsRiskPenalty"": 0.05, ""qualityScore"": 0.0, ""riskScore"": 0.1, ""rrScore"": 0.15, ""upsideScore"": 0.35}",correction-shadow-input-v1,33.1,실측 기반 33.1%,True,OBSERVED_WIN_RATE,51,68.3,"124,441원",71.9,55.0,71.7,0.0,50.0,0.0,none,68.3,68.3,75.5,70.8,73.6,64.4,90.0,1.1,False,2.75,False,29.913,19.4759,,,30.446,19.76,34.8,13.4,53.0,75.0,86.0,True,ROE 29.9% · 영업이익률 19.8%,Telecom,-71184.0,127304.0,FOREIGN_BUY,-2.0,외국인 순매수 | 저평가성장주 | 거래대금증가 | 모멘텀강세,외국인 순매수 | 저평가성장주,SIDE,횡보장,0.0,대기,,,False,ohlcv_quant,NORMAL,kis,122200.0,2026-10-07T07:17:30.173814+00:00,False,0.0,correction quarantined: no valid promotion lineage,922,mone-v36-deterministic-ranker-v1,3831bfaf2e46d7ad79b82acf1c76c04b181e3d9c,33.1,51,0.51,62.2,2.0,7.45,6.96,True,-9.38,3.03,11.0,관찰후보,아직 준비 신호 부족 — 관심종목으로만 유지,4.0,0.0,0.0,0.0,4.0,3.0,0.0,,33.9,8.2,6.7,0.0,7.0,8.0,4.0
kr,aggressive,공격,mid,중기,aggressive,mid,short momentum,128940,한미약품,2026-10-07,대기 관찰,1~2일 후 진입,20일선 +7.1% — ATR 기준 단기 눌림 가능,"523,320원",조건부 진입,보유자는 목표가·손절가 대응,기준가 도달 대기,목표가 도달 시 분할익절 / 손절가 이탈 시 종료 / 보유기간 종료 시 재검토,"534,000원","483,857원","671,893원",534000.0,483857,671893,67.5766,"{""entryScore"": 55.0, ""momentumScore"": 68.2, ""qualityScore"": 80.0, ""riskScore"": 57.6, ""rrScore"": 63.9, ""upsideScore"": 76.8}","{""entryScore"": 0.1, ""momentumScore"": 0.25, ""newsRiskPenalty"": 0.05, ""qualityScore"": 0.0, ""riskScore"": 0.1, ""rrScore"": 0.15, ""upsideScore"": 0.35}",correction-shadow-input-v1,32.9,실측 기반 32.9%,True,OBSERVED_WIN_RATE,51,67.6,"543,386원",73.4,55.0,57.6,0.0,50.0,0.0,none,67.6,67.6,74.8,76.8,68.2,63.9,80.0,0.57,False,2.75,False,14.087,24.5097,,,28.291,11.64,0.5,6.7,53.0,60.0,85.0,False,,Bio/Healthcare,-404.0,-13487.0,SELL_PRESSURE,-2.0,기관+외국인 순매도 | 모멘텀강세,기관+외국인 순매도,SIDE,횡보장,0.0,대기,,,False,ohlcv_quant,NORMAL,kis,534000.0,2026-10-07T07:17:30.173814+00:00,False,0.0,correction quarantined: no valid promotion lineage,922,mone-v36-deterministic-ranker-v1,3831bfaf2e46d7ad79b82acf1c76c04b181e3d9c,32.9,51,0.51,74.7,0.9,7.13,4.7,True,-6.17,5.98,9.5,관찰후보,아직 준비 신호 부족 — 관심종목으로만 유지,8.0,0.0,0.0,0.0,0.0,1.5,0.0,,25.3,8.1,9.2,0.0,0.0,8.0,0.0
kr,aggressive,공격,mid,중기,aggressive,mid,"volume expansion, short momentum",293490,카카오게임즈,2026-10-07,대기 관찰,1~2일 후 진입,20일선 +8.6% — ATR 기준 단기 눌림 가능,"10,045원",조건부 진입,보유자는 목표가·손절가 대응,기준가 도달 대기,목표가 도달 시 분할익절 / 손절가 이탈 시 종료 / 보유기간 종료 시 재검토,"10,250원","9,163원","13,240원",10250.0,9163,13240,72.7031,"{""entryScore"": 35.0, ""momentumScore"": 70.0, ""qualityScore"": 90.0, ""riskScore"": 71.3, ""rrScore"": 58.7, ""upsideScore"": 77.2}","{""entryScore"": 0.1, ""momentumScore"": 0.25, ""newsRiskPenalty"": 0.05, ""qualityScore"": 0.0, ""riskScore"": 0.1, ""rrScore"": 0.15, ""upsideScore"": 0.35}",correction-shadow-input-v1,32.7,실측 기반 32.7%,True,OBSERVED_WIN_RATE,51,72.7,"10,483원",74.3,35.0,71.3,0.0,50.0,0.0,none,72.7,72.7,74.0,77.2,70.0,58.7,90.0,0.6,False,2.75,False,-11.599,11.2481,,,93.106,-30.7,-32.5,,68.0,38.0,23.0,False,,Game,-18634.0,304791.0,FOREIGN_BUY,4.0,외국인 순매수 | 모멘텀강세,외국인 순매수,SIDE,횡보장,0.0,대기,,,False,ohlcv_quant,NORMAL,kis,10250.0,2026-10-07T07:17:30.173814+00:00,False,0.0,correction quarantined: no valid promotion lineage,922,mone-v36-deterministic-ranker-v1,3831bfaf2e46d7ad79b82acf1c76c04b181e3d9c,32.7,51,0.51,60.2,1.46,8.61,5.3,True,-9.72,6.71,19.0,관찰후보,아직 준비 신호 부족 — 관심종목으로만 유지,8.0,3.0,4.0,0.0,4.0,0.0,0.0,,25.3,8.6,9.7,0.0,3.0,0.0,4.0
kr,aggressive,공격,mid,중기,aggressive,mid,"volume expansion, short momentum",039440,에스티아이,2026-10-07,대기 관찰,3~5일 후 진입,20일선 +13.8% — ATR 기준 4일 눌림 예상,"23,765원",조건부 진입,보유자는 목표가·손절가 대응,기준가 도달 대기,목표가 도달 시 분할익절 / 손절가 이탈 시 종료 / 보유기간 종료 시 재검토,"24,250원","21,519원","31,761원",24250.0,21519,31761,72.2664,"{""entryScore"": 35.0, ""momentumScore"": 77.1, ""qualityScore"": 80.0, ""riskScore"": 56.3, ""rrScore"": 48.2, ""upsideScore"": 79.8}","{""entryScore"": 0.1, ""momentumScore"": 0.25, ""newsRiskPenalty"": 0.05, ""qualityScore"": 0.0, ""riskScore"": 0.1, ""rrScore"": 0.15, ""upsideScore"": 0.35}",correction-shadow-input-v1,32.6,실측 기반 32.6%,True,OBSERVED_WIN_RATE,51,72.3,"24,790원",78.7,35.0,56.3,0.0,50.0,0.0,none,72.3,72.3,73.6,79.8,77.1,48.2,80.0,0.61,False,2.75,False,6.967,,,,1.131,4.0,-16.9,69.9,,58.0,73.0,False,EPS성장 69.9%,Display,77297.0,-74734.0,INST_BUY,4.0,기관 순매수 | 모멘텀강세,기관 순매수,SIDE,횡보장,0.0,대기,,,False,ohlcv_quant,NORMAL,kis,24250.0,2026-10-07T07:17:30.173814+00:00,False,0.0,correction quarantined: no valid promotion lineage,922,mone-v36-deterministic-ranker-v1,3831bfaf2e46d7ad79b82acf1c76c04b181e3d9c,32.6,51,0.51,74.0,1.23,13.83,5.63,False,-7.25,6.81,14.0,관찰후보,아직 준비 신호 부족 — 관심종목으로만 유지,8.0,0.0,0.0,0.0,4.0,2.0,0.0,,24.5,4.1,13.4,0.0,3.0,0.0,4.0
kr,aggressive,공격,mid,중기,aggressive,mid,"volume expansion, short momentum",247540,에코프로비엠,2026-10-07,대기 관찰,3~5일 후 진입,20일선 +13.0% — ATR 기준 5일 눌림 예상,"122,108원",조건부 진입,보유자는 목표가·손절가 대응,기준가 도달 대기,목표가 도달 시 분할익절 / 손절가 이탈 시 종료 / 보유기간 종료 시 재검토,"124,600원","113,271원","155,754원",124600.0,113271,155754,73.6113,"{""entryScore"": 35.0, ""momentumScore"": 95.1, ""qualityScore"": 80.0, ""riskScore"": 49.6, ""rrScore"": 50.0, ""upsideScore"": 89.4}","{""entryScore"": 0.1, ""momentumScore"": 0.25, ""newsRiskPenalty"": 0.05, ""qualityScore"": 0.0, ""riskScore"": 0.1, ""rrScore"": 0.15, ""upsideScore"": 0.35}",correction-shadow-input-v1,32.4,실측 기반 32.4%,True,OBSERVED_WIN_RATE,51,73.6,"127,542원",91.7,35.0,49.6,0.0,50.0,0.0,none,73.6,73.6,73.0,89.4,95.1,50.0,80.0,0.37,False,2.75,False,5.621,103.3083,,,122.898,3.46,-3.9,,35.0,50.0,53.0,False,,Battery/EV,92215.0,154869.0,STRONG_BUY,6.0,기관+외국인 동반매수 | 거래대금증가 | 모멘텀강세,기관+외국인 동반매수,SIDE,횡보장,0.0,대기,,,False,ohlcv_quant,NORMAL,kis,124600.0,2026-10-07T07:17:30.173814+00:00,False,0.0,correction quarantined: no valid promotion lineage,922,mone-v36-deterministic-ranker-v1,3831bfaf2e46d7ad79b82acf1c76c04b181e3d9c,32.4,51,0.51,71.5,2.28,13.02,4.55,True,-12.81,16.65,18.0,관찰후보,아직 준비 신호 부족 — 관심종목으로만 유지,8.0,3.0,0.0,0.0,7.0,0.0,0.0,,46.7,9.9,13.8,0.0,7.0,8.0,8.0
kr,aggressive,공격,mid,중기,aggressive,mid,short momentum,042700,한미반도체,2026-10-07,대기 관찰,1~2일 후 진입,20일선 +8.3% — ATR 기준 단기 눌림 가능,"260,680원",조건부 진입,보유자는 목표가·손절가 대응,기준가 도달 대기,목표가 도달 시 분할익절 / 손절가 이탈 시 종료 / 보유기간 종료 시 재검토,"266,000원","243,321원","328,366원",266000.0,243321,328366,73.6113,"{""entryScore"": 35.0, ""momentumScore"": 70.6, ""qualityScore"": 80.0, ""riskScore"": 51.7, ""rrScore"": 60.6, ""upsideScore"": 78.9}","{""entryScore"": 0.1, ""momentumScore"": 0.25, ""newsRiskPenalty"": 0.05, ""qualityScore"": 0.0, ""riskScore"": 0.1, ""rrScore"": 0.15, ""upsideScore"": 0.35}",correction-shadow-input-v1,32.4,실측 기반 32.4%,True,OBSERVED_WIN_RATE,51,73.6,"272,281원",75.6,35.0,51.7,0.0,50.0,0.0,none,73.6,73.6,73.0,78.9,70.6,60.6,80.0,0.33,False,2.75,False,30.804,48.1212,,1.48,0.354,16.61,-65.5,-65.2,35.0,23.0,93.0,True,ROE 30.8% · 영업이익률 16.6%,Semiconductor,209778.0,17703.0,STRONG_BUY,6.0,기관+외국인 동반매수 | 저평가성장주 | 모멘텀강세,기관+외국인 동반매수 | 저평가성장주,SIDE,횡보장,0.0,대기,,,False,ohlcv_quant,NORMAL,kis,266000.0,2026-10-07T07:17:30.173814+00:00,False,0.0,correction quarantined: no valid promotion lineage,922,mone-v36-deterministic-ranker-v1,3831bfaf2e46d7ad79b82acf1c76c04b181e3d9c,32.4,51,0.51,73.1,0.72,8.33,4.26,True,-11.07,5.75,25.0,섹터후발,"섹터 전반 강세, 이 종목은 아직 후발 — 대장주 추세 확인 후 검토",4.0,5.0,0.0,7.5,7.0,1.5,0.0,,27.3,8.5,10.8,0.0,0.0,0.0,8.0
kr,aggressive,공격,mid,중기,aggressive,mid,"volume expansion, short momentum",373220,LG에너지솔루션,2026-10-07,보류,과열 대기,볼린저 상단 돌파 — 추격 금지,,조건부 진입,보유자는 목표가·손절가 대응,기준가 도달 대기,목표가 도달 시 분할익절 / 손절가 이탈 시 종료 / 보유기간 종료 시 재검토,"389,500원","362,357원","464,143원",389500.0,362357,464143,74.8471,"{""entryScore"": 55.0, ""momentumScore"": 71.8, ""qualityScore"": 80.0, ""riskScore"": 40.5, ""rrScore"": 50.0, ""upsideScore"": 77.9}","{""entryScore"": 0.1, ""momentumScore"": 0.25, ""newsRiskPenalty"": 0.05, ""qualityScore"": 0.0, ""riskScore"": 0.1, ""rrScore"": 0.15, ""upsideScore"": 0.35}",correction-shadow-input-v1,32.2,실측 기반 32.2%,True,OBSERVED_WIN_RATE,51,74.8,"399,178원",75.5,55.0,40.5,0.0,50.0,0.0,none,74.8,74.8,72.3,77.9,71.8,50.0,80.0,0.16,False,2.75,False,-3.562,44.8285,,7.45,82.504,-3.17,-2.5,,35.0,50.0,35.0,False,PEG 7.45 고평가,Battery/EV,360959.0,31568.0,STRONG_BUY,8.0,기관+외국인 동반매수 | 거래대금증가 | 모멘텀강세,기관+외국인 동반매수,SIDE,횡보장,0.0,대기,,,False,ohlcv_quant,NORMAL,kis,389500.0,2026-10-07T07:17:30.173814+00:00,False,0.0,correction quarantined: no valid promotion lineage,922,mone-v36-deterministic-ranker-v1,3831bfaf2e46d7ad79b82acf1c76c04b181e3d9c,32.2,51,0.51,73.8,1.58,7.36,3.48,True,-5.39,10.61,19.0,돌파대기,"박스권 상단 1.0% 이내, 변동성 수렴 — 돌파+거래량 확인 시 진입 검토",4.0,8.0,0.0,0.0,7.0,0.0,0.0,,34.5,8.2,9.5,0.0,7.0,1.8,8.0
kr,aggressive,공격,mid,중기,aggressive,mid,"volume expansion, short momentum",086520,에코프로,2026-10-07,대기 관찰,3~5일 후 진입,20일선 +9.7% — ATR 기준 4일 눌림 예상,"90,062원",조건부 진입,보유자는 목표가·손절가 대응,기준가 도달 대기,목표가 도달 시 분할익절 / 손절가 이탈 시 종료 / 보유기간 종료 시 재검토,"91,900원","84,286원","112,839원",91900.0,84286,112839,73.5369,"{""entryScore"": 35.0, ""momentumScore"": 89.8, ""qualityScore"": 90.0, ""riskScore"": 64.6, ""rrScore"": 50.0, ""upsideScore"": 83.4}","{""entryScore"": 0.1, ""momentumScore"": 0.25, ""newsRiskPenalty"": 0.05, ""qualityScore"": 0.0, ""riskScore"": 0.1, ""rrScore"": 0.15, ""upsideScore"": 0.35}",correction-shadow-input-v1,31.8,실측 기반 31.8%,True,OBSERVED_WIN_RATE,51,73.5,"94,063원",86.0,35.0,64.6,0.0,50.0,0.0,none,73.5,73.5,71.1,83.4,89.8,50.0,90.0,0.15,False,2.75,False,,,,,,,,,,,,False,,Battery/EV,447921.0,764702.0,STRONG_BUY,8.0,기관+외국인 동반매수 | 거래대금증가 | 모멘텀강세,기관+외국인 동반매수,SIDE,횡보장,0.0,대기,,,False,ohlcv_quant,NORMAL,kis,91900.0,2026-10-07T07:17:30.173814+00:00,False,0.0,correction quarantined: no valid promotion lineage,922,mone-v36-deterministic-ranker-v1,3831bfaf2e46d7ad79b82acf1c76c04b181e3d9c,31.8,51,0.51,68.6,2.31,9.68,4.14,True,-8.63,15.87,15.0,관찰후보,아직 준비 신호 부족 — 관심종목으로만 유지,8.0,0.0,0.0,0.0,7.0,0.0,0.0,,38.6,8.9,10.8,0.0,7.0,3.9,8.0
