market,sourceType,symbol,name,date,dday,title,badges,badgeText,riskScore,action,source
kr,일정,,한국 소비자물가지수 CPI (2026-09),2026-10-05,-3.0,한국 소비자물가지수 CPI (2026-09),['매크로 주의'],매크로 주의 D-3,34,근거 확인 후 유지,data/calendar/macro_calendar.csv
kr,일정,,한국은행 기준금리 결정,2026-10-15,7.0,한국은행 기준금리 결정,['매크로 주의'],매크로 주의 D+7,34,근거 확인 후 유지,data/calendar/macro_calendar.csv
kr,일정,,한국 소비자물가지수 CPI (2026-10),2026-11-04,27.0,한국 소비자물가지수 CPI (2026-10),['매크로 주의'],매크로 주의 D+27,34,근거 확인 후 유지,data/calendar/macro_calendar.csv
kr,일정,,한국은행 기준금리 결정,2026-11-26,49.0,한국은행 기준금리 결정,['매크로 주의'],매크로 주의 D+49,34,근거 확인 후 유지,data/calendar/macro_calendar.csv
kr,일정,,한국 소비자물가지수 CPI (2026-11),2026-12-03,56.0,한국 소비자물가지수 CPI (2026-11),['매크로 주의'],매크로 주의 D+56,34,근거 확인 후 유지,data/calendar/macro_calendar.csv
kr,공시,310210,보로노이,20261008,,주요사항보고서(자기전환사채만기전취득결정),['공시 리스크'],공시 리스크,25,신규 진입 기준 강화,data/disclosures/disclosures_kr.csv
kr,공시,042660,한화오션,20261008,,[기재정정]유상증자결정(종속회사의주요경영사항),['공시 리스크'],공시 리스크,25,신규 진입 기준 강화,data/disclosures/disclosures_kr.csv
kr,공시,437730,삼현,20261008,,주요사항보고서(자기전환사채만기전취득결정),['공시 리스크'],공시 리스크,25,신규 진입 기준 강화,data/disclosures/disclosures_kr.csv
kr,공시,373200,엑스플러스,20261008,,증권발행결과(자율공시)              (제3자배정 유상증자-소액공모),['공시 리스크'],공시 리스크,25,신규 진입 기준 강화,data/disclosures/disclosures_kr.csv
kr,공시,060230,제이케이시냅스,20261008,,주요사항보고서(유상증자결정),['공시 리스크'],공시 리스크,25,신규 진입 기준 강화,data/disclosures/disclosures_kr.csv
kr,일정,,한국 소비자물가지수 CPI (2026-06),2026-07-03,-97.0,한국 소비자물가지수 CPI (2026-06),['매크로 주의'],매크로 주의 D-97,24,근거 확인 후 유지,data/calendar/macro_calendar.csv
kr,일정,,한국은행 기준금리 결정,2026-07-16,-84.0,한국은행 기준금리 결정,['매크로 주의'],매크로 주의 D-84,24,근거 확인 후 유지,data/calendar/macro_calendar.csv
kr,일정,,한국 소비자물가지수 CPI (2026-07),2026-08-05,-64.0,한국 소비자물가지수 CPI (2026-07),['매크로 주의'],매크로 주의 D-64,24,근거 확인 후 유지,data/calendar/macro_calendar.csv
kr,일정,,한국은행 기준금리 결정,2026-08-27,-42.0,한국은행 기준금리 결정,['매크로 주의'],매크로 주의 D-42,24,근거 확인 후 유지,data/calendar/macro_calendar.csv
kr,일정,,한국 소비자물가지수 CPI (2026-08),2026-09-03,-35.0,한국 소비자물가지수 CPI (2026-08),['매크로 주의'],매크로 주의 D-35,24,근거 확인 후 유지,data/calendar/macro_calendar.csv
kr,공시,033340,좋은사람들,20261008,,주권매매거래정지해제              (감자 주권 변경상장 등),['재료 소멸 주의'],재료 소멸 주의,16,근거 확인 후 유지,data/disclosures/disclosures_kr.csv
kr,공시,131400,이브이첨단소재,20261008,,소액공모실적보고서,['실적 이벤트'],실적 이벤트,15,근거 확인 후 유지,data/disclosures/disclosures_kr.csv
kr,공시,000250,삼천당제약,20261008,,[기재정정]분기보고서 (2026.03),['실적 이벤트'],실적 이벤트,15,근거 확인 후 유지,data/disclosures/disclosures_kr.csv
kr,공시,004940,하나은행,20261008,,증권발행실적보고서,['실적 이벤트'],실적 이벤트,15,근거 확인 후 유지,data/disclosures/disclosures_kr.csv
kr,공시,373200,엑스플러스,20261008,,소액공모실적보고서,['실적 이벤트'],실적 이벤트,15,근거 확인 후 유지,data/disclosures/disclosures_kr.csv
kr,공시,001720,신영증권,20261008,,증권발행실적보고서,['실적 이벤트'],실적 이벤트,15,근거 확인 후 유지,data/disclosures/disclosures_kr.csv
kr,일정,,한국 산업생산지수 (2026-10),2026-10-31,23.0,한국 산업생산지수 (2026-10),['이벤트 주의'],이벤트 주의 D+23,12,근거 확인 후 유지,data/calendar/macro_calendar.csv
kr,일정,,한국 수출입 통계 (2026-11),2026-11-01,24.0,한국 수출입 통계 (2026-11),['이벤트 주의'],이벤트 주의 D+24,12,근거 확인 후 유지,data/calendar/macro_calendar.csv
kr,일정,,한국 산업생산지수 (2026-11),2026-11-30,53.0,한국 산업생산지수 (2026-11),['이벤트 주의'],이벤트 주의 D+53,12,근거 확인 후 유지,data/calendar/macro_calendar.csv
kr,일정,,한국 수출입 통계 (2026-12),2026-12-01,54.0,한국 수출입 통계 (2026-12),['이벤트 주의'],이벤트 주의 D+54,12,근거 확인 후 유지,data/calendar/macro_calendar.csv
kr,일정,,한국 산업생산지수 (2026-06),2026-06-30,-100.0,한국 산업생산지수 (2026-06),['이벤트 주의'],이벤트 주의 D-100,4,근거 확인 후 유지,data/calendar/macro_calendar.csv
kr,일정,,한국 수출입 통계 (2026-07),2026-07-01,-99.0,한국 수출입 통계 (2026-07),['이벤트 주의'],이벤트 주의 D-99,4,근거 확인 후 유지,data/calendar/macro_calendar.csv
kr,일정,,한국 산업생산지수 (2026-07),2026-07-31,-69.0,한국 산업생산지수 (2026-07),['이벤트 주의'],이벤트 주의 D-69,4,근거 확인 후 유지,data/calendar/macro_calendar.csv
kr,일정,,한국 수출입 통계 (2026-08),2026-08-01,-68.0,한국 수출입 통계 (2026-08),['이벤트 주의'],이벤트 주의 D-68,4,근거 확인 후 유지,data/calendar/macro_calendar.csv
kr,일정,,한국 산업생산지수 (2026-08),2026-08-31,-38.0,한국 산업생산지수 (2026-08),['이벤트 주의'],이벤트 주의 D-38,4,근거 확인 후 유지,data/calendar/macro_calendar.csv
kr,일정,,한국 수출입 통계 (2026-09),2026-09-01,-37.0,한국 수출입 통계 (2026-09),['이벤트 주의'],이벤트 주의 D-37,4,근거 확인 후 유지,data/calendar/macro_calendar.csv
kr,일정,,한국 산업생산지수 (2026-09),2026-09-30,-8.0,한국 산업생산지수 (2026-09),['이벤트 주의'],이벤트 주의 D-8,4,근거 확인 후 유지,data/calendar/macro_calendar.csv
kr,일정,,한국 수출입 통계 (2026-10),2026-10-01,-7.0,한국 수출입 통계 (2026-10),['이벤트 주의'],이벤트 주의 D-7,4,근거 확인 후 유지,data/calendar/macro_calendar.csv
kr,일정,000720,000720,2026-07-20,-80.0,000720,['이벤트 주의'],이벤트 주의 D-80,4,근거 확인 후 유지,data/calendar/earnings_calendar.csv
kr,일정,011070,011070,2026-07-22,-78.0,011070,['이벤트 주의'],이벤트 주의 D-78,4,근거 확인 후 유지,data/calendar/earnings_calendar.csv
kr,일정,207940,207940,2026-07-22,-78.0,207940,['이벤트 주의'],이벤트 주의 D-78,4,근거 확인 후 유지,data/calendar/earnings_calendar.csv
kr,일정,005380,005380,2026-07-23,-77.0,005380,['이벤트 주의'],이벤트 주의 D-77,4,근거 확인 후 유지,data/calendar/earnings_calendar.csv
kr,일정,018260,018260,2026-07-23,-77.0,018260,['이벤트 주의'],이벤트 주의 D-77,4,근거 확인 후 유지,data/calendar/earnings_calendar.csv
kr,일정,064350,064350,2026-07-23,-77.0,064350,['이벤트 주의'],이벤트 주의 D-77,4,근거 확인 후 유지,data/calendar/earnings_calendar.csv
kr,일정,086280,086280,2026-07-23,-77.0,086280,['이벤트 주의'],이벤트 주의 D-77,4,근거 확인 후 유지,data/calendar/earnings_calendar.csv
kr,일정,010950,010950,2026-07-24,-76.0,010950,['이벤트 주의'],이벤트 주의 D-76,4,근거 확인 후 유지,data/calendar/earnings_calendar.csv
kr,일정,012330,012330,2026-07-24,-76.0,012330,['이벤트 주의'],이벤트 주의 D-76,4,근거 확인 후 유지,data/calendar/earnings_calendar.csv
kr,일정,055550,055550,2026-07-24,-76.0,055550,['이벤트 주의'],이벤트 주의 D-76,4,근거 확인 후 유지,data/calendar/earnings_calendar.csv
kr,일정,086790,086790,2026-07-24,-76.0,086790,['이벤트 주의'],이벤트 주의 D-76,4,근거 확인 후 유지,data/calendar/earnings_calendar.csv
kr,일정,128940,128940,2026-07-24,-76.0,128940,['이벤트 주의'],이벤트 주의 D-76,4,근거 확인 후 유지,data/calendar/earnings_calendar.csv
kr,일정,003670,003670,2026-07-27,-73.0,003670,['이벤트 주의'],이벤트 주의 D-73,4,근거 확인 후 유지,data/calendar/earnings_calendar.csv
kr,일정,042660,042660,2026-07-27,-73.0,042660,['이벤트 주의'],이벤트 주의 D-73,4,근거 확인 후 유지,data/calendar/earnings_calendar.csv
kr,일정,005930,005930,2026-07-29,-71.0,005930,['이벤트 주의'],이벤트 주의 D-71,4,근거 확인 후 유지,data/calendar/earnings_calendar.csv
kr,일정,005490,005490,2026-07-30,-70.0,005490,['이벤트 주의'],이벤트 주의 D-70,4,근거 확인 후 유지,data/calendar/earnings_calendar.csv
kr,일정,009150,009150,2026-07-30,-70.0,009150,['이벤트 주의'],이벤트 주의 D-70,4,근거 확인 후 유지,data/calendar/earnings_calendar.csv
kr,일정,009540,009540,2026-07-30,-70.0,009540,['이벤트 주의'],이벤트 주의 D-70,4,근거 확인 후 유지,data/calendar/earnings_calendar.csv
kr,일정,012450,012450,2026-07-30,-70.0,012450,['이벤트 주의'],이벤트 주의 D-70,4,근거 확인 후 유지,data/calendar/earnings_calendar.csv
kr,일정,028670,028670,2026-07-30,-70.0,028670,['이벤트 주의'],이벤트 주의 D-70,4,근거 확인 후 유지,data/calendar/earnings_calendar.csv
kr,일정,096770,096770,2026-07-30,-70.0,096770,['이벤트 주의'],이벤트 주의 D-70,4,근거 확인 후 유지,data/calendar/earnings_calendar.csv
kr,일정,017670,017670,2026-08-05,-64.0,017670,['이벤트 주의'],이벤트 주의 D-64,4,근거 확인 후 유지,data/calendar/earnings_calendar.csv
kr,일정,041510,041510,2026-08-05,-64.0,041510,['이벤트 주의'],이벤트 주의 D-64,4,근거 확인 후 유지,data/calendar/earnings_calendar.csv
kr,일정,145020,145020,2026-08-05,-64.0,145020,['이벤트 주의'],이벤트 주의 D-64,4,근거 확인 후 유지,data/calendar/earnings_calendar.csv
kr,일정,035720,035720,2026-08-06,-63.0,035720,['이벤트 주의'],이벤트 주의 D-63,4,근거 확인 후 유지,data/calendar/earnings_calendar.csv
kr,일정,042700,042700,2026-08-06,-63.0,042700,['이벤트 주의'],이벤트 주의 D-63,4,근거 확인 후 유지,data/calendar/earnings_calendar.csv
kr,일정,068270,068270,2026-08-06,-63.0,068270,['이벤트 주의'],이벤트 주의 D-63,4,근거 확인 후 유지,data/calendar/earnings_calendar.csv
kr,일정,032640,032640,2026-08-07,-62.0,032640,['이벤트 주의'],이벤트 주의 D-62,4,근거 확인 후 유지,data/calendar/earnings_calendar.csv
kr,공시,058730,다스코,20261008,,[기재정정]단일판매ㆍ공급계약체결(자율공시),['신뢰도 높은 공시'],신뢰도 높은 공시,0,근거 확인 후 유지,data/disclosures/disclosures_kr.csv
kr,공시,440110,파두,20261008,,[기재정정]단일판매ㆍ공급계약체결,['신뢰도 높은 공시'],신뢰도 높은 공시,0,근거 확인 후 유지,data/disclosures/disclosures_kr.csv
kr,공시,007820,엠엑스로보틱스,20261008,,[기재정정]단일판매ㆍ공급계약체결(자율공시),['신뢰도 높은 공시'],신뢰도 높은 공시,0,근거 확인 후 유지,data/disclosures/disclosures_kr.csv
kr,공시,226950,올릭스,20261008,,"[기재정정]투자판단관련주요경영사항(임상시험계획승인신청등결정)              (안드로겐성 탈모가 있는 건강한 남성을 대상으로 OLX72021의 안전성과 유효성을 평가하기 위한 다기관, 무작위 배정, 이중 눈가림, 위약 대조, 다중 상승 용량 제1b/2a상 임상시험 계획 승인)",['신뢰도 높은 공시'],신뢰도 높은 공시,0,근거 확인 후 유지,data/disclosures/disclosures_kr.csv
kr,공시,189300,인텔리안테크,20261008,,[기재정정]단일판매ㆍ공급계약체결,['신뢰도 높은 공시'],신뢰도 높은 공시,0,근거 확인 후 유지,data/disclosures/disclosures_kr.csv
