market,mode,modeLabel,horizon,horizonLabel,primaryMode,primaryHorizon,profileReason,symbol,name,asOfDate,decisionBucket,timingLabel,timingReason,expectedEntryPrice,newEntryDecision,holderDecision,buyTiming,sellTiming,entry,stop,target,rawEntry,rawStop,rawTarget,rawModelScore,scoreComponentsJson,scoreWeightsJson,correctionInputContractVersion,probability,probabilityText,probabilityMeasured,probabilitySource,probabilitySampleCount,modelScore,expectedPrice,opportunityScore,entryScore,riskScore,eventRiskScore,newsReliabilityScore,newsRiskPenalty,finalRankScore,finalScore,baseScore,upsideScore,momentumScore,rrScore,qualityScore,expectedValue,evNegative,rrActual,maConvergence,supplySignal,surgeLabel,eventBadges,marketRegime,marketRegimeLabel,marketRegimeAdjust,executionStatus,exitStatus,pnlText,excludedFromReturn,sourceBucket,dataStatus,priceSource,currentPrice,generatedAt,correctionApplied,correctionConfidence,correctionSummary,appliedCorrectionVersion,modelVersion,codeVersion,verifiedWinRate,winRateSampleCount,winRateConfidenceWeight,rsi14,volumeRatio20,distanceToMa20,atr14Pct,maFullAlign,mdd20,recentMomentum5,setupScore,setupBucket,setupReason,accumulationScore,convergenceScore,pullbackPreScore,sectorLeadScore,supplyPreScore,catalystScore,overextensionRisk,overextensionReasons,momentumContinuationScore,trendStrengthScore,relativeStrengthScore,nearHighScore,volumeConfirmationScore,sectorLeaderScore,supplyContinuationScore
us,conservative,보수,mid,중기,conservative,mid,"stable RSI, near MA20, mid-term trend",LLY,Eli Lilly,2026-10-08,오늘 진입,수렴 진입,이격도 수렴 완성 — 최적 진입 타이밍,,조건부 진입,보유자는 목표가·손절가 대응,조건부 매수 등록,목표가 도달 시 분할익절 / 손절가 이탈 시 종료,"$1,175.02","$1,101.00","$1,379.00",1175.02,1101,1379,85.58,"{""entryScore"": 75.0, ""momentumScore"": 55.3, ""qualityScore"": 90.0, ""riskScore"": 78.8, ""rrScore"": 48.4, ""upsideScore"": 55.9}","{""entryScore"": 0.2, ""momentumScore"": 0.15, ""newsRiskPenalty"": 0.05, ""qualityScore"": 0.1, ""riskScore"": 0.35, ""rrScore"": 0.15, ""upsideScore"": 0.0}",correction-shadow-input-v1,40.8,실측 기반 40.8%,True,OBSERVED_WIN_RATE,137,85.6,"$1,216.83",55.7,75.0,78.8,0,50,0,85.6,85.6,86.1,55.9,55.3,48.4,90.0,2.6,False,2.76,True,NEUTRAL,이격도수렴 | 눌림목매수,이격도수렴,BULL,강세장,5.0,체결,,,False,ohlcv_quant,NORMAL,live,1175.02,2026-10-09T14:39:44.846727+00:00,False,0.9,correction quarantined: no valid promotion lineage,956,mone-v36-deterministic-ranker-v1,e497fc200a457b8ca9f92f5d67d8249ac5c2ce8c,40.8,137,1.0,54.7,1.34,1.46,3.16,False,-3.54,1.72,15.0,관찰후보,아직 준비 신호 부족 — 관심종목으로만 유지,7.0,4.0,4.0,0.0,0.0,0.0,0.0,,6.7,0.4,2.9,0.0,3.0,0.4,0.0
us,conservative,보수,mid,중기,conservative,mid,"stable RSI, near MA20, mid-term trend",RKLB,Rocket Lab,2026-10-08,오늘 진입,즉시 진입,20일선 -2.7% — 최적 진입 구간,,조건부 진입,보유자는 목표가·손절가 대응,조건부 매수 등록,목표가 도달 시 분할익절 / 손절가 이탈 시 종료,$67.58,$59.00,$90.00,67.585,59,90,82.748,"{""entryScore"": 75.0, ""momentumScore"": 52.7, ""qualityScore"": 90.0, ""riskScore"": 72.4, ""rrScore"": 50.0, ""upsideScore"": 53.9}","{""entryScore"": 0.2, ""momentumScore"": 0.15, ""newsRiskPenalty"": 0.05, ""qualityScore"": 0.1, ""riskScore"": 0.35, ""rrScore"": 0.15, ""upsideScore"": 0.0}",correction-shadow-input-v1,40.1,실측 기반 40.1%,True,OBSERVED_WIN_RATE,137,82.7,$69.80,53.4,75.0,72.4,0,50,0,82.7,82.7,83.7,53.9,52.7,50.0,90.0,4.55,False,2.61,False,NEUTRAL,눌림목매수 | 모멘텀강세,,BULL,강세장,5.0,체결,,,False,ohlcv_quant,NORMAL,live,67.585,2026-10-09T14:39:44.846727+00:00,False,0.9,correction quarantined: no valid promotion lineage,956,mone-v36-deterministic-ranker-v1,e497fc200a457b8ca9f92f5d67d8249ac5c2ce8c,40.1,137,1.0,56.2,1.07,-2.7,6.13,False,-8.87,-2.92,10.0,관찰후보,아직 준비 신호 부족 — 관심종목으로만 유지,0.0,0.0,10.0,0.0,0.0,0.0,0.0,,13.2,0.0,5.2,0.0,0.0,8.0,0.0
us,conservative,보수,mid,중기,conservative,mid,"stable RSI, near MA20",CAT,Caterpillar,2026-10-08,기다림,관망,점수·추세 조건 미충족,,조건부 진입,보유자는 목표가·손절가 대응,기준가 도달 대기,목표가 도달 시 분할익절 / 손절가 이탈 시 종료,$798.88,$747.00,$942.00,798.88,747,942,81.686,"{""entryScore"": 75.0, ""momentumScore"": 45.0, ""qualityScore"": 90.0, ""riskScore"": 73.7, ""rrScore"": 48.3, ""upsideScore"": 43.6}","{""entryScore"": 0.2, ""momentumScore"": 0.15, ""newsRiskPenalty"": 0.05, ""qualityScore"": 0.1, ""riskScore"": 0.35, ""rrScore"": 0.15, ""upsideScore"": 0.0}",correction-shadow-input-v1,39.8,실측 기반 39.8%,True,OBSERVED_WIN_RATE,137,81.7,$824.19,44.2,75.0,73.7,0,50,0,81.7,81.7,82.8,43.6,45.0,48.3,90.0,2.46,False,2.76,False,NEUTRAL,눌림목매수,,BULL,강세장,5.0,대기,,,False,ohlcv_quant,NORMAL,live,798.88,2026-10-09T14:39:44.846727+00:00,False,0.9,correction quarantined: no valid promotion lineage,956,mone-v36-deterministic-ranker-v1,e497fc200a457b8ca9f92f5d67d8249ac5c2ce8c,39.8,137,1.0,46.6,1.13,-1.92,3.26,False,-7.79,-3.65,4.0,관찰후보,아직 준비 신호 부족 — 관심종목으로만 유지,0.0,0.0,4.0,0.0,0.0,0.0,0.0,,3.3,0.0,0.0,0.0,0.0,3.3,0.0
us,conservative,보수,mid,중기,conservative,mid,"stable RSI, near MA20, mid-term trend",GOOGL,GOOGL,2026-10-08,오늘 진입,수렴 진입,이격도 수렴 완성 — 최적 진입 타이밍,,조건부 진입,보유자는 목표가·손절가 대응,조건부 매수 등록,목표가 도달 시 분할익절 / 손절가 이탈 시 종료,$352.38,$335.00,$401.00,352.38,335,401,80.742,"{""entryScore"": 75.0, ""momentumScore"": 57.4, ""qualityScore"": 90.0, ""riskScore"": 77.2, ""rrScore"": 49.2, ""upsideScore"": 58.7}","{""entryScore"": 0.2, ""momentumScore"": 0.15, ""newsRiskPenalty"": 0.05, ""qualityScore"": 0.1, ""riskScore"": 0.35, ""rrScore"": 0.15, ""upsideScore"": 0.0}",correction-shadow-input-v1,39.6,실측 기반 39.6%,True,OBSERVED_WIN_RATE,137,80.7,$363.21,58.2,75.0,77.2,0,50,0,80.7,80.7,82.0,58.7,57.4,49.2,90.0,1.82,False,2.8,True,NEUTRAL,이격도수렴 | 눌림목매수,이격도수렴,BULL,강세장,5.0,체결,,,False,ohlcv_quant,NORMAL,live,352.38,2026-10-09T14:39:44.846727+00:00,False,0.9,correction quarantined: no valid promotion lineage,956,mone-v36-deterministic-ranker-v1,e497fc200a457b8ca9f92f5d67d8249ac5c2ce8c,39.6,137,1.0,48.9,0.88,2.06,2.5,True,-4.83,2.97,12.0,관찰후보,아직 준비 신호 부족 — 관심종목으로만 유지,4.0,4.0,4.0,0.0,0.0,0.0,0.0,,13.7,6.6,3.8,0.0,0.0,3.3,0.0
us,conservative,보수,mid,중기,conservative,mid,"stable RSI, near MA20, mid-term trend",SMCI,Super Micro Computer,2026-10-08,오늘 진입,즉시 진입,20일선 +0.7% — 최적 진입 구간,,조건부 진입,보유자는 목표가·손절가 대응,조건부 매수 등록,목표가 도달 시 분할익절 / 손절가 이탈 시 종료,$41.38,$37.00,$53.00,41.385,37,53,80.506,"{""entryScore"": 75.0, ""momentumScore"": 61.5, ""qualityScore"": 90.0, ""riskScore"": 69.7, ""rrScore"": 68.0, ""upsideScore"": 72.1}","{""entryScore"": 0.2, ""momentumScore"": 0.15, ""newsRiskPenalty"": 0.05, ""qualityScore"": 0.1, ""riskScore"": 0.35, ""rrScore"": 0.15, ""upsideScore"": 0.0}",correction-shadow-input-v1,39.5,실측 기반 39.5%,True,OBSERVED_WIN_RATE,137,80.5,$42.65,67.9,75.0,69.7,0,50,0,80.5,80.5,81.8,72.1,61.5,68.0,90.0,3.68,False,2.65,False,NEUTRAL,눌림목매수 | 모멘텀강세,,BULL,강세장,5.0,체결,,,False,ohlcv_quant,NORMAL,live,41.385,2026-10-09T14:39:44.846727+00:00,False,0.9,correction quarantined: no valid promotion lineage,956,mone-v36-deterministic-ranker-v1,e497fc200a457b8ca9f92f5d67d8249ac5c2ce8c,39.5,137,1.0,63.4,1.04,0.75,5.31,True,-11.12,2.03,14.0,관찰후보,아직 준비 신호 부족 — 관심종목으로만 유지,8.0,0.0,6.0,0.0,0.0,0.0,0.0,,19.3,6.2,8.2,0.0,0.0,4.9,0.0
us,conservative,보수,mid,중기,conservative,mid,"stable RSI, near MA20, mid-term trend",ABNB,ABNB,2026-10-08,오늘 진입,수렴 진입,이격도 수렴 완성 — 최적 진입 타이밍,,조건부 진입,보유자는 목표가·손절가 대응,조건부 매수 등록,목표가 도달 시 분할익절 / 손절가 이탈 시 종료,$163.23,$152.00,$193.00,163.22999572753906,152,193,80.388,"{""entryScore"": 75.0, ""momentumScore"": 50.8, ""qualityScore"": 90.0, ""riskScore"": 68.2, ""rrScore"": 47.8, ""upsideScore"": 50.5}","{""entryScore"": 0.2, ""momentumScore"": 0.15, ""newsRiskPenalty"": 0.05, ""qualityScore"": 0.1, ""riskScore"": 0.35, ""rrScore"": 0.15, ""upsideScore"": 0.0}",correction-shadow-input-v1,39.5,실측 기반 39.5%,True,OBSERVED_WIN_RATE,137,80.4,$168.19,50.6,75.0,68.2,0,50,0,80.4,80.4,81.7,50.5,50.8,47.8,90.0,2.27,False,2.65,True,NEUTRAL,이격도수렴 | 눌림목매수,이격도수렴,BULL,강세장,5.0,체결,,,False,ohlcv_quant,PARTIAL,ohlcv,163.22999572753906,2026-10-09T14:39:44.846727+00:00,False,0.9,correction quarantined: no valid promotion lineage,956,mone-v36-deterministic-ranker-v1,e497fc200a457b8ca9f92f5d67d8249ac5c2ce8c,39.5,137,1.0,46.4,0.73,0.73,3.36,False,-12.35,1.72,12.0,관찰후보,아직 준비 신호 부족 — 관심종목으로만 유지,4.0,4.0,4.0,0.0,0.0,0.0,0.0,,2.8,0.2,0.9,0.0,0.0,1.7,0.0
us,conservative,보수,mid,중기,conservative,mid,"stable RSI, near MA20, mid-term trend",META,META,2026-10-08,오늘 진입,즉시 진입,20일선 +0.8% — 최적 진입 구간,,조건부 진입,보유자는 목표가·손절가 대응,조건부 매수 등록,목표가 도달 시 분할익절 / 손절가 이탈 시 종료,$721.28,$667.00,$872.00,721.285,667,872,80.27,"{""entryScore"": 75.0, ""momentumScore"": 56.7, ""qualityScore"": 90.0, ""riskScore"": 73.4, ""rrScore"": 63.0, ""upsideScore"": 64.0}","{""entryScore"": 0.2, ""momentumScore"": 0.15, ""newsRiskPenalty"": 0.05, ""qualityScore"": 0.1, ""riskScore"": 0.35, ""rrScore"": 0.15, ""upsideScore"": 0.0}",correction-shadow-input-v1,39.4,실측 기반 39.4%,True,OBSERVED_WIN_RATE,137,80.3,$743.12,61.1,75.0,73.4,0,50,0,80.3,80.3,81.6,64.0,56.7,63.0,90.0,2.86,False,2.78,False,NEUTRAL,눌림목매수 | 모멘텀강세,,BULL,강세장,5.0,체결,,,False,ohlcv_quant,NORMAL,live,721.285,2026-10-09T14:39:44.846727+00:00,False,0.9,correction quarantined: no valid promotion lineage,956,mone-v36-deterministic-ranker-v1,e497fc200a457b8ca9f92f5d67d8249ac5c2ce8c,39.4,137,1.0,60.7,0.73,0.79,3.8,True,-7.97,-0.69,10.0,관찰후보,아직 준비 신호 부족 — 관심종목으로만 유지,0.0,0.0,10.0,0.0,0.0,0.0,0.0,,20.1,6.2,5.9,0.0,0.0,8.0,0.0
us,conservative,보수,mid,중기,conservative,mid,"stable RSI, near MA20, mid-term trend",NOW,ServiceNow,2026-10-08,오늘 진입,즉시 진입,20일선 +2.9% — 최적 진입 구간,,조건부 진입,보유자는 목표가·손절가 대응,조건부 매수 등록,목표가 도달 시 분할익절 / 손절가 이탈 시 종료,$140.93,$130.00,$171.00,140.93,130,171,80.152,"{""entryScore"": 75.0, ""momentumScore"": 57.1, ""qualityScore"": 90.0, ""riskScore"": 72.5, ""rrScore"": 57.3, ""upsideScore"": 61.5}","{""entryScore"": 0.2, ""momentumScore"": 0.15, ""newsRiskPenalty"": 0.05, ""qualityScore"": 0.1, ""riskScore"": 0.35, ""rrScore"": 0.15, ""upsideScore"": 0.0}",correction-shadow-input-v1,39.4,실측 기반 39.4%,True,OBSERVED_WIN_RATE,137,80.2,$145.18,59.7,75.0,72.5,0,50,0,80.2,80.2,81.5,61.5,57.1,57.3,90.0,2.88,False,2.75,False,NEUTRAL,눌림목매수,,BULL,강세장,5.0,체결,,,False,ohlcv_quant,NORMAL,live,140.93,2026-10-09T14:39:44.846727+00:00,False,0.9,correction quarantined: no valid promotion lineage,956,mone-v36-deterministic-ranker-v1,e497fc200a457b8ca9f92f5d67d8249ac5c2ce8c,39.4,137,1.0,56.2,1.07,2.92,3.83,True,-8.72,1.44,9.4,관찰후보,아직 준비 신호 부족 — 관심종목으로만 유지,4.0,0.0,4.0,1.4,0.0,0.0,0.0,,10.9,6.9,4.0,0.0,0.0,0.0,0.0
us,conservative,보수,mid,중기,conservative,mid,"stable RSI, near MA20, mid-term trend",AMZN,Amazon,2026-10-08,오늘 진입,수렴 진입,이격도 수렴 완성 — 최적 진입 타이밍,,조건부 진입,보유자는 목표가·손절가 대응,조건부 매수 등록,목표가 도달 시 분할익절 / 손절가 이탈 시 종료,$258.88,$248.00,$289.00,258.88,248,289,80.034,"{""entryScore"": 75.0, ""momentumScore"": 54.8, ""qualityScore"": 90.0, ""riskScore"": 77.3, ""rrScore"": 47.3, ""upsideScore"": 54.2}","{""entryScore"": 0.2, ""momentumScore"": 0.15, ""newsRiskPenalty"": 0.05, ""qualityScore"": 0.1, ""riskScore"": 0.35, ""rrScore"": 0.15, ""upsideScore"": 0.0}",correction-shadow-input-v1,39.4,실측 기반 39.4%,True,OBSERVED_WIN_RATE,137,80.0,$266.66,54.4,75.0,77.3,0,50,0,80.0,80.0,81.4,54.2,54.8,47.3,90.0,1.42,False,2.77,True,NEUTRAL,이격도수렴 | 눌림목매수,이격도수렴,BULL,강세장,5.0,체결,,,False,ohlcv_quant,NORMAL,live,258.88,2026-10-09T14:39:44.846727+00:00,False,0.9,correction quarantined: no valid promotion lineage,956,mone-v36-deterministic-ranker-v1,e497fc200a457b8ca9f92f5d67d8249ac5c2ce8c,39.4,137,1.0,50.4,1.02,2.84,2.1,False,-4.76,2.35,12.0,관찰후보,아직 준비 신호 부족 — 관심종목으로만 유지,4.0,4.0,4.0,0.0,0.0,0.0,0.0,,7.0,0.9,1.6,0.0,0.0,4.5,0.0
us,conservative,보수,mid,중기,conservative,mid,stable RSI,ISRG,Intuitive Surgical,2026-10-08,대기 관찰,3~5일 후 진입,20일선 +6.6% — ATR 기준 5일 눌림 예상,$415.76,조건부 진입,보유자는 목표가·손절가 대응,기준가 도달 대기,목표가 도달 시 분할익절 / 손절가 이탈 시 종료,$424.24,$402.00,$484.00,424.24,402,484,71.538,"{""entryScore"": 55.0, ""momentumScore"": 66.7, ""qualityScore"": 90.0, ""riskScore"": 76.4, ""rrScore"": 50.0, ""upsideScore"": 71.3}","{""entryScore"": 0.2, ""momentumScore"": 0.15, ""newsRiskPenalty"": 0.05, ""qualityScore"": 0.1, ""riskScore"": 0.35, ""rrScore"": 0.15, ""upsideScore"": 0.0}",correction-shadow-input-v1,37.2,실측 기반 37.2%,True,OBSERVED_WIN_RATE,137,71.5,$433.38,69.5,55.0,76.4,0,50,0,71.5,71.5,74.2,71.3,66.7,50.0,90.0,1.3,False,2.69,False,NEUTRAL,모멘텀강세,,BULL,강세장,5.0,대기,,,False,ohlcv_quant,NORMAL,live,424.24,2026-10-09T14:39:44.846727+00:00,False,0.9,correction quarantined: no valid promotion lineage,956,mone-v36-deterministic-ranker-v1,e497fc200a457b8ca9f92f5d67d8249ac5c2ce8c,37.2,137,1.0,64.0,1.13,6.62,2.57,True,-5.51,3.53,4.0,관찰후보,아직 준비 신호 부족 — 관심종목으로만 유지,4.0,0.0,0.0,0.0,0.0,0.0,0.0,,25.4,8.0,9.4,0.0,0.0,8.0,0.0
