시장,제목,3줄요약,제목_한글,요약_한글,출처,URL,게시시간,다음행동,종목코드,종목명
한국주식,"같은 날 급여된 파드셉·빌로이 ""항암치료의 새 지평 제시""",한국아스텔라스의 항체-약물접합체(ADC) 치료제 '파드셉(성분명: 엔포투맙베도틴)'과 클라우딘18.2 표적치료제 '빌로이(성분명: 졸베툭시맙)'의 국내 건강보험 급여 등재 기념 기자간담회가 8일 콘래드 서울에서 열렸다.파드셉은 1일 '펨브롤리주맙과의 병용요법으로 국소 진행성 또는 전이성 요로상피암 성인 환자의 1차 치료제'로 국내 적응증 허가 후 2년 3개월 만에 급여 결정됐다.요로상피암 세포에서 많이 발현되는 넥틴-4(Nectin-4)를 표적으로 하며 국소 진행성 또는 전이성 요로상피암,"같은 날 급여된 파드셉·빌로이 ""항암치료의 새 지평 제시""",한국아스텔라스의 항체-약물접합체(ADC) 치료제 '파드셉(성분명: 엔포투맙베도틴)'과 클라우딘18.2 표적치료제 '빌로이(성분명: 졸베툭시맙)'의 국내 건강보험 급여 등재 기념 기자간담회가 8일 콘래드 서울에서 열렸다.파드셉은 1일 '펨브롤리주맙과의 병용요법으로 국소 진행성 또는 전이성 요로상피암 성인 환자의 1차 치료제'로 국내 적응증 허가 후 2년 3개월 만에 급여 결정됐다.요로상피암 세포에서 많이 발현되는 넥틴-4(Nectin-4)를 표적으로 하며 국소 진행성 또는 전이성 요로상피암,의협신문,https://www.doctorsnews.co.kr/news/articleView.html?idxno=166691,2026-10-08T13:38:29Z,뉴스만으로 매수하지 말고 가격·수급·재무를 함께 확인,,종목
한국주식,대체 얼마나 벌어야 오르나…삼전닉스 개미들 속타는 이유,"대체 얼마나 벌어야 오르나…삼전닉스 개미들 속타는 이유, 삼성전자, 영업익 100조 시대에도 하락…SK하이닉스는? 삼성전자 한국기업 첫 분기 영업이익 100조원 시대 열어 호실적에도 주가 하락…금리·수급에 호황 지속성 우려 겹쳐 SK하이닉스 3분기 영업익 77조 전망…내년 100조 분기도 기대 삼성전자도 기대 여전…증권가, 실적 개선·주주환원에 주목",대체 얼마나 벌어야 오르나…삼전닉스 개미들 속타는 이유,"대체 얼마나 벌어야 오르나…삼전닉스 개미들 속타는 이유, 삼성전자, 영업익 100조 시대에도 하락…SK하이닉스는? 삼성전자 한국기업 첫 분기 영업이익 100조원 시대 열어 호실적에도 주가 하락…금리·수급에 호황 지속성 우려 겹쳐 SK하이닉스 3분기 영업익 77조 전망…내년 100조 분기도 기대 삼성전자도 기대 여전…증권가, 실적 개선·주주환원에 주목",한국경제,https://www.hankyung.com/article/2026100815886,2026-10-08T13:00:01Z,뉴스만으로 매수하지 말고 가격·수급·재무를 함께 확인,,종목
한국주식,"서울 아파트값 상승률, ‘비강남’이 다시 끌어올렸다","서울 아파트 가격 상승폭이 최근 5주 연속 줄어들다 이번주 소폭 확대됐다. 강남 3구(강남·서초·송파구)와 용산구의 하락세는 이어진 반면, ‘금·관·구’(금천·관악·구로구) 등 비강남 일부 지역에선 상승폭이 다시 커졌다. 한국부동산원이 8일 공표한 주간 아파트 가격 동향을 보면, 서울 아파트 가격은 10월 첫째 주(지난 5일 기준) 0.12% 올랐다....","서울 아파트값 상승률, ‘비강남’이 다시 끌어올렸다","서울 아파트 가격 상승폭이 최근 5주 연속 줄어들다 이번주 소폭 확대됐다. 강남 3구(강남·서초·송파구)와 용산구의 하락세는 이어진 반면, ‘금·관·구’(금천·관악·구로구) 등 비강남 일부 지역에선 상승폭이 다시 커졌다. 한국부동산원이 8일 공표한 주간 아파트 가격 동향을 보면, 서울 아파트 가격은 10월 첫째 주(지난 5일 기준) 0.12% 올랐다....",경향신문,https://www.khan.co.kr/article/202610082157005,2026-10-08T12:57:00Z,뉴스만으로 매수하지 말고 가격·수급·재무를 함께 확인,,종목
한국주식,"이억원 ""코스닥 상폐 시총기준 살펴볼 것…세그먼트 낙인효과 없어야""","이억원 금융위원장이 시가총액만을 기준으로 코스닥 상장사를 퇴출하는 현행 상장폐지 기준에 대한 보완 필요성을 살펴보겠다고 밝혔다.코스닥시장을 프리미엄·스탠더드·관리군 등으로 구분하는 세그먼트 개편과 관련해서도 특정 군에 대한 '낙인효과'가 발생하지 않도록 제도를 설계하겠다고 했다.이 위원장은 8일 국회 정무위원회 국정감사에서 시가총액 기준만으로 흑자기업까지 상장폐지될 수 있다는 민병덕 의원의 지적에 ""무슨 말씀을 하시는지 잘 알고 있기 때문에 그 부분도 한번 보겠다""고 말했다.민 의원은 한국거래소 자료를 근거로 2027년 7월 시행","이억원 ""코스닥 상폐 시총기준 살펴볼 것…세그먼트 낙인효과 없어야""","이억원 금융위원장이 시가총액만을 기준으로 코스닥 상장사를 퇴출하는 현행 상장폐지 기준에 대한 보완 필요성을 살펴보겠다고 밝혔다.코스닥시장을 프리미엄·스탠더드·관리군 등으로 구분하는 세그먼트 개편과 관련해서도 특정 군에 대한 '낙인효과'가 발생하지 않도록 제도를 설계하겠다고 했다.이 위원장은 8일 국회 정무위원회 국정감사에서 시가총액 기준만으로 흑자기업까지 상장폐지될 수 있다는 민병덕 의원의 지적에 ""무슨 말씀을 하시는지 잘 알고 있기 때문에 그 부분도 한번 보겠다""고 말했다.민 의원은 한국거래소 자료를 근거로 2027년 7월 시행",연합인포맥스,https://news.einfomax.co.kr/news/articleView.html?idxno=4438434,2026-10-08T12:24:18Z,뉴스만으로 매수하지 말고 가격·수급·재무를 함께 확인,,종목
한국주식,"정무위 '레버리지 ETF' 공방…""개미 약탈 게이트""·""음모론""(종합)",(서울=연합뉴스) 김정진 기자 = 여야는 8일 국회 정무위원회의 금융위원회 국정감사에서 단일종목 레버리지 상장지수펀드(ETF) 도입 책임을 놓고...,"정무위 '레버리지 ETF' 공방…""개미 약탈 게이트""·""음모론""(종합)",(서울=연합뉴스) 김정진 기자 = 여야는 8일 국회 정무위원회의 금융위원회 국정감사에서 단일종목 레버리지 상장지수펀드(ETF) 도입 책임을 놓고...,연합뉴스,https://www.yna.co.kr/view/AKR20261008095451001,2026-10-08T11:24:31Z,뉴스만으로 매수하지 말고 가격·수급·재무를 함께 확인,,종목
한국주식,KBS 뉴스,최태원 SK그룹 회장이 서남권 반도체 클러스터 부지인 광주 군공항을 방문해 추진 상황을 점검합니다. 오늘...,KBS 뉴스,최태원 SK그룹 회장이 서남권 반도체 클러스터 부지인 광주 군공항을 방문해 추진 상황을 점검합니다. 오늘...,KBS 뉴스,https://news.kbs.co.kr/news/pc/view/view.do?ncd=8681295,2026-10-08T11:19:00Z,뉴스만으로 매수하지 말고 가격·수급·재무를 함께 확인,,종목
한국주식,부동산으로 돈 번다고? 꿈 깼어요…집 대신 주식 산다,"부동산으로 돈 번다고? 꿈 깼어요…집 대신 주식 산다, 부동산 대신 주식으로 富의 축적 공식 바뀐다",부동산으로 돈 번다고? 꿈 깼어요…집 대신 주식 산다,"부동산으로 돈 번다고? 꿈 깼어요…집 대신 주식 산다, 부동산 대신 주식으로 富의 축적 공식 바뀐다",한국경제,https://www.hankyung.com/article/2026100817951,2026-10-08T11:00:01Z,뉴스만으로 매수하지 말고 가격·수급·재무를 함께 확인,,종목
한국주식,日에도 연쇄 사이버공격‥대규모 개인정보 유출에 시스템 마비까지,최근 일본에서도 기업과 정부 행정망 등 해킹 사건이 잇따르면서 불안이 커지고 있습니다. 일본 언론에 따르면 지난 7일 소프트뱅크 자회사인 IDC프론티어가 사이버공격을 받아 이 회사...,日에도 연쇄 사이버공격‥대규모 개인정보 유출에 시스템 마비까지,최근 일본에서도 기업과 정부 행정망 등 해킹 사건이 잇따르면서 불안이 커지고 있습니다. 일본 언론에 따르면 지난 7일 소프트뱅크 자회사인 IDC프론티어가 사이버공격을 받아 이 회사...,MBC 뉴스,https://imnews.imbc.com/news/2026/world/article/6856648_36925.html,2026-10-08T10:44:58Z,뉴스만으로 매수하지 말고 가격·수급·재무를 함께 확인,,종목
한국주식,"국감 출석한 테슬라코리아 ""국내 FSD 검증, 적극 협조할 것""","테슬라코리아가 국내 FSD(완전자율주행) 안전성 검증을 위해 국토교통부에 적극 협조하기로 했다. BYD코리아는 개인정보 유출 우려에 대해 국내법을 철저히 준수하겠다는 계획을 내놨다.서영득 테슬라코리아 대표는 8일 국토교통위원회 국정감사에 증인으로 출석해 FSD 검증과 관련해 ""적극적으로 국토교통부와 협조해 검증받을 수 있도록 하겠다""고 말했다.현재 테슬라코리아는 미국산 모델에 대해 국내 인증을 면제받고 감독형 FSD 기능을 제공 중이다. 서 대표에 따르면 국내에서 약 23만대 가운데 약 4만5천대가 FSD 기능을 사용할 수 있다.","국감 출석한 테슬라코리아 ""국내 FSD 검증, 적극 협조할 것""","테슬라코리아가 국내 FSD(완전자율주행) 안전성 검증을 위해 국토교통부에 적극 협조하기로 했다. BYD코리아는 개인정보 유출 우려에 대해 국내법을 철저히 준수하겠다는 계획을 내놨다.서영득 테슬라코리아 대표는 8일 국토교통위원회 국정감사에 증인으로 출석해 FSD 검증과 관련해 ""적극적으로 국토교통부와 협조해 검증받을 수 있도록 하겠다""고 말했다.현재 테슬라코리아는 미국산 모델에 대해 국내 인증을 면제받고 감독형 FSD 기능을 제공 중이다. 서 대표에 따르면 국내에서 약 23만대 가운데 약 4만5천대가 FSD 기능을 사용할 수 있다.",연합인포맥스,https://news.einfomax.co.kr/news/articleView.html?idxno=4438430,2026-10-08T10:35:03Z,뉴스만으로 매수하지 말고 가격·수급·재무를 함께 확인,,종목
한국주식,"‘대가 지불하라’ 압박 트럼프…“한국 관세 낮추려면”, 중간선거 앞두고 韓 투자이행 강조",도널드 트럼프 미국 대통령은 6일(현지시간) 자신이 한국을 향해 관세 인하의 ‘대가’ 지급을 요구했다고 거듭 강조했다. 국가별로 차등 부과하는 관세에서 낮은 세율을 적용받는 대가로 한국이 대미 투자를 이행해야 한다고 재차 상기한 취지로 읽힌다. 집권 공화당의 내달 초,"‘대가 지불하라’ 압박 트럼프…“한국 관세 낮추려면”, 중간선거 앞두고 韓 투자이행 강조",도널드 트럼프 미국 대통령은 6일(현지시간) 자신이 한국을 향해 관세 인하의 ‘대가’ 지급을 요구했다고 거듭 강조했다. 국가별로 차등 부과하는 관세에서 낮은 세율을 적용받는 대가로 한국이 대미 투자를 이행해야 한다고 재차 상기한 취지로 읽힌다. 집권 공화당의 내달 초,문화일보,https://www.munhwa.com/article/11622327,2026-10-08T10:26:44Z,뉴스만으로 매수하지 말고 가격·수급·재무를 함께 확인,,종목
