symbol,corp_code,corp_name,stock_name,industryCode,industryName,establishedDate,ceo,homepage,address,businessSummary,updatedAt
000100,00145109,(주)유한양행,유한양행,212,의료용 물질·의약품 제조,19260620,대표이사 조욱제,www.yuhan.co.kr,서울특별시 동작구  노량진로 74,의료용 물질·의약품 제조 · 1926년 설립,2026-08-03 06:52:55
000270,00106641,기아(주),기아,30121,자동차·트레일러 제조,19441210,"송호성, 송민수(각자 대표이사)",www.kia.co.kr,서울특별시 서초구 헌릉로 12 기아자동차,자동차·트레일러 제조 · 1944년 설립,2026-08-03 06:52:55
000660,00164779,에스케이하이닉스(주),SK하이닉스,2612,전자부품·컴퓨터·통신장비 제조,19491015,곽노정,www.skhynix.com,경기도 이천시  부발읍 경충대로 2091,전자부품·컴퓨터·통신장비 제조 · 1949년 설립,2026-08-03 06:52:55
000720,00164478,현대건설(주),현대건설,41221,종합 건설,19500110,이한우,www.hdec.kr,서울특별시 종로구  율곡로 75,종합 건설 · 1950년 설립,2026-08-03 06:52:55
000810,00139214,삼성화재해상보험(주),삼성화재해상보험,65121,보험업,19520126,이문화,www.samsungfire.com,서울특별시 서초구 서초대로74길 14 (서초동),보험업 · 1952년 설립,2026-08-03 06:52:55
000990,00160843,주식회사 DB하이텍,DB하이텍,2611,전자부품·컴퓨터·통신장비 제조,19530428,조기석,www.dbhitek.co.kr,경기도 부천시 수도로 90 (주)DB하이텍,전자부품·컴퓨터·통신장비 제조 · 1953년 설립,2026-08-03 06:52:55
001440,00113207,대한전선(주),대한전선,28302,전기장비 제조,19550221,송종민,www.taihan.com,경기도 안양시 동안구 관양동 1746-2 대한스마트타워,전기장비 제조 · 1955년 설립,2026-08-03 06:52:55
002100,00101433,(주)경농,경농,2032,화학물질·화학제품 제조,19570712,"이병만,이용진",www.knco.co.kr,서울특별시 서초구 효령로77길 28 동오빌딩,화학물질·화학제품 제조 · 1957년 설립,2026-08-03 06:52:55
003490,00113526,(주)대한항공,대한항공,511,항공 운송,19620619,"조원태, 우기홍",www.koreanair.com,서울특별시 강서구 하늘길 260,항공 운송 · 1962년 설립,2026-08-03 06:52:55
003550,00120021,(주)LG,LG,64992,금융업,19470105,"구광모, 권봉석",www.lg.co.kr,서울특별시 영등포구  여의대로 128,금융업 · 1947년 설립,2026-08-03 06:52:55
003620,00138242,케이지모빌리티(주),KG모빌리티,301,자동차·트레일러 제조,19621206,"곽재선, 황기영 (각자대표이사)",www.kg-mobility.com,경기도 평택시  동삭로 455-12,자동차·트레일러 제조 · 1962년 설립,2026-08-03 06:52:55
003670,00155276,(주)포스코퓨처엠,포스코퓨처엠,282,전기장비 제조,19710513,엄기천,www.poscofuturem.com,경상북도 포항시 남구 신항로 110,전기장비 제조 · 1971년 설립,2026-08-03 06:52:55
004020,00145880,현대제철(주),현대제철,2411,1차 금속 제조,19530610,이보룡,www.hyundai-steel.com,인천광역시 동구  중봉대로 63,1차 금속 제조 · 1953년 설립,2026-08-03 06:52:55
005070,00129989,코스모신소재(주),코스모신소재,204,화학물질·화학제품 제조,19730628,홍동환,www.cosmoamt.com,충청북도 충주시 충주호수로 36 (목행동) 코스모신소재 주식회사,화학물질·화학제품 제조 · 1973년 설립,2026-08-03 06:52:55
005380,00164742,현대자동차(주),현대자동차,30121,자동차·트레일러 제조,19671229,"정의선, 무뇨스 바르셀로 호세 안토니오, 최영일(각자 대표이사)",www.hyundai.com,서울특별시 서초구  헌릉로 12,자동차·트레일러 제조 · 1967년 설립,2026-08-03 06:52:55
005490,00155319,포스코홀딩스(주),POSCO홀딩스,2411,1차 금속 제조,19680401,"대표이사 회장  장인화, 대표이사 사장  이주태",www.posco-inc.com,경상북도 포항시 남구 동해안로 6261 -,1차 금속 제조 · 1968년 설립,2026-08-03 06:52:55
005930,00126380,삼성전자(주),삼성전자,264,전자부품·컴퓨터·통신장비 제조,19690113,"전영현, 노태문",www.samsung.com/sec,경기도 수원시 영통구  삼성로 129 (매탄동),전자부품·컴퓨터·통신장비 제조 · 1969년 설립,2026-08-03 06:52:55
006260,00105952,(주)LS,LS,64992,금융업,19620515,명노현,www.lsholdings.co.kr,서울특별시 용산구 한강대로 92 LS용산타워 -,금융업 · 1962년 설립,2026-08-03 06:52:55
006340,00260392,대원전선(주),대원전선,28302,전기장비 제조,19691129,서명환,www.daewoncable.co.kr,충청남도 예산군  고덕면 호음덕령길 92,전기장비 제조 · 1969년 설립,2026-08-03 06:52:55
006360,00120030,지에스건설(주),GS건설,4111,종합 건설,19691219,"허윤홍, 김태진(각자 대표이사)",www.gsenc.com,서울특별시 종로구 종로 33 그랑서울,종합 건설 · 1969년 설립,2026-08-03 06:52:55
006400,00126362,삼성SDI(주),삼성SDI,28202,전기장비 제조,19700120,최주선,www.samsungsdi.co.kr,경기도 용인시 기흥구  공세로 150-20,전기장비 제조 · 1970년 설립,2026-08-03 06:52:55
007660,00107613,(주)이수페타시스,이수페타시스,2622,전자부품·컴퓨터·통신장비 제조,19720204,최창복,www.petasys.com,대구광역시 달성군  논공읍 논공로53길 36 이수페타시스,전자부품·컴퓨터·통신장비 제조 · 1972년 설립,2026-08-03 06:52:55
009150,00126371,삼성전기(주),삼성전기,2622,전자부품·컴퓨터·통신장비 제조,19730808,장덕현,www.sem.samsung.co.kr,경기도 수원시 영통구  매영로 150,전자부품·컴퓨터·통신장비 제조 · 1973년 설립,2026-08-03 06:52:55
009540,00164830,에이치디한국조선해양(주),HD한국조선해양,64992,금융업,19731228,"정기선, 김형관 (각자 대표이사)",www.ksoe.co.kr,"경기도 성남시 분당구 분당수서로 477 정자동, HD현대그룹 글로벌 R&D센터",금융업 · 1973년 설립,2026-08-03 06:52:55
010120,00105855,엘에스일렉트릭 주식회사,엘에스일렉트릭,28121,전기장비 제조,19740724,"구자균, 채대석",www.ls-electric.com,경기도 안양시 동안구  엘에스로 127 LS타워,전기장비 제조 · 1974년 설립,2026-08-03 06:52:55
010130,00102858,고려아연(주),고려아연,24213,1차 금속 제조,19740801,박기덕,www.koreazinc.co.kr,서울특별시 종로구 종로33 (청진동) -,1차 금속 제조 · 1974년 설립,2026-08-03 06:52:55
010140,00126478,삼성중공업(주),삼성중공업,3111,기타 운송장비 제조,19740805,최성안,www.samsungshi.com,경기도 성남시 분당구 판교로227번길 23 삼성중공업 판교R&D센터,기타 운송장비 제조 · 1974년 설립,2026-08-03 06:52:55
010950,00138279,S-Oil(주),S-Oil,19210,코크스·석유정제,19760106,Anwar A. Al-Hejazi (안와르 에이 알-히즈아지),www.s-oil.com,서울특별시 마포구  백범로 192,코크스·석유정제 · 1976년 설립,2026-08-03 06:52:55
011070,00105961,엘지이노텍(주),LG이노텍,262,전자부품·컴퓨터·통신장비 제조,19760224,문혁수,www.lginnotek.co.kr,서울특별시 강서구 마곡중앙10로 30 LG사이언스파크,전자부품·컴퓨터·통신장비 제조 · 1976년 설립,2026-08-03 06:52:55
011200,00164645,에이치엠엠(주) ,HMM,50112,수상 운송,19760325,최원혁,www.hmm21.com,부산광역시 동구 중앙대로 244 -,수상 운송 · 1976년 설립,2026-08-03 06:52:55
012330,00164788,현대모비스(주),현대모비스,303,자동차·트레일러 제조,19770701,"정의선, 이규석",www.mobis.com,서울 강남구 역삼1동 로담코빌딩 140-2,자동차·트레일러 제조 · 1977년 설립,2026-08-03 06:52:55
012450,00126566,한화에어로스페이스(주),한화에어로스페이스,31321,기타 운송장비 제조,19770801,"김동관, 손재일",www.hanwhaaerospace.com,경상남도 창원시 성산구  창원대로 1204,기타 운송장비 제조 · 1977년 설립,2026-08-03 06:52:55
015760,00159193,한국전력공사(주),한국전력공사,35120,전기·가스·증기 공급,19610701,김동철,www.kepco.co.kr,전라남도 나주시 전력로 55 -,전기·가스·증기 공급 · 1961년 설립,2026-08-03 06:52:55
017670,00159023,SK텔레콤(주),SK텔레콤,61220,통신업,19840420,정재헌,www.sktelecom.com,서울특별시 중구  을지로 65 (을자로2가),통신업 · 1984년 설립,2026-08-03 06:52:55
018260,00126186,삼성에스디에스(주),삼성에스디에스,62021,컴퓨터 프로그래밍·시스템 통합,19850501,이준희,www.samsungsds.com,서울특별시 송파구 올림픽로35길 125(신천동),컴퓨터 프로그래밍·시스템 통합 · 1985년 설립,2026-08-03 06:52:55
018880,00161125,한온시스템(주),한온시스템,29172,기타 기계·장비 제조,19860311,대표이사 이수일,www.hanonsystems.com,대전광역시 대덕구  신일서로 95,기타 기계·장비 제조 · 1986년 설립,2026-08-03 06:52:55
028670,00122737,팬오션(주),팬오션,50112,수상 운송,19660528,"김홍국, 안중호(각자 대표이사)",www.panocean.com,서울특별시 종로구 종로5길 7 Tower 8 팬오션(주),수상 운송 · 1966년 설립,2026-08-03 06:52:55
030200,00190321,(주)케이티,케이티,612,통신업,19811210,박윤영,www.kt.com,경기도 성남시 분당구 불정로 90 KT 본사,통신업 · 1981년 설립,2026-08-03 06:52:55
032640,00231363,(주)LG유플러스,LG유플러스,61220,통신업,19960711,홍범식,www.uplus.co.kr,서울특별시 용산구 한강대로 32 (한강로3가) LG유플러스 용산사옥,통신업 · 1996년 설립,2026-08-03 06:52:55
032830,00126256,삼성생명보험(주),삼성생명,65110,보험업,19570404,홍원학,www.samsunglife.com,서울특별시 서초구 서초대로74길 11 (서초동) 삼성생명보험 주식회사,보험업 · 1957년 설립,2026-08-03 06:52:55
034020,00159616,두산에너빌리티(주),두산에너빌리티,29119,기타 기계·장비 제조,19620920,"박지원, 정연인, 박상현",https://www.doosanenerbility.com/kr,경상남도 창원시 성산구  두산볼보로 22 두산중공업 주식회사,기타 기계·장비 제조 · 1962년 설립,2026-08-03 06:52:55
034730,00181712,SK(주),SK,64992,금융업,19910413,"최태원, 장용호",www.sk-inc.com/,서울특별시 종로구 종로 26 SK주식회사,금융업 · 1991년 설립,2026-08-03 06:52:55
035420,00266961,네이버(주),NAVER,63120,정보서비스업,19990602,최수연,www.navercorp.com,경기도 성남시 분당구 정자일로 95 1784,정보서비스업 · 1999년 설립,2026-08-03 06:52:55
035720,00258801,(주)카카오,카카오,63120,정보서비스업,19950216,정신아,www.kakaocorp.com,제주특별자치도 제주시 첨단로 242,정보서비스업 · 1995년 설립,2026-08-03 06:52:55
035900,00258689,(주)제이와이피엔터테인먼트,JYP Ent.,59201,영상·오디오 제작,19960425,정욱,www.jype.com,"서울특별시 강동구 강동대로 205 (성내동, JYP Center 빌딩)",영상·오디오 제작 · 1996년 설립,2026-08-03 06:52:55
036930,00252135,주성엔지니어링(주),주성엔지니어링,29229,기타 기계·장비 제조,19950413,"황철주, 황은석(각자대표이사)",www.jseng.com,경기도 광주시  오포읍 오포로 240 주성엔지니어링,기타 기계·장비 제조 · 1995년 설립,2026-08-03 06:52:55
039030,00246417,(주)이오테크닉스,이오테크닉스,29271,기타 기계·장비 제조,19931230,"성규동,박종구(각자대표이사)",www.eotechnics.com,경기도 안양시 동안구 동편로 91,기타 기계·장비 제조 · 1993년 설립,2026-08-03 06:52:55
039440,00298340,(주)에스티아이,에스티아이,29271,기타 기계·장비 제조,19970710,"서인수, 이우석 (각자대표)",www.stinc.co.kr,경기도 안성시 공도읍 봉기길 21 -,기타 기계·장비 제조 · 1997년 설립,2026-08-03 06:52:55
041510,00260930,(주)에스엠엔터테인먼트,에스엠,59201,영상·오디오 제작,19950214,"장철혁, 탁영준",smentertainment.com,서울특별시 성동구 왕십리로 83-21 아크로 서울포레스트 디타워,영상·오디오 제작 · 1995년 설립,2026-08-03 06:52:55
042660,00111704,한화오션(주),한화오션,3111,기타 운송장비 제조,20001023,김희철,www.hanwhaocean.com/pub/main/index.do,경상남도 거제시 거제대로 3370 (아주동),기타 운송장비 제조 · 2000년 설립,2026-08-03 06:52:55
042700,00161383,한미반도체(주),한미반도체,29271,기타 기계·장비 제조,19801224,곽동신,www.hanmisemi.com,인천광역시 서구 가좌로30번길 14,기타 기계·장비 제조 · 1980년 설립,2026-08-03 06:52:55
047810,00309503,한국항공우주산업(주),한국항공우주,31311,기타 운송장비 제조,19991001,김종출,www.koreaaero.com,경상남도 사천시  사남면 공단1로 78 한국항공우주산업,기타 운송장비 제조 · 1999년 설립,2026-08-03 06:52:55
051910,00356361,(주)LG화학,LG화학,20111,화학물질·화학제품 제조,20010401,김동춘,www.lgchem.com,서울특별시 영등포구  여의대로 128,화학물질·화학제품 제조 · 2001년 설립,2026-08-03 06:52:55
055550,00382199,(주)신한금융지주회사,신한지주,64992,금융업,20010901,진옥동,www.shinhangroup.com,서울특별시 중구 세종대로9길 20 태평로2가,금융업 · 2001년 설립,2026-08-03 06:52:55
058470,00369657,리노공업(주),리노공업,2629,전자부품·컴퓨터·통신장비 제조,19961220,이채윤,leeno.com/kr,부산광역시 강서구 미음산단로105번길 10,전자부품·컴퓨터·통신장비 제조 · 1996년 설립,2026-08-03 06:52:55
064350,00302926,현대로템(주),현대로템,31910,기타 운송장비 제조,19990701,이용배,www.hyundai-rotem.co.kr,경상남도 창원시 의창구  창원대로 488,기타 운송장비 제조 · 1999년 설립,2026-08-03 06:52:55
066970,00398701,(주)엘앤에프,엘앤에프,28202,전기장비 제조,20000727,허제홍,www.landf.co.kr/,대구광역시 달서구 이곡동로 11,전기장비 제조 · 2000년 설립,2026-08-03 06:52:55
067310,00445054,하나마이크론(주),하나마이크론,2611,전자부품·컴퓨터·통신장비 제조,20010823,이동철,www.hanamicron.co.kr,충남 아산시 음봉면 원남리 95-1번지,전자부품·컴퓨터·통신장비 제조 · 2001년 설립,2026-08-03 06:52:55
068270,00413046,(주)셀트리온,셀트리온,21100,의료용 물질·의약품 제조,19910227,"기우성, 서진석",www.celltrion.com,인천광역시 연수구 아카데미로 23,의료용 물질·의약품 제조 · 1991년 설립,2026-08-03 06:52:55
078930,00500254,(주)GS,GS,64992,금융업,20040701,"허태수, 홍순기 (각자 대표이사)",-,서울특별시 강남구 논현로 508,금융업 · 2004년 설립,2026-08-03 06:52:55
079550,00503668,엘아이지디펜스앤에어로스페이스(주),LIG디펜스앤에어로스페이스,25200,금속가공제품 제조,19980225,신익현,www.lignex1.com,경기도 용인시 기흥구 마북로 207 엘아이지넥스원(주),금속가공제품 제조 · 1998년 설립,2026-08-03 06:52:55
086280,00360595,현대글로비스(주),현대글로비스,5299,운송 관련 서비스,20010222,이규복,www.glovis.net,서울특별시 성동구 왕십리로 83-21 -,운송 관련 서비스 · 2001년 설립,2026-08-03 06:52:55
086520,00536541,(주)에코프로,에코프로,64992,금융업,19981022,송호준,www.ecopro.co.kr,충청북도 청주시 청원구 오창읍 과학산업2로 587-40 주식회사 에코프로,금융업 · 1998년 설립,2026-08-03 06:52:55
086790,00547583,(주)하나금융지주,하나금융지주,64992,금융업,20051201,함영주,www.hanafn.com,서울특별시 중구 을지로 66 (을지로 2가),금융업 · 2005년 설립,2026-08-03 06:52:55
086900,00580199,(주)메디톡스,메디톡스,211,의료용 물질·의약품 제조,20000502,정현호,www.medytox.com,충청북도 청원군  오창읍 각리1길 78 (주)메디톡스,의료용 물질·의약품 제조 · 2000년 설립,2026-08-03 06:52:55
089030,00535676,(주)테크윙,테크윙,29271,기타 기계·장비 제조,20020801,"나윤성, 장 남 각자대표",techwing.co.kr,경기도 화성시 동탄면 동탄산단6길 37,기타 기계·장비 제조 · 2002년 설립,2026-08-03 06:52:55
090360,00536523,(주)로보스타,로보스타,29280,기타 기계·장비 제조,19990226,배병주,robostar.co.kr,경기도 안산시 상록구  수인로 700,기타 기계·장비 제조 · 1999년 설립,2026-08-03 06:52:55
095340,00572905,(주)아이에스시,ISC,465,도매·상품중개,20010222,김정렬 (단독 대표이사),isc21.kr,경기도 성남시 수정구 금토로40번길 26 -,도매·상품중개 · 2001년 설립,2026-08-03 06:52:55
096770,00631518,SK이노베이션(주),SK이노베이션,192,코크스·석유정제,20070703,"추형욱, 장용호",www.SKinnovation.com,서울특별시 종로구  종로 26,코크스·석유정제 · 2007년 설립,2026-08-03 06:52:55
103590,00683469,일진전기(주),일진전기,2830,전기장비 제조,20080702,유상석(단독 대표이사),-,경기도 화성시  만년로 905-17,전기장비 제조 · 2008년 설립,2026-08-03 06:52:55
105560,00688996,(주)KB금융지주,KB금융,64992,금융업,20080929,양종희,www.kbfg.com,"서울특별시 영등포구 국제금융로8길 26 (여의도동, 국민은행 여의도본점)",금융업 · 2008년 설립,2026-08-03 06:52:55
108320,00525934,(주)엘엑스세미콘,LX세미콘,2612,전자부품·컴퓨터·통신장비 제조,19991111,이윤태,www.lxsemicon.com,대전광역시 유성구 테크노2로 222,전자부품·컴퓨터·통신장비 제조 · 1999년 설립,2026-08-03 06:52:55
108490,00946030,(주)로보티즈,로보티즈,29299,기타 기계·장비 제조,19990325,김병수,www.robotis.com,서울특별시 강서구 마곡중앙5로1길 37,기타 기계·장비 제조 · 1999년 설립,2026-08-03 06:52:55
121600,00439965,(주)나노신소재,나노신소재,2049,화학물질·화학제품 제조,20000315,박장우,anapro.com,세종특별자치시   부강면 금호안골길 78 부용지방산업단지내,화학물질·화학제품 제조 · 2000년 설립,2026-08-03 06:52:55
128940,00828497,한미약품(주),한미약품,21212,의료용 물질·의약품 제조,20100705,황상연,-,경기도 화성시  팔탄면 무하로 214,의료용 물질·의약품 제조 · 2010년 설립,2026-08-03 06:52:55
131970,00563545,(주)두산테스나,두산테스나,739,기타 전문·과학·기술 서비스,20020906,"김윤건, 조훈",www.tesna.co.kr,경기도 평택시 산단로 16번길 72,기타 전문·과학·기술 서비스 · 2002년 설립,2026-08-03 06:52:55
138040,00860332,(주)메리츠금융지주,메리츠금융지주,64992,금융업,20110328,김용범,www.meritzgroup.com,서울특별시 강남구  강남대로 382,금융업 · 2011년 설립,2026-08-03 06:52:55
145020,00888347,휴젤(주),휴젤,211,의료용 물질·의약품 제조,20011122,Doohyun Chang,www.hugel.co.kr,강원특별자치도 춘천시 동내면 거두단지1길 23 -,의료용 물질·의약품 제조 · 2001년 설립,2026-08-03 06:52:55
196170,00989619,(주)알테오젠,알테오젠,70113,연구개발업,20080513,전태연,www.alteogen.com,대전광역시 유성구 유성대로1628번길 62 (전민동 461-38번지),연구개발업 · 2008년 설립,2026-08-03 06:52:55
207940,00877059,삼성바이오로직스(주),삼성바이오로직스,211,의료용 물질·의약품 제조,20110422,임존종보 (Rim John Chongbo),www.samsungbiologics.com,인천광역시 연수구 송도바이오대로 300,의료용 물질·의약품 제조 · 2011년 설립,2026-08-03 06:52:55
214150,01061327,(주)클래시스,클래시스,271,의료·정밀·광학기기 제조,20150115,Jun-oh Yoon,classys.co.kr,서울특별시 강남구 테헤란로 208 클래시스,의료·정밀·광학기기 제조 · 2015년 설립,2026-08-03 06:52:55
214450,00970453,(주)파마리서치,파마리서치,213,의료용 물질·의약품 제조,20010303,손지훈,pharmaresearch.com/,강원도 강릉시  과학단지로 77-19 &nbsp,의료용 물질·의약품 제조 · 2001년 설립,2026-08-03 06:52:55
222800,01095722,(주)심텍,심텍,2622,전자부품·컴퓨터·통신장비 제조,20150701,"전영선, 김영구",www.simmtech.co.kr,충청북도 청주시 흥덕구 산단로 73 &nbsp,전자부품·컴퓨터·통신장비 제조 · 2015년 설립,2026-08-03 06:52:55
240810,01135941,(주)원익아이피에스,원익IPS,292,기타 기계·장비 제조,20160404,Tae Hyuk Ahn,www.ips.co.kr,경기도 평택시 진위면 진위산단로 75,기타 기계·장비 제조 · 2016년 설립,2026-08-03 06:52:55
247540,01160363,(주)에코프로비엠,에코프로비엠,28202,전기장비 제조,20160502,"각자 대표이사 최문호, 김장우",www.ecoprobm.co.kr,충청북도 청주시 청원구 오창읍 2산단로 100 송대리 329,전기장비 제조 · 2016년 설립,2026-08-03 06:52:55
259960,00760971,주식회사 크래프톤,크래프톤,5821,출판업,20070326,김창한,www.krafton.com,서울특별시 강남구 테헤란로 231,출판업 · 2007년 설립,2026-08-03 06:52:55
267260,01205851,에이치디현대일렉트릭(주),HD현대일렉트릭,281,전기장비 제조,20170403,김영기,www.hd-hyundaielectric.com,경기도 성남시 분당구 분당수서로 477 HD현대 글로벌 R&D센터,전기장비 제조 · 2017년 설립,2026-08-03 06:52:55
272210,00339391,한화시스템(주),한화시스템,26299,전자부품·컴퓨터·통신장비 제조,20000111,손재일,hanwhasystems.com,경상북도 구미시 산호대로 264-60 -,전자부품·컴퓨터·통신장비 제조 · 2000년 설립,2026-08-03 06:52:55
277810,01261644,(주)레인보우로보틱스,레인보우로보틱스,29280,기타 기계·장비 제조,20110210,이정호,www.rainbow-robotics.com/new/index_ko.php,세종특별자치시  집현중앙3로 8 세종특별자치시 집현중앙3로 8(집현동),기타 기계·장비 제조 · 2011년 설립,2026-08-03 06:52:55
278280,00897752,(주)천보,천보,201,화학물질·화학제품 제조,20071008,이상율,www.chunbochem.com/,충청북도 충주시 주덕읍 중원산업로 312,화학물질·화학제품 제조 · 2007년 설립,2026-08-03 06:52:55
278470,01190568,(주)에이피알,에이피알,20423,화학물질·화학제품 제조,20141010,김병훈,apr-in.com,"서울특별시 송파구 올림픽로 300 36층(신천동, 롯데월드타워앤드롯데월드몰)",화학물질·화학제품 제조 · 2014년 설립,2026-08-03 06:52:55
293490,01137383,(주)카카오게임즈,카카오게임즈,5821,출판업,20130822,"김태환, 이시우 (공동대표이사)",kakaogames.com,"경기도 성남시 분당구 판교역로 152, 14층(백현동, 알파돔타워 3) &nbsp",출판업 · 2013년 설립,2026-08-03 06:52:55
298040,01316245,효성중공업(주),효성중공업,281,전기장비 제조,20180604,우태희,www.hyosungheavyindustries.com,서울특별시 마포구 마포대로 119 효성빌딩,전기장비 제조 · 2018년 설립,2026-08-03 06:52:55
326030,00878696,에스케이바이오팜 주식회사,에스케이바이오팜,7011,연구개발업,20110401,이동훈,www.skbp.com,경기도 성남시 분당구 판교역로 221,연구개발업 · 2011년 설립,2026-08-03 06:52:55
329180,01390344,에이치디현대중공업(주),HD현대중공업,31113,기타 운송장비 제조,20190603,"이상균, 금석호 (각자 대표이사)",www.hhi.co.kr,울산광역시 동구 방어진순환도로 1000,기타 운송장비 제조 · 2019년 설립,2026-08-03 06:52:55
352820,01204056,(주)하이브,하이브,592,영상·오디오 제작,20050204,이재상,hybecorp.com,서울특별시 용산구 한강대로 42 용산트레이드센터,영상·오디오 제작 · 2005년 설립,2026-08-03 06:52:55
353200,01478712,대덕전자(주),대덕전자,2622,전자부품·컴퓨터·통신장비 제조,20200501,신영환,www.daeduck.com,경기도 안산시 단원구 강촌로 230,전자부품·컴퓨터·통신장비 제조 · 2020년 설립,2026-08-03 06:52:55
373220,01515323,(주)엘지에너지솔루션,LG에너지솔루션,28202,전기장비 제조,20201201,김동명,www.lgensol.com,"서울특별시 영등포구 여의대로 108, 타워 1",전기장비 제조 · 2020년 설립,2026-08-03 06:52:55
375500,01524093,디엘이앤씨 주식회사,DL이앤씨,412,종합 건설,20210104,박상신,www.dlenc.co.kr,"서울특별시 강서구 공항대로 165 에이동(마곡동, 원그로브)",종합 건설 · 2021년 설립,2026-08-03 06:52:55
402340,01596425,에스케이스퀘어 주식회사,SK스퀘어,64992,금융업,20211102,김정규,www.sksquare.com,서울특별시 중구 을지로 65 SK T타워,금융업 · 2021년 설립,2026-08-03 06:52:55
403870,01288827,주식회사 에이치피에스피,HPSP,29271,기타 기계·장비 제조,20170314,이케빈기두,www.thehpsp.com/,경기도 화성시 삼성1로1길 26 석우동,기타 기계·장비 제조 · 2017년 설립,2026-08-03 06:52:55
454910,01105153,두산로보틱스 주식회사,두산로보틱스,2928,기타 기계·장비 제조,20150731,"박인원, 김민표, 조길성",www.doosanrobotics.com,경기도 수원시 권선구 산업로156번길 79,기타 기계·장비 제조 · 2015년 설립,2026-08-03 06:52:55
