market,symbol,name,corp_code,title,date,rcept_no,source,url,collection_status,collection_message,collected_at
kr,030000,제일기획,00148276,주요사항보고서(자기주식취득결정),20260930,20260930000006,DART,https://dart.fss.or.kr/dsaf001/main.do?rcpNo=20260930000006,000,정상,2026-09-30 08:26:58
kr,,엘리스그룹,01754737,투자설명서,20260930,20260930000007,DART,https://dart.fss.or.kr/dsaf001/main.do?rcpNo=20260930000007,000,정상,2026-09-30 08:26:58
kr,294090,이오플로우,01274310,[기재정정]사업보고서 (2024.12),20260930,20260930000004,DART,https://dart.fss.or.kr/dsaf001/main.do?rcpNo=20260930000004,000,정상,2026-09-30 08:26:58
kr,,와이디울산제일차유동화전문유한회사,01933662,자산유동화관련중요사항발생등보고서(기타),20260930,20260930000003,DART,https://dart.fss.or.kr/dsaf001/main.do?rcpNo=20260930000003,000,정상,2026-09-30 08:26:58
kr,030000,제일기획,00148276,주식소각결정              ,20260930,20260930800003,DART,https://dart.fss.or.kr/dsaf001/main.do?rcpNo=20260930800003,000,정상,2026-09-30 08:26:58
kr,030000,제일기획,00148276,매매거래정지및정지해제(중요내용공시)              ,20260930,20260930800004,DART,https://dart.fss.or.kr/dsaf001/main.do?rcpNo=20260930800004,000,정상,2026-09-30 08:26:58
kr,,이음회계법인,01878727,회계법인사업보고서 (2026.06),20260930,20260930000001,DART,https://dart.fss.or.kr/dsaf001/main.do?rcpNo=20260930000001,000,정상,2026-09-30 08:26:58
kr,000720,현대건설,00164478,중대재해발생              ,20260930,20260930800001,DART,https://dart.fss.or.kr/dsaf001/main.do?rcpNo=20260930800001,000,정상,2026-09-30 08:26:58
kr,,InvescoMarketsIIIPublicLimitedCompany,01801646,효력발생안내( 2026.9.29. 제출 일괄신고서(집합투자증권-회사형) ),20260930,20260929100014,DART,https://dart.fss.or.kr/dsaf001/main.do?rcpNo=20260929100014,000,정상,2026-09-30 08:26:58
kr,,UBS(Lux)채권형시캐브,01276530,효력발생안내( 2026.9.28. 제출 일괄신고서(집합투자증권-회사형) ),20260930,20260929100015,DART,https://dart.fss.or.kr/dsaf001/main.do?rcpNo=20260929100015,000,정상,2026-09-30 08:26:58
kr,,베어링독일성장펀드,01091647,효력발생안내( 2026.9.29. 제출 일괄신고서(집합투자증권-신탁형) ),20260930,20260929100012,DART,https://dart.fss.or.kr/dsaf001/main.do?rcpNo=20260929100012,000,정상,2026-09-30 08:26:58
kr,,베어링유럽셀렉트펀드,01107416,효력발생안내( 2026.9.29. 제출 일괄신고서(집합투자증권-신탁형) ),20260930,20260929100011,DART,https://dart.fss.or.kr/dsaf001/main.do?rcpNo=20260929100011,000,정상,2026-09-30 08:26:58
kr,,베어링인베스트먼트엄브렐라펀드,00980867,효력발생안내( 2026.9.29. 제출 일괄신고서(집합투자증권-회사형) ),20260930,20260929100013,DART,https://dart.fss.or.kr/dsaf001/main.do?rcpNo=20260929100013,000,정상,2026-09-30 08:26:58
kr,,신보2026제15차유동화전문유한회사,02051008,효력발생안내( 2026.9.29. 제출 증권신고서(유동화증권) ),20260930,20260929100030,DART,https://dart.fss.or.kr/dsaf001/main.do?rcpNo=20260929100030,000,정상,2026-09-30 08:26:58
kr,,신보2026제15차유동화전문유한회사,02051008,효력발생안내( 2026.9.29. 제출 증권신고서(유동화증권) ),20260930,20260929100029,DART,https://dart.fss.or.kr/dsaf001/main.do?rcpNo=20260929100029,000,정상,2026-09-30 08:26:58
kr,,신보2026제15차유동화전문유한회사,02051008,효력발생안내( 2026.9.29. 제출 증권신고서(유동화증권) ),20260930,20260929100020,DART,https://dart.fss.or.kr/dsaf001/main.do?rcpNo=20260929100020,000,정상,2026-09-30 08:26:58
kr,,신보2026제15차유동화전문유한회사,02051008,효력발생안내( 2026.9.22. 제출 증권신고서(유동화증권) ),20260930,20260922100003,DART,https://dart.fss.or.kr/dsaf001/main.do?rcpNo=20260922100003,000,정상,2026-09-30 08:26:58
kr,,신보2026제15차유동화전문유한회사,02051008,효력발생안내( 2026.9.18. 제출 증권신고서(유동화증권) ),20260930,20260918100021,DART,https://dart.fss.or.kr/dsaf001/main.do?rcpNo=20260918100021,000,정상,2026-09-30 08:26:58
kr,,신보2026제16차유동화전문유한회사,02051026,효력발생안내( 2026.9.29. 제출 증권신고서(유동화증권) ),20260930,20260929100028,DART,https://dart.fss.or.kr/dsaf001/main.do?rcpNo=20260929100028,000,정상,2026-09-30 08:26:58
kr,,신보2026제16차유동화전문유한회사,02051026,효력발생안내( 2026.9.29. 제출 증권신고서(유동화증권) ),20260930,20260929100010,DART,https://dart.fss.or.kr/dsaf001/main.do?rcpNo=20260929100010,000,정상,2026-09-30 08:26:58
kr,,신보2026제16차유동화전문유한회사,02051026,효력발생안내( 2026.9.18. 제출 증권신고서(유동화증권) ),20260930,20260918100023,DART,https://dart.fss.or.kr/dsaf001/main.do?rcpNo=20260918100023,000,정상,2026-09-30 08:26:58
kr,,신보2026제17차유동화전문유한회사,02051017,효력발생안내( 2026.9.29. 제출 증권신고서(유동화증권) ),20260930,20260929100027,DART,https://dart.fss.or.kr/dsaf001/main.do?rcpNo=20260929100027,000,정상,2026-09-30 08:26:58
kr,,신보2026제17차유동화전문유한회사,02051017,효력발생안내( 2026.9.29. 제출 증권신고서(유동화증권) ),20260930,20260929100016,DART,https://dart.fss.or.kr/dsaf001/main.do?rcpNo=20260929100016,000,정상,2026-09-30 08:26:58
kr,,신보2026제17차유동화전문유한회사,02051017,효력발생안내( 2026.9.22. 제출 증권신고서(유동화증권) ),20260930,20260922100002,DART,https://dart.fss.or.kr/dsaf001/main.do?rcpNo=20260922100002,000,정상,2026-09-30 08:26:58
kr,,신보2026제17차유동화전문유한회사,02051017,효력발생안내( 2026.9.18. 제출 증권신고서(유동화증권) ),20260930,20260918100020,DART,https://dart.fss.or.kr/dsaf001/main.do?rcpNo=20260918100020,000,정상,2026-09-30 08:26:58
kr,,엔에이치농협캐피탈,00673523,효력발생안내( 2026.9.18. 제출 일괄신고서 ),20260930,20260918100022,DART,https://dart.fss.or.kr/dsaf001/main.do?rcpNo=20260918100022,000,정상,2026-09-30 08:26:58
kr,,엘리스그룹,01754737,효력발생안내( 2026.9.4. 제출 증권신고서(지분증권) ),20260930,20260904100022,DART,https://dart.fss.or.kr/dsaf001/main.do?rcpNo=20260904100022,000,정상,2026-09-30 08:26:58
kr,,크리에이츠,01540903,효력발생안내( 2026.9.4. 제출 증권신고서(지분증권) ),20260930,20260904100015,DART,https://dart.fss.or.kr/dsaf001/main.do?rcpNo=20260904100015,000,정상,2026-09-30 08:26:58
kr,,퍼스트이글아문디,01129162,효력발생안내( 2026.9.29. 제출 일괄신고서(집합투자증권-회사형) ),20260930,20260929100017,DART,https://dart.fss.or.kr/dsaf001/main.do?rcpNo=20260929100017,000,정상,2026-09-30 08:26:58
kr,,디아이건설,01559567,동일인등출자계열회사와의상품ㆍ용역거래변경,20260930,20260929000690,DART,https://dart.fss.or.kr/dsaf001/main.do?rcpNo=20260929000690,000,정상,2026-09-30 08:26:58
kr,,디아이건설,01559567,동일인등출자계열회사와의상품ㆍ용역거래,20260930,20260929000689,DART,https://dart.fss.or.kr/dsaf001/main.do?rcpNo=20260929000689,000,정상,2026-09-30 08:26:58
kr,,빅히트뮤직,01587038,동일인등출자계열회사와의상품ㆍ용역거래변경,20260930,20260929000694,DART,https://dart.fss.or.kr/dsaf001/main.do?rcpNo=20260929000694,000,정상,2026-09-30 08:26:58
kr,084180,수성웹툰,00243979,주식등의대량보유상황보고서(약식),20260930,20260929000692,DART,https://dart.fss.or.kr/dsaf001/main.do?rcpNo=20260929000692,000,정상,2026-09-30 08:26:58
kr,,엘리움주택,01559123,동일인등출자계열회사와의상품ㆍ용역거래,20260930,20260929000691,DART,https://dart.fss.or.kr/dsaf001/main.do?rcpNo=20260929000691,000,정상,2026-09-30 08:26:58
kr,308100,형지글로벌,01181807,[기재정정]반기보고서 (2026.06),20260930,20260929000687,DART,https://dart.fss.or.kr/dsaf001/main.do?rcpNo=20260929000687,000,정상,2026-09-30 08:26:58
kr,368970,오에스피,01491607,소속부변경              ,20260929,20260929901034,DART,https://dart.fss.or.kr/dsaf001/main.do?rcpNo=20260929901034,000,정상,2026-09-30 08:26:58
kr,294090,이오플로우,01274310,"[기재정정]기타시장안내              ('24사업연도 감사의견 관련 형식적 상장폐지 사유 해소, '25사업연도 감사의견거절 관련 및 매매거래정지 지속 안내)",20260929,20260929901031,DART,https://dart.fss.or.kr/dsaf001/main.do?rcpNo=20260929901031,000,정상,2026-09-30 08:26:58
kr,294090,이오플로우,01274310,주권매매거래정지기간변경              (상장폐지 사유 일부해소 및 개선기간 부여),20260929,20260929901028,DART,https://dart.fss.or.kr/dsaf001/main.do?rcpNo=20260929901028,000,정상,2026-09-30 08:26:58
kr,294090,이오플로우,01274310,"기타시장안내              ('24사업연도 감사의견 관련 형식적 상장폐지 사유 해소, '25사업연도 감사의견거절 관련 및 매매거래정지 지속 안내)",20260929,20260929901027,DART,https://dart.fss.or.kr/dsaf001/main.do?rcpNo=20260929901027,000,정상,2026-09-30 08:26:58
kr,087260,모바일어플라이언스,00556615,기타시장안내              (상장적격성 실질심사 사유추가 안내),20260929,20260929901029,DART,https://dart.fss.or.kr/dsaf001/main.do?rcpNo=20260929901029,000,정상,2026-09-30 08:26:58
kr,294090,이오플로우,01274310,[기재정정]감사보고서제출              (2024사업연도),20260929,20260929901026,DART,https://dart.fss.or.kr/dsaf001/main.do?rcpNo=20260929901026,000,정상,2026-09-30 08:26:58
kr,079940,가비아,00506294,[기재정정]소송등의제기ㆍ신청(경영권분쟁소송)              (검사인 선임),20260929,20260929901018,DART,https://dart.fss.or.kr/dsaf001/main.do?rcpNo=20260929901018,000,정상,2026-09-30 08:26:58
kr,079940,가비아,00506294,[기재정정]소송등의제기ㆍ신청(경영권분쟁소송)              (검사인 선임),20260929,20260929901019,DART,https://dart.fss.or.kr/dsaf001/main.do?rcpNo=20260929901019,000,정상,2026-09-30 08:26:58
kr,098460,고영,00579999,[기재정정]주요사항보고서(자기주식처분결정),20260930,20260929000686,DART,https://dart.fss.or.kr/dsaf001/main.do?rcpNo=20260929000686,000,정상,2026-09-30 08:26:58
kr,205500,넥써쓰,01042429,주권매매거래정지해제              (주요사항보고서 제출(우회상장 미해당 - 포괄적 주식교환)),20260929,20260929901004,DART,https://dart.fss.or.kr/dsaf001/main.do?rcpNo=20260929901004,000,정상,2026-09-30 08:26:58
kr,035620,바른손이앤에이,00259590,기타시장안내              (시가총액 미달에 따른 상장폐지 우려 관련 안내),20260929,20260929901007,DART,https://dart.fss.or.kr/dsaf001/main.do?rcpNo=20260929901007,000,정상,2026-09-30 08:26:58
kr,,신보2026제15차유동화전문유한회사,02051008,[발행조건확정]증권신고서(유동화증권),20260929,20260929000685,DART,https://dart.fss.or.kr/dsaf001/main.do?rcpNo=20260929000685,000,정상,2026-09-30 08:26:58
kr,,한국투자신탁운용,00324548,[기재정정]투자설명서(집합투자증권)(한국투자신종개인연금네비게이터중국본토증권전환형자투자신탁2호H(주식)),20260929,20260929000066,DART,https://dart.fss.or.kr/dsaf001/main.do?rcpNo=20260929000066,000,정상,2026-09-30 08:26:58
kr,,한국투자신탁운용,00324548,[기재정정]투자설명서(집합투자증권)(한국투자연금저축롱텀밸류증권자투자신탁(주식)),20260929,20260929000077,DART,https://dart.fss.or.kr/dsaf001/main.do?rcpNo=20260929000077,000,정상,2026-09-30 08:26:58
kr,,한국투자신탁운용,00324548,[기재정정]투자설명서(집합투자증권)(한국투자삼성그룹증권투자신탁1호(주식)),20260929,20260929000094,DART,https://dart.fss.or.kr/dsaf001/main.do?rcpNo=20260929000094,000,정상,2026-09-30 08:26:58
kr,,한국투자신탁운용,00324548,[기재정정]투자설명서(집합투자증권)(한국투자퇴직연금중소밸류40증권자투자신탁1호(채권혼합)),20260929,20260929000206,DART,https://dart.fss.or.kr/dsaf001/main.do?rcpNo=20260929000206,000,정상,2026-09-30 08:26:58
kr,,한국투자신탁운용,00324548,[기재정정]투자설명서(집합투자증권)(한국투자퇴직연금LCF2010증권자투자신탁1호(채권혼합)),20260929,20260929000217,DART,https://dart.fss.or.kr/dsaf001/main.do?rcpNo=20260929000217,000,정상,2026-09-30 08:26:58
kr,,한국투자신탁운용,00324548,[기재정정]투자설명서(집합투자증권)(한국투자중소밸류증권자투자신탁(주식)),20260929,20260929000222,DART,https://dart.fss.or.kr/dsaf001/main.do?rcpNo=20260929000222,000,정상,2026-09-30 08:26:58
kr,,한국투자신탁운용,00324548,[기재정정]투자설명서(집합투자증권)(한국투자퇴직연금삼성그룹40증권자투자신탁1호(채권혼합)),20260929,20260929000231,DART,https://dart.fss.or.kr/dsaf001/main.do?rcpNo=20260929000231,000,정상,2026-09-30 08:26:58
kr,,한국투자신탁운용,00324548,[기재정정]투자설명서(집합투자증권)(한국투자엄브렐러증권전환형투자신탁1호(채권혼합)),20260929,20260929000348,DART,https://dart.fss.or.kr/dsaf001/main.do?rcpNo=20260929000348,000,정상,2026-09-30 08:26:58
kr,,한국투자신탁운용,00324548,[기재정정]투자설명서(집합투자증권)(한국투자연금베트남그로스증권자투자신탁(주식)),20260929,20260929000349,DART,https://dart.fss.or.kr/dsaf001/main.do?rcpNo=20260929000349,000,정상,2026-09-30 08:26:58
kr,,한국투자신탁운용,00324548,[기재정정]투자설명서(집합투자증권)(한국투자EMP글로벌자산배분증권자투자신탁(주식혼합-재간접형)),20260929,20260929000353,DART,https://dart.fss.or.kr/dsaf001/main.do?rcpNo=20260929000353,000,정상,2026-09-30 08:26:58
kr,247660,나노씨엠에스,00660459,기타시장안내              (시가총액 미달에 따른 상장폐지 우려 관련 안내),20260929,20260929901000,DART,https://dart.fss.or.kr/dsaf001/main.do?rcpNo=20260929901000,000,정상,2026-09-30 08:26:58
kr,,한국투자신탁운용,00324548,[기재정정]투자설명서(집합투자증권)(한국투자EMP글로벌자산배분증권자투자신탁(채권혼합-재간접형)),20260929,20260929000356,DART,https://dart.fss.or.kr/dsaf001/main.do?rcpNo=20260929000356,000,정상,2026-09-30 08:26:58
kr,,한국투자신탁운용,00324548,[기재정정]투자설명서(집합투자증권)(한국투자신종개인용MMF10호),20260929,20260929000361,DART,https://dart.fss.or.kr/dsaf001/main.do?rcpNo=20260929000361,000,정상,2026-09-30 08:26:58
kr,054410,케이피티유,00357607,기타시장안내(관리종목지정우려종목)              (시가총액 200억원 미달),20260929,20260929900838,DART,https://dart.fss.or.kr/dsaf001/main.do?rcpNo=20260929900838,000,정상,2026-09-30 08:26:58
kr,,한국투자신탁운용,00324548,[기재정정]투자설명서(집합투자증권)(한국투자더블라인미국듀얼가치증권자투자신탁H(주식-재간접파생형)),20260929,20260929000367,DART,https://dart.fss.or.kr/dsaf001/main.do?rcpNo=20260929000367,000,정상,2026-09-30 08:26:58
kr,,한국투자신탁운용,00324548,[기재정정]투자설명서(집합투자증권)(한국투자더블라인미국듀얼가치증권자투자신탁UH(주식-재간접파생형)),20260929,20260929000372,DART,https://dart.fss.or.kr/dsaf001/main.do?rcpNo=20260929000372,000,정상,2026-09-30 08:26:58
kr,,한국투자신탁운용,00324548,[기재정정]투자설명서(집합투자증권)(한국투자엄브렐러인덱스증권전환형투자신탁1호(주식-파생형)),20260929,20260929000456,DART,https://dart.fss.or.kr/dsaf001/main.do?rcpNo=20260929000456,000,정상,2026-09-30 08:26:58
kr,,한국투자신탁운용,00324548,[기재정정]투자설명서(집합투자증권)(한국투자엄브렐러리버스인덱스증권전환형투자신탁1호(주식-파생형)),20260929,20260929000463,DART,https://dart.fss.or.kr/dsaf001/main.do?rcpNo=20260929000463,000,정상,2026-09-30 08:26:58
kr,,한국투자신탁운용,00324548,[기재정정]투자설명서(집합투자증권)(한국투자법인용달러MMF(USD)),20260929,20260929000469,DART,https://dart.fss.or.kr/dsaf001/main.do?rcpNo=20260929000469,000,정상,2026-09-30 08:26:58
kr,,한국투자신탁운용,00324548,[기재정정]투자설명서(집합투자증권)(한국투자차이나항셍테크증권자투자신탁H(주식)),20260929,20260929000475,DART,https://dart.fss.or.kr/dsaf001/main.do?rcpNo=20260929000475,000,정상,2026-09-30 08:26:58
kr,,한국투자신탁운용,00324548,[기재정정]투자설명서(집합투자증권)(한국투자차이나항셍테크증권자투자신탁UH(주식)),20260929,20260929000481,DART,https://dart.fss.or.kr/dsaf001/main.do?rcpNo=20260929000481,000,정상,2026-09-30 08:26:58
kr,,한국투자신탁운용,00324548,[기재정정]투자설명서(집합투자증권)(한국투자글로벌브랜드파워증권자투자신탁(주식혼합)),20260929,20260929000484,DART,https://dart.fss.or.kr/dsaf001/main.do?rcpNo=20260929000484,000,정상,2026-09-30 08:26:58
kr,,신보2026제16차유동화전문유한회사,02051026,[발행조건확정]증권신고서(유동화증권),20260929,20260929000684,DART,https://dart.fss.or.kr/dsaf001/main.do?rcpNo=20260929000684,000,정상,2026-09-30 08:26:58
kr,,한국투자신탁운용,00324548,[기재정정]투자설명서(집합투자증권)(한국투자미국테크스텝업분할매수증권투자신탁(혼합-재간접형)),20260929,20260929000488,DART,https://dart.fss.or.kr/dsaf001/main.do?rcpNo=20260929000488,000,정상,2026-09-30 08:26:58
kr,,신보2026제17차유동화전문유한회사,02051017,[발행조건확정]증권신고서(유동화증권),20260929,20260929000683,DART,https://dart.fss.or.kr/dsaf001/main.do?rcpNo=20260929000683,000,정상,2026-09-30 08:26:58
kr,069920,엑시온그룹,00426068,[기재정정]타인에대한채무보증결정              ,20260929,20260929900961,DART,https://dart.fss.or.kr/dsaf001/main.do?rcpNo=20260929900961,000,정상,2026-09-30 08:26:58
kr,,셀트릭스,01957875,증권신고서(합병),20260929,20260929000682,DART,https://dart.fss.or.kr/dsaf001/main.do?rcpNo=20260929000682,000,정상,2026-09-30 08:26:58
kr,059270,해성에어로보틱스,00453442,주주명부폐쇄기간또는기준일설정              ,20260929,20260929900999,DART,https://dart.fss.or.kr/dsaf001/main.do?rcpNo=20260929900999,000,정상,2026-09-30 08:26:58
kr,376980,원티드랩,01441611,신탁계약에의한취득상황보고서,20260929,20260929000680,DART,https://dart.fss.or.kr/dsaf001/main.do?rcpNo=20260929000680,000,정상,2026-09-30 08:26:58
kr,010580,에스엠벡셀,00147860,최대주주등소유주식변동신고서              ,20260929,20260929800998,DART,https://dart.fss.or.kr/dsaf001/main.do?rcpNo=20260929800998,000,정상,2026-09-30 08:26:58
kr,004800,효성,00117188,임원ㆍ주요주주특정증권등거래계획보고서,20260929,20260929000678,DART,https://dart.fss.or.kr/dsaf001/main.do?rcpNo=20260929000678,000,정상,2026-09-30 08:26:58
kr,008930,한미사이언스,00161426,투자판단관련주요경영사항(자회사의 주요경영사항)              ,20260929,20260929800995,DART,https://dart.fss.or.kr/dsaf001/main.do?rcpNo=20260929800995,000,정상,2026-09-30 08:26:58
kr,025560,미래산업,00197759,[기재정정]타법인주식및출자증권처분결정              ,20260929,20260929800964,DART,https://dart.fss.or.kr/dsaf001/main.do?rcpNo=20260929800964,000,정상,2026-09-30 08:26:58
kr,,농협경제지주,00908012,회사합병결정,20260929,20260929000677,DART,https://dart.fss.or.kr/dsaf001/main.do?rcpNo=20260929000677,000,정상,2026-09-30 08:26:58
kr,128940,한미약품,00828497,투자판단관련주요경영사항              ,20260929,20260929800978,DART,https://dart.fss.or.kr/dsaf001/main.do?rcpNo=20260929800978,000,정상,2026-09-30 08:26:58
kr,,농협경제지주,00908012,특수관계인에대한영업양도,20260929,20260929000675,DART,https://dart.fss.or.kr/dsaf001/main.do?rcpNo=20260929000675,000,정상,2026-09-30 08:26:58
kr,089030,테크윙,00535676,[기재정정]단일판매ㆍ공급계약체결              ,20260929,20260929900917,DART,https://dart.fss.or.kr/dsaf001/main.do?rcpNo=20260929900917,000,정상,2026-09-30 08:26:58
kr,059270,해성에어로보틱스,00453442,주주총회소집결의              (임시주주총회),20260929,20260929900965,DART,https://dart.fss.or.kr/dsaf001/main.do?rcpNo=20260929900965,000,정상,2026-09-30 08:26:58
kr,006260,LS,00105952,[기재정정]타법인주식및출자증권취득결정(자회사의 주요경영사항)              ,20260929,20260929800986,DART,https://dart.fss.or.kr/dsaf001/main.do?rcpNo=20260929800986,000,정상,2026-09-30 08:26:58
kr,,씨제이올리브네트웍스,00223799,동일인등출자계열회사와의상품ㆍ용역거래,20260929,20260929000674,DART,https://dart.fss.or.kr/dsaf001/main.do?rcpNo=20260929000674,000,정상,2026-09-30 08:26:58
kr,054050,NH농우바이오,00176835,약관에의한금융거래시계열금융회사의거래상대방의공시,20260929,20260929000673,DART,https://dart.fss.or.kr/dsaf001/main.do?rcpNo=20260929000673,000,정상,2026-09-30 08:26:58
kr,338220,뷰노,01344202,[기재정정]증권신고서(지분증권),20260929,20260929000672,DART,https://dart.fss.or.kr/dsaf001/main.do?rcpNo=20260929000672,000,정상,2026-09-30 08:26:58
kr,006350,전북은행,00147295,투자설명서(일괄신고),20260929,20260929000670,DART,https://dart.fss.or.kr/dsaf001/main.do?rcpNo=20260929000670,000,정상,2026-09-30 08:26:58
kr,054050,NH농우바이오,00176835,주주총회소집결의              ,20260929,20260929900981,DART,https://dart.fss.or.kr/dsaf001/main.do?rcpNo=20260929900981,000,정상,2026-09-30 08:26:58
kr,,디아이웨어,01314821,동일인등출자계열회사와의상품ㆍ용역거래,20260929,20260929000669,DART,https://dart.fss.or.kr/dsaf001/main.do?rcpNo=20260929000669,000,정상,2026-09-30 08:26:58
kr,087260,모바일어플라이언스,00556615,횡령ㆍ배임혐의발생              ,20260929,20260929900959,DART,https://dart.fss.or.kr/dsaf001/main.do?rcpNo=20260929900959,000,정상,2026-09-30 08:26:58
kr,128940,한미약품,00828497,주식등의대량보유상황보고서(일반),20260929,20260929000668,DART,https://dart.fss.or.kr/dsaf001/main.do?rcpNo=20260929000668,000,정상,2026-09-30 08:26:58
kr,,씨제이올리브네트웍스,00223799,동일인등출자계열회사와의상품ㆍ용역거래,20260929,20260929000667,DART,https://dart.fss.or.kr/dsaf001/main.do?rcpNo=20260929000667,000,정상,2026-09-30 08:26:58
kr,000430,대원강업,00111847,최대주주등소유주식변동신고서              ,20260929,20260929800982,DART,https://dart.fss.or.kr/dsaf001/main.do?rcpNo=20260929800982,000,정상,2026-09-30 08:26:58
kr,003530,한화투자증권,00148610,투자설명서(일괄신고),20260929,20260929000666,DART,https://dart.fss.or.kr/dsaf001/main.do?rcpNo=20260929000666,000,정상,2026-09-30 08:26:58
kr,006350,전북은행,00147295,일괄신고추가서류,20260929,20260929000665,DART,https://dart.fss.or.kr/dsaf001/main.do?rcpNo=20260929000665,000,정상,2026-09-30 08:26:58
kr,,한국미래소재,01807206,동일인등출자계열회사와의상품ㆍ용역거래변경,20260929,20260929000664,DART,https://dart.fss.or.kr/dsaf001/main.do?rcpNo=20260929000664,000,정상,2026-09-30 08:26:58
kr,,엔바이콘,01162501,동일인등출자계열회사와의상품ㆍ용역거래,20260929,20260929000663,DART,https://dart.fss.or.kr/dsaf001/main.do?rcpNo=20260929000663,000,정상,2026-09-30 08:26:58
