date,createdAt,market,agentId,agentLabel,generation,state,seed,cash,valuation,portfolioValue,totalPnl,totalReturnPct,survivalPct,positionCount,tradeCount,buyCount,sellCount,proofStatus
2026-08-20,2026-08-20T22:31:47,us,ml_rank_conservative_swing,ML Rank Conservative Swing,2,ALIVE,5000.0,4909.89,90.02,4999.91,-0.09,-0.0,100.0,1,1,1,0,RUNNING
2026-08-20,2026-08-20T22:40:52,us,ml_rank_conservative_swing,ML Rank Conservative Swing,2,ALIVE,5000.0,4909.89,90.02,4999.91,-0.09,-0.0,100.0,1,1,0,0,RUNNING
2026-08-20,2026-08-20T22:51:08,us,ml_rank_conservative_swing,ML Rank Conservative Swing,2,ALIVE,5000.0,4909.89,90.02,4999.91,-0.09,-0.0,100.0,1,1,0,0,RUNNING
2026-08-21,2026-08-21T08:35:36,kr,ml_rank_balanced_mid,ML Rank Balanced Mid,1,ALIVE,5000000.0,5000000.0,0,5000000.0,0.0,0.0,100.0,0,0,0,0,RUNNING
2026-08-21,2026-08-21T08:48:06,kr,ml_rank_balanced_mid,ML Rank Balanced Mid,1,ALIVE,5000000.0,5000000.0,0,5000000.0,0.0,0.0,100.0,0,0,0,0,RUNNING
2026-08-21,2026-08-21T22:05:42,us,ml_rank_conservative_swing,ML Rank Conservative Swing,2,ALIVE,5000.0,4659.79,337.74,4997.53,-2.47,-0.05,99.95,2,2,1,0,RUNNING
2026-08-21,2026-08-21T22:50:14,us,ml_rank_conservative_swing,ML Rank Conservative Swing,2,ALIVE,5000.0,4659.79,337.74,4997.53,-2.47,-0.05,99.95,2,2,0,0,RUNNING
2026-08-21,2026-08-21T23:05:40,us,ml_rank_conservative_swing,ML Rank Conservative Swing,2,ALIVE,5000.0,4659.79,337.74,4997.53,-2.47,-0.05,99.95,2,2,0,0,RUNNING
2026-08-24,2026-08-24T22:05:40,us,ml_rank_conservative_swing,ML Rank Conservative Swing,2,ALIVE,5000.0,4659.79,337.48,4997.27,-2.73,-0.05,99.95,2,2,0,0,RUNNING
2026-08-24,2026-08-24T22:55:50,us,ml_rank_conservative_swing,ML Rank Conservative Swing,2,ALIVE,5000.0,4659.79,337.48,4997.27,-2.73,-0.05,99.95,2,2,0,0,RUNNING
2026-08-24,2026-08-24T23:05:42,us,ml_rank_conservative_swing,ML Rank Conservative Swing,2,ALIVE,5000.0,4659.79,337.48,4997.27,-2.73,-0.05,99.95,2,2,0,0,RUNNING
2026-08-25,2026-08-25T08:35:31,kr,ml_rank_balanced_mid,ML Rank Balanced Mid,1,ALIVE,5000000.0,5000000.0,0,5000000.0,0.0,0.0,100.0,0,0,0,0,RUNNING
2026-08-25,2026-08-25T08:43:31,kr,ml_rank_balanced_mid,ML Rank Balanced Mid,1,ALIVE,5000000.0,5000000.0,0,5000000.0,0.0,0.0,100.0,0,0,0,0,RUNNING
2026-08-25,2026-08-25T22:05:40,us,ml_rank_conservative_swing,ML Rank Conservative Swing,2,ALIVE,5000.0,4659.79,334.33,4994.12,-5.88,-0.12,99.88,2,2,0,0,RUNNING
2026-08-25,2026-08-25T22:55:11,us,ml_rank_conservative_swing,ML Rank Conservative Swing,2,ALIVE,5000.0,4659.79,334.33,4994.12,-5.88,-0.12,99.88,2,2,0,0,RUNNING
2026-08-25,2026-08-25T23:05:41,us,ml_rank_conservative_swing,ML Rank Conservative Swing,2,ALIVE,5000.0,4659.79,334.33,4994.12,-5.88,-0.12,99.88,2,2,0,0,RUNNING
2026-08-26,2026-08-26T08:35:39,kr,ml_rank_balanced_mid,ML Rank Balanced Mid,1,ALIVE,5000000.0,5000000.0,0,5000000.0,0.0,0.0,100.0,0,0,0,0,RUNNING
2026-08-26,2026-08-26T08:46:33,kr,ml_rank_balanced_mid,ML Rank Balanced Mid,1,ALIVE,5000000.0,5000000.0,0,5000000.0,0.0,0.0,100.0,0,0,0,0,RUNNING
2026-08-26,2026-08-26T22:05:43,us,ml_rank_conservative_swing,ML Rank Conservative Swing,2,ALIVE,5000.0,4659.79,338.37,4998.16,-1.84,-0.04,99.96,2,2,0,0,RUNNING
2026-08-26,2026-08-26T22:57:57,us,ml_rank_conservative_swing,ML Rank Conservative Swing,2,ALIVE,5000.0,4659.79,338.37,4998.16,-1.84,-0.04,99.96,2,2,0,0,RUNNING
2026-08-26,2026-08-26T23:05:41,us,ml_rank_conservative_swing,ML Rank Conservative Swing,2,ALIVE,5000.0,4659.79,338.37,4998.16,-1.84,-0.04,99.96,2,2,0,0,RUNNING
2026-08-27,2026-08-27T08:35:41,kr,ml_rank_balanced_mid,ML Rank Balanced Mid,1,ALIVE,5000000.0,5000000.0,0,5000000.0,0.0,0.0,100.0,0,0,0,0,RUNNING
2026-08-27,2026-08-27T22:05:44,us,ml_rank_conservative_swing,ML Rank Conservative Swing,2,ALIVE,5000.0,4659.79,337.12,4996.91,-3.09,-0.06,99.94,2,2,0,0,RUNNING
2026-08-27,2026-08-27T23:05:40,us,ml_rank_conservative_swing,ML Rank Conservative Swing,2,ALIVE,5000.0,4659.79,337.12,4996.91,-3.09,-0.06,99.94,2,2,0,0,RUNNING
2026-08-28,2026-08-28T08:32:42,kr,ml_rank_balanced_mid,ML Rank Balanced Mid,1,ALIVE,5000000.0,5000000.0,0,5000000.0,0.0,0.0,100.0,0,0,0,0,RUNNING
2026-08-28,2026-08-28T08:35:36,kr,ml_rank_balanced_mid,ML Rank Balanced Mid,1,ALIVE,5000000.0,5000000.0,0,5000000.0,0.0,0.0,100.0,0,0,0,0,RUNNING
2026-08-28,2026-08-28T22:05:36,us,ml_rank_conservative_swing,ML Rank Conservative Swing,2,ALIVE,5000.0,4659.79,341.79,5001.58,1.58,0.03,100.03,2,2,0,0,RUNNING
2026-08-28,2026-08-28T23:05:39,us,ml_rank_conservative_swing,ML Rank Conservative Swing,2,ALIVE,5000.0,4659.79,341.79,5001.58,1.58,0.03,100.03,2,2,0,0,RUNNING
2026-08-31,2026-08-31T08:35:38,kr,ml_rank_balanced_mid,ML Rank Balanced Mid,1,ALIVE,5000000.0,5000000.0,0,5000000.0,0.0,0.0,100.0,0,0,0,0,RUNNING
2026-08-31,2026-08-31T22:05:47,us,ml_rank_conservative_swing,ML Rank Conservative Swing,2,ALIVE,5000.0,4429.58,566.52,4996.1,-3.9,-0.08,99.92,3,3,1,0,RUNNING
2026-08-31,2026-08-31T23:05:48,us,ml_rank_conservative_swing,ML Rank Conservative Swing,2,ALIVE,5000.0,4429.58,566.52,4996.1,-3.9,-0.08,99.92,3,3,0,0,RUNNING
2026-09-01,2026-09-01T08:35:41,kr,ml_rank_balanced_mid,ML Rank Balanced Mid,1,ALIVE,5000000.0,5000000.0,0,5000000.0,0.0,0.0,100.0,0,0,0,0,RUNNING
2026-09-01,2026-09-01T22:05:40,us,ml_rank_conservative_swing,ML Rank Conservative Swing,2,ALIVE,5000.0,4429.58,575.97,5005.55,5.55,0.11,100.11,3,3,0,0,RUNNING
2026-09-01,2026-09-01T23:05:42,us,ml_rank_conservative_swing,ML Rank Conservative Swing,2,ALIVE,5000.0,4429.58,575.72,5005.3,5.3,0.11,100.11,3,3,0,0,RUNNING
2026-09-02,2026-09-02T08:35:43,kr,ml_rank_balanced_mid,ML Rank Balanced Mid,1,ALIVE,5000000.0,5000000.0,0,5000000.0,0.0,0.0,100.0,0,0,0,0,RUNNING
2026-09-02,2026-09-02T22:05:45,us,ml_rank_conservative_swing,ML Rank Conservative Swing,2,ALIVE,5000.0,4667.16,326.95,4994.11,-5.89,-0.12,99.88,2,4,0,1,RUNNING
2026-09-02,2026-09-02T23:05:45,us,ml_rank_conservative_swing,ML Rank Conservative Swing,2,ALIVE,5000.0,4667.16,326.95,4994.11,-5.89,-0.12,99.88,2,4,0,0,RUNNING
2026-09-03,2026-09-03T08:35:42,kr,ml_rank_balanced_mid,ML Rank Balanced Mid,1,ALIVE,5000000.0,5000000.0,0,5000000.0,0.0,0.0,100.0,0,0,0,0,RUNNING
2026-09-03,2026-09-03T22:05:43,us,ml_rank_conservative_swing,ML Rank Conservative Swing,2,ALIVE,5000.0,4464.4,536.94,5001.34,1.34,0.03,100.03,3,5,1,0,RUNNING
2026-09-03,2026-09-03T23:05:51,us,ml_rank_conservative_swing,ML Rank Conservative Swing,2,ALIVE,5000.0,4464.4,536.94,5001.34,1.34,0.03,100.03,3,5,0,0,RUNNING
2026-09-04,2026-09-04T08:35:46,kr,ml_rank_conservative_swing,ML Rank Conservative Swing,2,ALIVE,5000000.0,4806807.0,193000.0,4999807.0,-193.0,-0.0,100.0,2,2,2,0,RUNNING
2026-09-04,2026-09-04T22:05:46,us,ml_rank_conservative_swing,ML Rank Conservative Swing,2,ALIVE,5000.0,4334.78,684.83,5019.61,19.61,0.39,100.39,4,6,1,0,RUNNING
2026-09-04,2026-09-04T23:05:51,us,ml_rank_conservative_swing,ML Rank Conservative Swing,2,ALIVE,5000.0,4334.78,674.53,5009.31,9.31,0.19,100.19,4,6,0,0,RUNNING
2026-09-07,2026-09-07T22:05:45,us,ml_rank_conservative_swing,ML Rank Conservative Swing,2,ALIVE,5000.0,4334.78,667.67,5002.45,2.45,0.05,100.05,4,6,0,0,RUNNING
2026-09-07,2026-09-07T23:05:44,us,ml_rank_conservative_swing,ML Rank Conservative Swing,2,ALIVE,5000.0,4334.78,667.8,5002.58,2.58,0.05,100.05,4,6,0,0,RUNNING
2026-09-08,2026-09-08T08:35:39,kr,ml_rank_conservative_swing,ML Rank Conservative Swing,2,ALIVE,5000000.0,4806807.0,200000.0,5006807.0,6807.0,0.14,100.14,2,2,0,0,RUNNING
2026-09-09,2026-09-09T08:35:39,kr,ml_rank_conservative_swing,ML Rank Conservative Swing,2,ALIVE,5000000.0,4806807.0,197500.0,5004307.0,4307.0,0.09,100.09,2,2,0,0,RUNNING
2026-09-09,2026-09-09T22:05:40,us,ml_rank_conservative_swing,ML Rank Conservative Swing,2,ALIVE,5000.0,4334.78,681.91,5016.69,16.69,0.33,100.33,4,6,0,0,RUNNING
2026-09-10,2026-09-10T08:35:46,kr,ml_rank_conservative_swing,ML Rank Conservative Swing,2,ALIVE,5000000.0,4806807.0,200200.0,5007007.0,7007.0,0.14,100.14,2,2,0,0,RUNNING
2026-09-10,2026-09-10T22:05:54,us,ml_rank_conservative_swing,ML Rank Conservative Swing,2,ALIVE,5000.0,4334.78,671.85,5006.63,6.63,0.13,100.13,4,6,0,0,RUNNING
2026-09-10,2026-09-10T23:05:51,us,ml_rank_conservative_swing,ML Rank Conservative Swing,2,ALIVE,5000.0,4259.61,747.72,5007.33,7.33,0.15,100.15,5,7,1,0,RUNNING
2026-09-11,2026-09-11T22:05:42,us,ml_rank_conservative_swing,ML Rank Conservative Swing,2,ALIVE,5000.0,4259.61,740.6,5000.21,0.21,0.0,100.0,5,7,0,0,RUNNING
2026-09-11,2026-09-11T23:05:45,us,ml_rank_conservative_swing,ML Rank Conservative Swing,2,ALIVE,5000.0,4259.61,740.6,5000.21,0.21,0.0,100.0,5,7,0,0,RUNNING
2026-09-14,2026-09-14T22:05:49,us,ml_rank_conservative_swing,ML Rank Conservative Swing,2,ALIVE,5000.0,4259.61,729.8,4989.41,-10.59,-0.21,99.79,5,7,0,0,RUNNING
2026-09-14,2026-09-14T23:06:06,us,ml_rank_conservative_swing,ML Rank Conservative Swing,2,ALIVE,5000.0,4259.61,729.8,4989.41,-10.59,-0.21,99.79,5,7,0,0,RUNNING
2026-09-15,2026-09-15T08:35:35,kr,ml_rank_conservative_swing,ML Rank Conservative Swing,2,ALIVE,5000000.0,4881574.5,133000.0,5014574.5,14574.5,0.29,100.29,1,3,0,1,RUNNING
2026-09-15,2026-09-15T22:05:48,us,ml_rank_conservative_swing,ML Rank Conservative Swing,2,ALIVE,5000.0,4259.61,743.99,5003.6,3.6,0.07,100.07,5,7,0,0,RUNNING
2026-09-15,2026-09-15T23:05:49,us,ml_rank_conservative_swing,ML Rank Conservative Swing,2,ALIVE,5000.0,4259.61,743.79,5003.4,3.4,0.07,100.07,5,7,0,0,RUNNING
2026-09-16,2026-09-16T08:35:39,kr,ml_rank_conservative_swing,ML Rank Conservative Swing,2,ALIVE,5000000.0,4803196.2,207100.0,5010296.2,10296.2,0.21,100.21,2,4,1,0,RUNNING
2026-09-16,2026-09-16T22:05:43,us,ml_rank_conservative_swing,ML Rank Conservative Swing,2,ALIVE,5000.0,4259.61,745.59,5005.2,5.2,0.1,100.1,5,7,0,0,RUNNING
2026-09-16,2026-09-16T23:05:46,us,ml_rank_conservative_swing,ML Rank Conservative Swing,2,ALIVE,5000.0,4259.61,745.44,5005.05,5.05,0.1,100.1,5,7,0,0,RUNNING
2026-09-17,2026-09-17T22:05:46,us,ml_rank_conservative_swing,ML Rank Conservative Swing,2,ALIVE,5000.0,4259.61,749.56,5009.17,9.17,0.18,100.18,5,7,0,0,RUNNING
2026-09-18,2026-09-18T22:05:46,us,ml_rank_conservative_swing,ML Rank Conservative Swing,2,ALIVE,5000.0,4259.61,764.73,5024.34,24.34,0.49,100.49,5,7,0,0,RUNNING
2026-09-18,2026-09-18T23:05:46,us,ml_rank_conservative_swing,ML Rank Conservative Swing,2,ALIVE,5000.0,4259.61,764.73,5024.34,24.34,0.49,100.49,5,7,0,0,RUNNING
2026-09-21,2026-09-21T22:05:43,us,ml_rank_conservative_swing,ML Rank Conservative Swing,2,ALIVE,5000.0,4259.61,757.2,5016.81,16.81,0.34,100.34,5,7,0,0,RUNNING
2026-09-21,2026-09-21T23:05:44,us,ml_rank_conservative_swing,ML Rank Conservative Swing,2,ALIVE,5000.0,4259.61,757.2,5016.81,16.81,0.34,100.34,5,7,0,0,RUNNING
2026-09-22,2026-09-22T08:35:44,kr,ml_rank_conservative_swing,ML Rank Conservative Swing,2,ALIVE,5000000.0,4803196.2,207200.0,5010396.2,10396.2,0.21,100.21,2,4,0,0,RUNNING
2026-09-22,2026-09-22T22:05:46,us,ml_rank_conservative_swing,ML Rank Conservative Swing,2,ALIVE,5000.0,4259.61,783.87,5043.48,43.48,0.87,100.87,5,7,0,0,RUNNING
2026-09-22,2026-09-22T23:05:41,us,ml_rank_conservative_swing,ML Rank Conservative Swing,2,ALIVE,5000.0,4259.61,783.82,5043.43,43.43,0.87,100.87,5,7,0,0,RUNNING
2026-09-23,2026-09-23T08:35:49,kr,ml_rank_conservative_swing,ML Rank Conservative Swing,2,ALIVE,5000000.0,4803196.2,207200.0,5010396.2,10396.2,0.21,100.21,2,4,0,0,RUNNING
2026-09-23,2026-09-23T22:05:45,us,ml_rank_conservative_swing,ML Rank Conservative Swing,2,ALIVE,5000.0,4259.61,790.11,5049.72,49.72,0.99,100.99,5,7,0,0,RUNNING
2026-09-23,2026-09-23T23:05:47,us,ml_rank_conservative_swing,ML Rank Conservative Swing,2,ALIVE,5000.0,4259.61,790.22,5049.83,49.83,1.0,101.0,5,7,0,0,RUNNING
2026-09-24,2026-09-24T22:05:48,us,ml_rank_conservative_swing,ML Rank Conservative Swing,2,ALIVE,5000.0,4259.61,800.06,5059.67,59.67,1.19,101.19,5,7,0,0,RUNNING
2026-09-25,2026-09-25T22:05:46,us,ml_rank_conservative_swing,ML Rank Conservative Swing,2,ALIVE,5000.0,4259.61,802.26,5061.87,61.87,1.24,101.24,5,7,0,0,RUNNING
2026-09-25,2026-09-25T23:05:50,us,ml_rank_conservative_swing,ML Rank Conservative Swing,2,ALIVE,5000.0,4259.61,801.47,5061.08,61.08,1.22,101.22,5,7,0,0,RUNNING
2026-09-28,2026-09-28T22:05:46,us,ml_rank_conservative_swing,ML Rank Conservative Swing,2,ALIVE,5000.0,4259.61,786.46,5046.07,46.07,0.92,100.92,5,7,0,0,RUNNING
2026-09-28,2026-09-28T23:05:45,us,ml_rank_conservative_swing,ML Rank Conservative Swing,2,ALIVE,5000.0,4259.61,786.46,5046.07,46.07,0.92,100.92,5,7,0,0,RUNNING
2026-09-29,2026-09-29T08:35:42,kr,ml_rank_conservative_swing,ML Rank Conservative Swing,2,ALIVE,5000000.0,4879159.98,129600.0,5008759.98,8759.98,0.18,100.18,1,5,0,1,RUNNING
2026-09-29,2026-09-29T22:05:49,us,ml_rank_conservative_swing,ML Rank Conservative Swing,2,ALIVE,5000.0,4279.75,755.25,5035.0,35.0,0.7,100.7,5,9,1,1,RUNNING
2026-09-29,2026-09-29T23:05:55,us,ml_rank_conservative_swing,ML Rank Conservative Swing,2,ALIVE,5000.0,4279.75,755.25,5035.0,35.0,0.7,100.7,5,9,0,0,RUNNING
2026-09-30,2026-09-30T22:05:51,us,ml_rank_conservative_swing,ML Rank Conservative Swing,2,ALIVE,5000.0,4279.75,755.1,5034.85,34.85,0.7,100.7,5,9,0,0,RUNNING
2026-09-30,2026-09-30T23:05:52,us,ml_rank_conservative_swing,ML Rank Conservative Swing,2,ALIVE,5000.0,4279.75,755.1,5034.85,34.85,0.7,100.7,5,9,0,0,RUNNING
2026-10-01,2026-10-01T08:35:43,kr,ml_rank_conservative_swing,ML Rank Conservative Swing,2,ALIVE,5000000.0,4730311.28,273100.0,5003411.28,3411.28,0.07,100.07,3,7,2,0,RUNNING
2026-10-01,2026-10-01T22:05:44,us,ml_rank_conservative_swing,ML Rank Conservative Swing,2,ALIVE,5000.0,4279.75,756.58,5036.33,36.33,0.73,100.73,5,9,0,0,RUNNING
2026-10-01,2026-10-01T23:05:56,us,ml_rank_conservative_swing,ML Rank Conservative Swing,2,ALIVE,5000.0,4279.75,756.58,5036.33,36.33,0.73,100.73,5,9,0,0,RUNNING
2026-10-02,2026-10-02T08:35:40,kr,ml_rank_conservative_swing,ML Rank Conservative Swing,2,ALIVE,5000000.0,4730311.28,277000.0,5007311.28,7311.28,0.15,100.15,3,7,0,0,RUNNING
2026-10-02,2026-10-02T22:05:42,us,ml_rank_conservative_swing,ML Rank Conservative Swing,2,ALIVE,5000.0,4279.75,765.72,5045.47,45.47,0.91,100.91,5,9,0,0,RUNNING
2026-10-02,2026-10-02T23:05:51,us,ml_rank_conservative_swing,ML Rank Conservative Swing,2,ALIVE,5000.0,4279.75,765.72,5045.47,45.47,0.91,100.91,5,9,0,0,RUNNING
2026-10-05,2026-10-05T22:05:44,us,ml_rank_conservative_swing,ML Rank Conservative Swing,2,ALIVE,5000.0,4279.75,777.44,5057.19,57.19,1.14,101.14,5,9,0,0,RUNNING
2026-10-05,2026-10-05T23:05:49,us,ml_rank_conservative_swing,ML Rank Conservative Swing,2,ALIVE,5000.0,4279.75,777.44,5057.19,57.19,1.14,101.14,5,9,0,0,RUNNING
2026-10-06,2026-10-06T08:36:02,kr,ml_rank_conservative_swing,ML Rank Conservative Swing,2,ALIVE,5000000.0,4730311.28,288000.0,5018311.28,18311.28,0.37,100.37,3,7,0,0,RUNNING
2026-10-06,2026-10-06T22:05:52,us,ml_rank_conservative_swing,ML Rank Conservative Swing,2,ALIVE,5000.0,4448.58,626.96,5075.54,75.54,1.51,101.51,4,10,0,1,RUNNING
2026-10-06,2026-10-06T23:05:52,us,ml_rank_conservative_swing,ML Rank Conservative Swing,2,ALIVE,5000.0,4448.58,626.96,5075.54,75.54,1.51,101.51,4,10,0,0,RUNNING
2026-10-07,2026-10-07T08:35:39,kr,ml_rank_conservative_swing,ML Rank Conservative Swing,2,ALIVE,5000000.0,4769589.14,241600.0,5011189.14,11189.14,0.22,100.22,2,8,0,1,RUNNING
2026-10-07,2026-10-07T22:05:47,us,ml_rank_conservative_swing,ML Rank Conservative Swing,2,ALIVE,5000.0,4448.58,627.38,5075.96,75.96,1.52,101.52,4,10,0,0,RUNNING
2026-10-07,2026-10-07T23:05:50,us,ml_rank_conservative_swing,ML Rank Conservative Swing,2,ALIVE,5000.0,4448.58,627.38,5075.96,75.96,1.52,101.52,4,10,0,0,RUNNING
2026-10-08,2026-10-08T08:35:39,kr,ml_rank_conservative_swing,ML Rank Conservative Swing,2,ALIVE,5000000.0,4877154.65,121800.0,4998954.65,-1045.35,-0.02,99.98,1,9,0,1,RUNNING
2026-10-08,2026-10-08T22:05:45,us,ml_rank_conservative_swing,ML Rank Conservative Swing,2,ALIVE,5000.0,4448.58,626.94,5075.52,75.52,1.51,101.51,4,10,0,0,RUNNING
2026-10-08,2026-10-08T23:05:37,us,ml_rank_conservative_swing,ML Rank Conservative Swing,2,ALIVE,5000.0,4448.58,626.94,5075.52,75.52,1.51,101.51,4,10,0,0,RUNNING
2026-10-09,2026-10-09T08:35:44,kr,ml_rank_conservative_swing,ML Rank Conservative Swing,2,ALIVE,5000000.0,4877154.65,121600.0,4998754.65,-1245.35,-0.02,99.98,1,9,0,0,RUNNING
