id,createdAt,market,agentId,agentLabel,generation,symbol,name,action,price,quantity,totalValue,costAmount,netCashFlow,memo
ai-20260820223147339819,2026-08-20T22:31:47,us,ml_rank_conservative_swing,ML Rank Conservative Swing,2,SMR,NuScale Power,BUY,9.29,9.6899,90.02,0.09,-90.11,AI paper buy ML Rank Conservative Swing EV=2.66
ai-20260821220542363750,2026-08-21T22:05:42,us,ml_rank_conservative_swing,ML Rank Conservative Swing,2,LMT,LMT,BUY,571.48,0.4372,249.85,0.25,-250.1,AI paper buy ML Rank Conservative Swing EV=2.27
ai-20260831220547224386,2026-08-31T22:05:47,us,ml_rank_conservative_swing,ML Rank Conservative Swing,2,TSLA,TSLA,BUY,345.78,0.6651,229.98,0.23,-230.21,AI paper buy ML Rank Conservative Swing EV=3.59
ai-20260902220545413543,2026-09-02T22:05:45,us,ml_rank_conservative_swing,ML Rank Conservative Swing,2,LMT,LMT,SELL,544.5,0.4372,238.06,0.48,237.58,AI paper STOP_HIT
ai-20260903220543366247,2026-09-03T22:05:43,us,ml_rank_conservative_swing,ML Rank Conservative Swing,2,PLTR,Palantir,BUY,169.46,1.1953,202.56,0.2,-202.76,AI paper buy ML Rank Conservative Swing EV=4.15
ai-20260904083546068186,2026-09-04T08:35:46,kr,ml_rank_conservative_swing,ML Rank Conservative Swing,2,272210,한화시스템,BUY,68000.0,1.0,68000.0,68.0,-68068.0,KR BEAR BOTTOM_CATCH lens paper test gate=SUPPRESSED_LOW_EDGE rr=1.88
ai-20260904083546069015,2026-09-04T08:35:46,kr,ml_rank_conservative_swing,ML Rank Conservative Swing,2,047810,한국항공우주,BUY,125000.0,1.0,125000.0,125.0,-125125.0,KR BEAR BOTTOM_CATCH lens paper test gate=SUPPRESSED_LOW_EDGE rr=1.88
ai-20260904220546115078,2026-09-04T22:05:46,us,ml_rank_conservative_swing,ML Rank Conservative Swing,2,CRWD,CrowdStrike,BUY,212.6,0.6091,129.49,0.13,-129.62,AI paper buy ML Rank Conservative Swing EV=5.27
ai-20260910230551334683,2026-09-10T23:05:51,us,ml_rank_conservative_swing,ML Rank Conservative Swing,2,ELF,e.l.f. Beauty,BUY,96.92,0.7748,75.09,0.08,-75.17,AI paper buy ML Rank Conservative Swing EV=4.25
ai-20260915083534889593,2026-09-15T08:35:34,kr,ml_rank_conservative_swing,ML Rank Conservative Swing,2,272210,한화시스템,SELL,75000.0,1.0,75000.0,232.5,74767.5,AI paper TARGET_HIT
ai-20260916083539684653,2026-09-16T08:35:39,kr,ml_rank_conservative_swing,ML Rank Conservative Swing,2,326030,SK바이오팜,BUY,78300.0,1.0,78300.0,78.3,-78378.3,KR BEAR BOTTOM_CATCH lens paper test gate=SUPPRESSED_LOW_EDGE rr=3.55
ai-20260929083542269443,2026-09-29T08:35:42,kr,ml_rank_conservative_swing,ML Rank Conservative Swing,2,326030,SK바이오팜,SELL,76200.0,1.0,76200.0,236.22,75963.78,AI paper STOP_HIT
ai-20260929220548761585,2026-09-29T22:05:48,us,ml_rank_conservative_swing,ML Rank Conservative Swing,2,SMR,NuScale Power,SELL,7.91,9.6899,76.65,0.15,76.5,AI paper STOP_HIT
ai-20260929220549166293,2026-09-29T22:05:49,us,ml_rank_conservative_swing,ML Rank Conservative Swing,2,SPCX,SPCX,BUY,145.47,0.387,56.3,0.06,-56.36,AI paper buy ML Rank Conservative Swing EV=5.06
ai-20261001083542930175,2026-10-01T08:35:42,kr,ml_rank_conservative_swing,ML Rank Conservative Swing,2,064350,현대로템,BUY,113200.0,1.0,113200.0,113.2,-113313.2,KR BEAR BOTTOM_CATCH lens paper test gate=SUPPRESSED_LOW_EDGE rr=2.54
ai-20261001083542995938,2026-10-01T08:35:42,kr,ml_rank_conservative_swing,ML Rank Conservative Swing,2,278280,천보,BUY,35500.0,1.0,35500.0,35.5,-35535.5,KR BEAR BOTTOM_CATCH lens paper test gate=SUPPRESSED_LOW_EDGE rr=3.43
ai-20261006220552593762,2026-10-06T22:05:52,us,ml_rank_conservative_swing,ML Rank Conservative Swing,2,CRWD,CrowdStrike,SELL,277.74,0.6091,169.17,0.34,168.83,AI paper TARGET_HIT
ai-20261007083539397687,2026-10-07T08:35:39,kr,ml_rank_conservative_swing,ML Rank Conservative Swing,2,278280,천보,SELL,39400.0,1.0,39400.0,122.14,39277.86,AI paper TARGET_HIT
ai-20261008083539024708,2026-10-08T08:35:39,kr,ml_rank_conservative_swing,ML Rank Conservative Swing,2,064350,현대로템,SELL,107900.0,1.0,107900.0,334.49,107565.51,AI paper STOP_HIT
