decision_id,policy_version,policy_fingerprint,recorded_at,signal_date,generated_at,market,mode,horizon,symbol,name,score,champion_decision,challenger_decision,reasons
03ff0586148b0b6e21012e35,champion-challenger-v1.0.0,bcc7c81eab9eb14abdea,2026-07-30T07:31:10.505131+00:00,2026-07-29,2026-07-29 21:49:37,us,aggressive,mid,BAC,Bank of America,63.9,TAKE,REJECT,DATA_NOT_NORMAL;EV_NOT_POSITIVE;LOW_INDEPENDENT_DECISIONS;LOW_DISTINCT_SIGNAL_DATES;NON_POSITIVE_AFTER_COST_EXPECTANCY;PROFIT_FACTOR_NOT_ABOVE_ONE
0bf43c5994ba0181f227aac4,champion-challenger-v1.0.0,bcc7c81eab9eb14abdea,2026-07-30T07:31:10.505131+00:00,2026-07-29,2026-07-29 21:49:37,us,balanced,mid,ABBV,ABBV,64.2,TAKE,REJECT,DATA_NOT_NORMAL;EV_NOT_POSITIVE;LOW_INDEPENDENT_DECISIONS;LOW_DISTINCT_SIGNAL_DATES;NON_POSITIVE_AFTER_COST_EXPECTANCY;PROFIT_FACTOR_NOT_ABOVE_ONE
1a19d9eb3073c09cf0f88f54,champion-challenger-v1.0.0,bcc7c81eab9eb14abdea,2026-07-30T07:31:10.505131+00:00,2026-07-29,2026-07-29 21:49:37,us,aggressive,mid,LMT,LMT,71.4,TAKE,REJECT,DATA_NOT_NORMAL;EV_NOT_POSITIVE;LOW_INDEPENDENT_DECISIONS;LOW_DISTINCT_SIGNAL_DATES;NON_POSITIVE_AFTER_COST_EXPECTANCY;PROFIT_FACTOR_NOT_ABOVE_ONE
3892925f5a379f20a81fc3b5,champion-challenger-v1.0.0,bcc7c81eab9eb14abdea,2026-07-30T07:31:10.505131+00:00,2026-07-29,2026-07-29 21:49:37,us,aggressive,mid,CRM,Salesforce,64.0,TAKE,REJECT,EV_NOT_POSITIVE;LOW_INDEPENDENT_DECISIONS;LOW_DISTINCT_SIGNAL_DATES;NON_POSITIVE_AFTER_COST_EXPECTANCY;PROFIT_FACTOR_NOT_ABOVE_ONE
591ef0b4aedf44186a620cff,champion-challenger-v1.0.0,bcc7c81eab9eb14abdea,2026-07-30T07:31:10.505131+00:00,2026-07-29,2026-07-29 21:49:37,us,balanced,mid,CVX,Chevron,59.1,TAKE,REJECT,DATA_NOT_NORMAL;EV_NOT_POSITIVE;LOW_INDEPENDENT_DECISIONS;LOW_DISTINCT_SIGNAL_DATES;NON_POSITIVE_AFTER_COST_EXPECTANCY;PROFIT_FACTOR_NOT_ABOVE_ONE
77247d1f79a6d2159cab48ce,champion-challenger-v1.0.0,bcc7c81eab9eb14abdea,2026-07-30T07:31:10.505131+00:00,2026-07-29,2026-07-29 21:49:37,us,aggressive,mid,F,Ford,59.2,TAKE,REJECT,DATA_NOT_NORMAL;EV_NOT_POSITIVE;LOW_INDEPENDENT_DECISIONS;LOW_DISTINCT_SIGNAL_DATES;NON_POSITIVE_AFTER_COST_EXPECTANCY;PROFIT_FACTOR_NOT_ABOVE_ONE
786a1dee5e17567026247627,champion-challenger-v1.0.0,bcc7c81eab9eb14abdea,2026-07-30T07:31:10.505131+00:00,2026-07-29,2026-07-29 21:49:37,us,aggressive,mid,ADBE,Adobe,69.1,TAKE,REJECT,DATA_NOT_NORMAL;EV_NOT_POSITIVE;LOW_INDEPENDENT_DECISIONS;LOW_DISTINCT_SIGNAL_DATES;NON_POSITIVE_AFTER_COST_EXPECTANCY;PROFIT_FACTOR_NOT_ABOVE_ONE
961d82ac60c0f50733454464,champion-challenger-v1.0.0,bcc7c81eab9eb14abdea,2026-07-30T07:31:10.505131+00:00,2026-07-29,2026-07-29 21:49:37,us,aggressive,mid,SLB,Schlumberger,63.3,TAKE,REJECT,DATA_NOT_NORMAL;EV_NOT_POSITIVE;LOW_INDEPENDENT_DECISIONS;LOW_DISTINCT_SIGNAL_DATES;NON_POSITIVE_AFTER_COST_EXPECTANCY;PROFIT_FACTOR_NOT_ABOVE_ONE
a6d77cdae04d85793ad7b561,champion-challenger-v1.0.0,bcc7c81eab9eb14abdea,2026-07-30T07:31:10.505131+00:00,2026-07-29,2026-07-29 21:49:37,us,aggressive,short,JNJ,JNJ,57.4,TAKE,REJECT,DATA_NOT_NORMAL;EV_NOT_POSITIVE;LOW_INDEPENDENT_DECISIONS;LOW_DISTINCT_SIGNAL_DATES;NON_POSITIVE_AFTER_COST_EXPECTANCY;PROFIT_FACTOR_NOT_ABOVE_ONE
a83c0265b8cfa7d8033a9876,champion-challenger-v1.0.0,bcc7c81eab9eb14abdea,2026-07-30T07:31:10.505131+00:00,2026-07-29,2026-07-29 21:49:37,us,conservative,mid,SNOW,Snowflake,85.5,TAKE,REJECT,LOW_INDEPENDENT_DECISIONS;LOW_DISTINCT_SIGNAL_DATES;NON_POSITIVE_AFTER_COST_EXPECTANCY;PROFIT_FACTOR_NOT_ABOVE_ONE
ba82180d0f0fab72eff922be,champion-challenger-v1.0.0,bcc7c81eab9eb14abdea,2026-07-30T07:31:10.505131+00:00,2026-07-29,2026-07-29 21:49:37,us,aggressive,mid,PFE,PFE,55.6,TAKE,REJECT,DATA_NOT_NORMAL;EV_NOT_POSITIVE;LOW_INDEPENDENT_DECISIONS;LOW_DISTINCT_SIGNAL_DATES;NON_POSITIVE_AFTER_COST_EXPECTANCY;PROFIT_FACTOR_NOT_ABOVE_ONE
bdc8b15880dc50e861d0ee28,champion-challenger-v1.0.0,bcc7c81eab9eb14abdea,2026-07-30T07:31:10.505131+00:00,2026-07-29,2026-07-29 21:49:37,us,aggressive,mid,ELF,e.l.f. Beauty,69.9,TAKE,REJECT,EV_NOT_POSITIVE;LOW_INDEPENDENT_DECISIONS;LOW_DISTINCT_SIGNAL_DATES;NON_POSITIVE_AFTER_COST_EXPECTANCY;PROFIT_FACTOR_NOT_ABOVE_ONE
bf72c1c9a718a562cf90fa66,champion-challenger-v1.0.0,bcc7c81eab9eb14abdea,2026-07-30T07:31:10.505131+00:00,2026-07-29,2026-07-29 21:49:37,us,balanced,mid,MA,Mastercard,59.8,TAKE,REJECT,DATA_NOT_NORMAL;EV_NOT_POSITIVE;LOW_INDEPENDENT_DECISIONS;LOW_DISTINCT_SIGNAL_DATES;NON_POSITIVE_AFTER_COST_EXPECTANCY;PROFIT_FACTOR_NOT_ABOVE_ONE
d2f5abf4ea29cf0ad3f127eb,champion-challenger-v1.0.0,bcc7c81eab9eb14abdea,2026-07-30T07:31:10.505131+00:00,2026-07-29,2026-07-29 21:49:37,us,aggressive,mid,RSP,RSP,61.0,TAKE,REJECT,DATA_NOT_NORMAL;EV_NOT_POSITIVE;LOW_INDEPENDENT_DECISIONS;LOW_DISTINCT_SIGNAL_DATES;NON_POSITIVE_AFTER_COST_EXPECTANCY;PROFIT_FACTOR_NOT_ABOVE_ONE
d42e8ff2d6b3007bff17ff2c,champion-challenger-v1.0.0,bcc7c81eab9eb14abdea,2026-07-30T07:31:10.505131+00:00,2026-07-29,2026-07-29 21:49:37,us,aggressive,short,SCHD,SCHD,53.9,TAKE,REJECT,DATA_NOT_NORMAL;EV_NOT_POSITIVE;RISK_REWARD_TOO_LOW;LOW_INDEPENDENT_DECISIONS;LOW_DISTINCT_SIGNAL_DATES;NON_POSITIVE_AFTER_COST_EXPECTANCY;PROFIT_FACTOR_NOT_ABOVE_ONE
defea096b8bcfe5d09b17088,champion-challenger-v1.0.0,bcc7c81eab9eb14abdea,2026-07-30T07:31:10.505131+00:00,2026-07-29,2026-07-29 21:49:37,us,conservative,swing,DELL,Dell,68.2,TAKE,REJECT,LOW_INDEPENDENT_DECISIONS;LOW_DISTINCT_SIGNAL_DATES;NON_POSITIVE_AFTER_COST_EXPECTANCY;PROFIT_FACTOR_NOT_ABOVE_ONE
e21f9f52fa9275a6f4814666,champion-challenger-v1.0.0,bcc7c81eab9eb14abdea,2026-07-30T07:31:10.505131+00:00,2026-07-29,2026-07-29 21:49:37,us,aggressive,mid,AAPL,Apple,70.2,TAKE,REJECT,EV_NOT_POSITIVE;LOW_INDEPENDENT_DECISIONS;LOW_DISTINCT_SIGNAL_DATES;NON_POSITIVE_AFTER_COST_EXPECTANCY;PROFIT_FACTOR_NOT_ABOVE_ONE
ef2f92e2beeb27acbc280882,champion-challenger-v1.0.0,bcc7c81eab9eb14abdea,2026-07-30T07:31:10.505131+00:00,2026-07-29,2026-07-29 21:49:37,us,conservative,mid,HPE,HPE,80.1,TAKE,REJECT,LOW_INDEPENDENT_DECISIONS;LOW_DISTINCT_SIGNAL_DATES;NON_POSITIVE_AFTER_COST_EXPECTANCY;PROFIT_FACTOR_NOT_ABOVE_ONE
f7541373bf9bd206940ff367,champion-challenger-v1.0.0,bcc7c81eab9eb14abdea,2026-07-30T07:31:10.505131+00:00,2026-07-29,2026-07-29 21:49:37,us,aggressive,mid,KO,KO,67.2,TAKE,REJECT,DATA_NOT_NORMAL;EV_NOT_POSITIVE;LOW_INDEPENDENT_DECISIONS;LOW_DISTINCT_SIGNAL_DATES;NON_POSITIVE_AFTER_COST_EXPECTANCY;PROFIT_FACTOR_NOT_ABOVE_ONE
f76c06a3dfa86f1c228f972e,champion-challenger-v1.0.0,bcc7c81eab9eb14abdea,2026-07-30T07:31:10.505131+00:00,2026-07-29,2026-07-29 21:49:37,us,conservative,swing,AVGO,AVGO,71.3,TAKE,REJECT,LOW_INDEPENDENT_DECISIONS;LOW_DISTINCT_SIGNAL_DATES;NON_POSITIVE_AFTER_COST_EXPECTANCY;PROFIT_FACTOR_NOT_ABOVE_ONE
